line_no,name,building_type,start_dynasty,start_year,century,province,dimension,term,term_confidence
11,安济桥,桥梁,隋,595,6世纪,河北省,建筑结构体系,拱券结构,0.95
11,安济桥,桥梁,隋,595,6世纪,河北省,建筑结构体系,敞肩拱,0.93
11,安济桥,桥梁,隋,595,6世纪,河北省,建筑结构体系,石拱桥,0.9
11,安济桥,桥梁,隋,595,6世纪,河北省,建筑材料,石材,0.96
11,安济桥,桥梁,隋,595,6世纪,河北省,建筑材料,石灰砂浆,0.85
11,安济桥,桥梁,隋,595,6世纪,河北省,建筑材料,铁榫,0.8
11,安济桥,桥梁,隋,595,6世纪,河北省,建筑功能,交通桥梁,0.97
11,安济桥,桥梁,隋,595,6世纪,河北省,建筑功能,泄洪通道,0.88
11,安济桥,桥梁,隋,595,6世纪,河北省,营造技艺,干砌法,0.92
11,安济桥,桥梁,隋,595,6世纪,河北省,营造技艺,拱券砌筑,0.94
11,安济桥,桥梁,隋,595,6世纪,河北省,营造技艺,铁件加固,0.87
11,安济桥,桥梁,隋,595,6世纪,河北省,建筑空间布局,单跨拱桥,0.91
11,安济桥,桥梁,隋,595,6世纪,河北省,建筑空间布局,对称布局,0.89
13,永通桥,桥梁,唐,765,8世纪,河北省,建筑结构体系,单孔敞肩弧形坦拱,0.95
13,永通桥,桥梁,唐,765,8世纪,河北省,建筑结构体系,并列券敞肩式,0.94
13,永通桥,桥梁,唐,765,8世纪,河北省,建筑结构体系,纵向并列砌筑,0.93
13,永通桥,桥梁,唐,765,8世纪,河北省,建筑材料,石桥,0.85
13,永通桥,桥梁,唐,765,8世纪,河北省,建筑材料,拱券石,0.84
13,永通桥,桥梁,唐,765,8世纪,河北省,建筑材料,浮雕石材,0.82
13,永通桥,桥梁,唐,765,8世纪,河北省,建筑功能,通济交通,0.9
13,永通桥,桥梁,唐,765,8世纪,河北省,建筑功能,车行便桥,0.89
13,永通桥,桥梁,唐,765,8世纪,河北省,营造技艺,纵向并列砌筑法,0.93
13,永通桥,桥梁,唐,765,8世纪,河北省,营造技艺,斗子蜀柱,0.91
13,永通桥,桥梁,唐,765,8世纪,河北省,营造技艺,荷叶墩,0.9
13,永通桥,桥梁,唐,765,8世纪,河北省,营造技艺,驼峰托斗,0.89
13,永通桥,桥梁,唐,765,8世纪,河北省,建筑空间布局,主副拱组合,0.92
13,永通桥,桥梁,唐,765,8世纪,河北省,建筑空间布局,四小拱伏设,0.91
13,永通桥,桥梁,唐,765,8世纪,河北省,建筑空间布局,桥面梯形平面,0.9
53,故宫,宫殿,明,1406,15世纪,北京市,建筑结构体系,九梁十八柱七十二条脊,0.92
53,故宫,宫殿,明,1406,15世纪,北京市,建筑结构体系,抬梁式,0.85
53,故宫,宫殿,明,1406,15世纪,北京市,建筑材料,汉白玉,0.75
53,故宫,宫殿,明,1406,15世纪,北京市,建筑材料,木材,0.7
53,故宫,宫殿,明,1406,15世纪,北京市,建筑功能,外朝,0.96
53,故宫,宫殿,明,1406,15世纪,北京市,建筑功能,内廷,0.96
53,故宫,宫殿,明,1406,15世纪,北京市,建筑功能,佛堂,0.9
53,故宫,宫殿,明,1406,15世纪,北京市,营造技艺,预制拼装,0.88
53,故宫,宫殿,明,1406,15世纪,北京市,营造技艺,官式营造,0.85
53,故宫,宫殿,明,1406,15世纪,北京市,建筑空间布局,中轴对称,0.97
53,故宫,宫殿,明,1406,15世纪,北京市,建筑空间布局,外朝内廷,0.97
53,故宫,宫殿,明,1406,15世纪,北京市,建筑空间布局,院落组合,0.95
65,沈阳故宫,宫殿,清,1625,17世纪,辽宁省,建筑结构体系,重檐八角亭式,0.95
65,沈阳故宫,宫殿,清,1625,17世纪,辽宁省,建筑结构体系,彻上明造,0.95
65,沈阳故宫,宫殿,清,1625,17世纪,辽宁省,建筑结构体系,单檐硬山顶,0.95
65,沈阳故宫,宫殿,清,1625,17世纪,辽宁省,建筑结构体系,须弥座台基,0.95
65,沈阳故宫,宫殿,清,1625,17世纪,辽宁省,建筑材料,绿剪边黄琉璃瓦,0.9
65,沈阳故宫,宫殿,清,1625,17世纪,辽宁省,建筑材料,大青石,0.9
65,沈阳故宫,宫殿,清,1625,17世纪,辽宁省,建筑材料,黑琉璃瓦,0.9
65,沈阳故宫,宫殿,清,1625,17世纪,辽宁省,建筑材料,宝瓶火焰珠攒尖顶,0.9
65,沈阳故宫,宫殿,清,1625,17世纪,辽宁省,建筑功能,理政殿,0.98
65,沈阳故宫,宫殿,清,1625,17世纪,辽宁省,建筑功能,登基大典场所,0.98
65,沈阳故宫,宫殿,清,1625,17世纪,辽宁省,建筑功能,藏书阁,0.98
65,沈阳故宫,宫殿,清,1625,17世纪,辽宁省,营造技艺,修缮开放展示,0.3
65,沈阳故宫,宫殿,清,1625,17世纪,辽宁省,建筑空间布局,东路-中路-西路三段式,0.96
65,沈阳故宫,宫殿,清,1625,17世纪,辽宁省,建筑空间布局,宫高殿低,0.96
65,沈阳故宫,宫殿,清,1625,17世纪,辽宁省,建筑空间布局,八旗帐殿布局,0.96
66,国子监,官府,隋,581,6世纪,北京市,建筑结构体系,合院式布局,0.87
66,国子监,官府,隋,581,6世纪,北京市,建筑结构体系,中轴对称,0.85
66,国子监,官府,隋,581,6世纪,北京市,建筑材料,青砖灰瓦,0.86
66,国子监,官府,隋,581,6世纪,北京市,建筑材料,木构架,0.84
66,国子监,官府,隋,581,6世纪,北京市,建筑功能,中央官学,0.95
66,国子监,官府,隋,581,6世纪,北京市,建筑功能,科举考核,0.93
66,国子监,官府,隋,581,6世纪,北京市,建筑功能,士子教育,0.92
66,国子监,官府,隋,581,6世纪,北京市,建筑功能,德行规管,0.9
66,国子监,官府,隋,581,6世纪,北京市,建筑功能,留学生接待,0.88
66,国子监,官府,隋,581,6世纪,北京市,营造技艺,抬梁式构架,0.83
66,国子监,官府,隋,581,6世纪,北京市,营造技艺,官式彩画,0.81
66,国子监,官府,隋,581,6世纪,北京市,建筑空间布局,成贤街,0.85
66,国子监,官府,隋,581,6世纪,北京市,建筑空间布局,四牌楼,0.84
66,国子监,官府,隋,581,6世纪,北京市,建筑空间布局,国子监街,0.83
66,国子监,官府,隋,581,6世纪,北京市,建筑空间布局,牌坊布局,0.82
73,杜甫草堂,民居,唐,760,8世纪,四川省,建筑结构体系,中轴对称,0.92
73,杜甫草堂,民居,唐,760,8世纪,四川省,建筑结构体系,回廊结构,0.9
73,杜甫草堂,民居,唐,760,8世纪,四川省,建筑材料,茅草,0.7
73,杜甫草堂,民居,唐,760,8世纪,四川省,建筑材料,木材,0.65
73,杜甫草堂,民居,唐,760,8世纪,四川省,建筑功能,展览馆,0.95
73,杜甫草堂,民居,唐,760,8世纪,四川省,建筑功能,纪念祠,0.93
73,杜甫草堂,民居,唐,760,8世纪,四川省,建筑功能,书斋,0.9
73,杜甫草堂,民居,唐,760,8世纪,四川省,营造技艺,茅屋营造,0.85
73,杜甫草堂,民居,唐,760,8世纪,四川省,营造技艺,传统木构,0.8
73,杜甫草堂,民居,唐,760,8世纪,四川省,建筑空间布局,中轴线布局,0.9
73,杜甫草堂,民居,唐,760,8世纪,四川省,建筑空间布局,对称回廊,0.88
73,杜甫草堂,民居,唐,760,8世纪,四川省,建筑空间布局,围院结构,0.85
76,避暑山庄,宫殿,清,1703,18世纪,河北省,建筑结构体系,汉藏结合式,0.95
76,避暑山庄,宫殿,清,1703,18世纪,河北省,建筑结构体系,藏式寺庙,0.94
76,避暑山庄,宫殿,清,1703,18世纪,河北省,建筑结构体系,汉式寺庙,0.93
76,避暑山庄,宫殿,清,1703,18世纪,河北省,建筑材料,楠木,0.9
76,避暑山庄,宫殿,清,1703,18世纪,河北省,建筑材料,金漆木雕,0.89
76,避暑山庄,宫殿,清,1703,18世纪,河北省,建筑材料,铜,0.87
76,避暑山庄,宫殿,清,1703,18世纪,河北省,建筑功能,行宫,0.98
76,避暑山庄,宫殿,清,1703,18世纪,河北省,建筑功能,听政殿,0.97
76,避暑山庄,宫殿,清,1703,18世纪,河北省,建筑功能,接见外使,0.96
76,避暑山庄,宫殿,清,1703,18世纪,河北省,建筑功能,皇家园林,0.95
76,避暑山庄,宫殿,清,1703,18世纪,河北省,营造技艺,取法自然,0.92
76,避暑山庄,宫殿,清,1703,18世纪,河北省,营造技艺,融合南北造园艺术,0.91
76,避暑山庄,宫殿,清,1703,18世纪,河北省,营造技艺,仿天一阁,0.9
76,避暑山庄,宫殿,清,1703,18世纪,河北省,建筑空间布局,宫殿区与苑景区,0.96
76,避暑山庄,宫殿,清,1703,18世纪,河北省,建筑空间布局,湖泊区,0.95
76,避暑山庄,宫殿,清,1703,18世纪,河北省,建筑空间布局,平原区,0.94
76,避暑山庄,宫殿,清,1703,18世纪,河北省,建筑空间布局,山峦区,0.93
91,皇史宬,官府,明,1534,16世纪,北京市,建筑结构体系,拱券式无梁结构,0.98
91,皇史宬,官府,明,1534,16世纪,北京市,建筑结构体系,砖木仿石结构,0.97
91,皇史宬,官府,明,1534,16世纪,北京市,建筑结构体系,庑殿顶,0.96
91,皇史宬,官府,明,1534,16世纪,北京市,建筑材料,磨砖,0.97
91,皇史宬,官府,明,1534,16世纪,北京市,建筑材料,汉白玉,0.97
91,皇史宬,官府,明,1534,16世纪,北京市,建筑材料,黄琉璃筒瓦,0.95
91,皇史宬,官府,明,1534,16世纪,北京市,建筑材料,樟木,0.94
91,皇史宬,官府,明,1534,16世纪,北京市,建筑功能,皇家档案馆,0.99
91,皇史宬,官府,明,1534,16世纪,北京市,建筑功能,石室金匮,0.98
91,皇史宬,官府,明,1534,16世纪,北京市,营造技艺,拱券砌筑,0.95
91,皇史宬,官府,明,1534,16世纪,北京市,营造技艺,防潮构造,0.94
91,皇史宬,官府,明,1534,16世纪,北京市,营造技艺,防火设计,0.93
91,皇史宬,官府,明,1534,16世纪,北京市,建筑空间布局,围院结构,0.96
91,皇史宬,官府,明,1534,16世纪,北京市,建筑空间布局,中轴对称布局,0.95
91,皇史宬,官府,明,1534,16世纪,北京市,建筑空间布局,配殿对置,0.94
94,古观象台,官府,明,1442,15世纪,北京市,建筑结构体系,城堡式高台,0.95
94,古观象台,官府,明,1442,15世纪,北京市,建筑结构体系,展厅结构,0.85
94,古观象台,官府,明,1442,15世纪,北京市,建筑材料,灰砖,0.85
94,古观象台,官府,明,1442,15世纪,北京市,建筑功能,国家天文台,0.98
94,古观象台,官府,明,1442,15世纪,北京市,建筑功能,钦天监外署,0.96
94,古观象台,官府,明,1442,15世纪,北京市,建筑功能,博物馆,0.94
94,古观象台,官府,明,1442,15世纪,北京市,营造技艺,大规模维修,0.55
94,古观象台,官府,明,1442,15世纪,北京市,营造技艺,内部掏空改建,0.53
94,古观象台,官府,明,1442,15世纪,北京市,建筑空间布局,四合院,0.96
94,古观象台,官府,明,1442,15世纪,北京市,建筑空间布局,观象台与四合院组合,0.94
94,古观象台,官府,明,1442,15世纪,北京市,建筑空间布局,围院结构,0.92
99,蓬莱水城及蓬莱阁,官府,宋,1061,11世纪,山东省,建筑结构体系,水门,0.95
99,蓬莱水城及蓬莱阁,官府,宋,1061,11世纪,山东省,建筑结构体系,防波堤,0.95
99,蓬莱水城及蓬莱阁,官府,宋,1061,11世纪,山东省,建筑结构体系,城墙,0.95
99,蓬莱水城及蓬莱阁,官府,宋,1061,11世纪,山东省,建筑结构体系,敌台,0.95
99,蓬莱水城及蓬莱阁,官府,宋,1061,11世纪,山东省,建筑结构体系,炮台,0.95
99,蓬莱水城及蓬莱阁,官府,宋,1061,11世纪,山东省,建筑材料,土城,0.9
99,蓬莱水城及蓬莱阁,官府,宋,1061,11世纪,山东省,建筑材料,包砖,0.9
99,蓬莱水城及蓬莱阁,官府,宋,1061,11世纪,山东省,建筑功能,海防要塞,0.98
99,蓬莱水城及蓬莱阁,官府,宋,1061,11世纪,山东省,建筑功能,水军基地,0.98
99,蓬莱水城及蓬莱阁,官府,宋,1061,11世纪,山东省,建筑功能,操练水师,0.98
99,蓬莱水城及蓬莱阁,官府,宋,1061,11世纪,山东省,建筑功能,停泊船舰,0.98
99,蓬莱水城及蓬莱阁,官府,宋,1061,11世纪,山东省,营造技艺,土城夯筑,0.92
99,蓬莱水城及蓬莱阁,官府,宋,1061,11世纪,山东省,营造技艺,外包砖砌,0.92
99,蓬莱水城及蓬莱阁,官府,宋,1061,11世纪,山东省,营造技艺,依山就势,0.9
99,蓬莱水城及蓬莱阁,官府,宋,1061,11世纪,山东省,建筑空间布局,不规则长方形,0.93
99,蓬莱水城及蓬莱阁,官府,宋,1061,11世纪,山东省,建筑空间布局,山麓依附,0.93
99,蓬莱水城及蓬莱阁,官府,宋,1061,11世纪,山东省,建筑空间布局,南宽北窄,0.93
99,蓬莱水城及蓬莱阁,官府,宋,1061,11世纪,山东省,建筑空间布局,山城一体,0.93
102,恭王府及花园,官府,清,1777,18世纪,北京市,建筑结构体系,四合院,0.95
102,恭王府及花园,官府,清,1777,18世纪,北京市,建筑结构体系,后罩楼,0.93
102,恭王府及花园,官府,清,1777,18世纪,北京市,建筑结构体系,多进院落,0.92
102,恭王府及花园,官府,清,1777,18世纪,北京市,建筑结构体系,三路并列,0.9
102,恭王府及花园,官府,清,1777,18世纪,北京市,建筑材料,青砖灰瓦,0.85
102,恭王府及花园,官府,清,1777,18世纪,北京市,建筑材料,木构架,0.83
102,恭王府及花园,官府,清,1777,18世纪,北京市,建筑材料,琉璃构件,0.78
102,恭王府及花园,官府,清,1777,18世纪,北京市,建筑功能,祭祀空间,0.9
102,恭王府及花园,官府,清,1777,18世纪,北京市,建筑功能,戏楼演出,0.88
102,恭王府及花园,官府,清,1777,18世纪,北京市,建筑功能,厅堂会客,0.85
102,恭王府及花园,官府,清,1777,18世纪,北京市,营造技艺,抬梁式构架,0.82
102,恭王府及花园,官府,清,1777,18世纪,北京市,营造技艺,榫卯结构,0.8
102,恭王府及花园,官府,清,1777,18世纪,北京市,营造技艺,彩画装饰,0.79
102,恭王府及花园,官府,清,1777,18世纪,北京市,建筑空间布局,中轴对称,0.98
102,恭王府及花园,官府,清,1777,18世纪,北京市,建筑空间布局,三路分区,0.97
102,恭王府及花园,官府,清,1777,18世纪,北京市,建筑空间布局,前府后园,0.96
102,恭王府及花园,官府,清,1777,18世纪,北京市,建筑空间布局,院落串联,0.95
103,网师园,民居,宋,1174,12世纪,江苏省,建筑结构体系,宅园合一,0.95
103,网师园,民居,宋,1174,12世纪,江苏省,建筑结构体系,中轴对称,0.92
103,网师园,民居,宋,1174,12世纪,江苏省,建筑结构体系,四进院落,0.9
103,网师园,民居,宋,1174,12世纪,江苏省,建筑材料,石材,0.6
103,网师园,民居,宋,1174,12世纪,江苏省,建筑材料,木材,0.58
103,网师园,民居,宋,1174,12世纪,江苏省,建筑材料,砖瓦,0.55
103,网师园,民居,宋,1174,12世纪,江苏省,建筑功能,宴乐空间,0.9
103,网师园,民居,宋,1174,12世纪,江苏省,建筑功能,书房,0.88
103,网师园,民居,宋,1174,12世纪,江苏省,建筑功能,夜花园,0.85
103,网师园,民居,宋,1174,12世纪,江苏省,营造技艺,叠石,0.85
103,网师园,民居,宋,1174,12世纪,江苏省,营造技艺,临水布局,0.83
103,网师园,民居,宋,1174,12世纪,江苏省,营造技艺,亭宇增建,0.8
103,网师园,民居,宋,1174,12世纪,江苏省,建筑空间布局,中轴主园,0.95
103,网师园,民居,宋,1174,12世纪,江苏省,建筑空间布局,内园紧凑,0.93
103,网师园,民居,宋,1174,12世纪,江苏省,建筑空间布局,池水为中心,0.9
103,网师园,民居,宋,1174,12世纪,江苏省,建筑空间布局,东宅西园,0.88
116,正阳门,官府,明,1419,15世纪,北京市,建筑结构体系,木结构,0.98
116,正阳门,官府,明,1419,15世纪,北京市,建筑结构体系,重檐歇山顶,0.97
116,正阳门,官府,明,1419,15世纪,北京市,建筑结构体系,砖砌城台,0.96
116,正阳门,官府,明,1419,15世纪,北京市,建筑结构体系,菱花格扇门窗,0.94
116,正阳门,官府,明,1419,15世纪,北京市,建筑材料,木材,0.95
116,正阳门,官府,明,1419,15世纪,北京市,建筑材料,朱红砖,0.94
116,正阳门,官府,明,1419,15世纪,北京市,建筑材料,灰筒瓦,0.95
116,正阳门,官府,明,1419,15世纪,北京市,建筑材料,绿琉璃剪边,0.93
116,正阳门,官府,明,1419,15世纪,北京市,建筑功能,御用门道,0.96
116,正阳门,官府,明,1419,15世纪,北京市,建筑功能,箭窗防御,0.95
116,正阳门,官府,明,1419,15世纪,北京市,建筑功能,国货陈列所,0.92
116,正阳门,官府,明,1419,15世纪,北京市,建筑功能,礼制通道,0.93
116,正阳门,官府,明,1419,15世纪,北京市,营造技艺,形制放大重建,0.92
116,正阳门,官府,明,1419,15世纪,北京市,营造技艺,西洋纹饰融合,0.91
116,正阳门,官府,明,1419,15世纪,北京市,营造技艺,汉白玉栏杆加设,0.9
116,正阳门,官府,明,1419,15世纪,北京市,营造技艺,半弧形遮阳华盖,0.89
116,正阳门,官府,明,1419,15世纪,北京市,建筑空间布局,瓮城布局,0.97
116,正阳门,官府,明,1419,15世纪,北京市,建筑空间布局,城楼-箭楼对置,0.96
116,正阳门,官府,明,1419,15世纪,北京市,建筑空间布局,月墙侧门,0.95
116,正阳门,官府,明,1419,15世纪,北京市,建筑空间布局,庙宇对称配置,0.94
117,清远楼,官府,明,1482,15世纪,河北省,建筑结构体系,高台楼阁式,0.95
117,清远楼,官府,明,1482,15世纪,河北省,建筑结构体系,重檐歇山顶,0.94
117,清远楼,官府,明,1482,15世纪,河北省,建筑结构体系,回廊结构,0.92
117,清远楼,官府,明,1482,15世纪,河北省,建筑结构体系,抱厦,0.91
117,清远楼,官府,明,1482,15世纪,河北省,建筑材料,青砖,0.93
117,清远楼,官府,明,1482,15世纪,河北省,建筑材料,条石,0.92
117,清远楼,官府,明,1482,15世纪,河北省,建筑材料,琉璃瓦,0.93
117,清远楼,官府,明,1482,15世纪,河北省,建筑材料,布瓦,0.91
117,清远楼,官府,明,1482,15世纪,河北省,建筑功能,钟楼,0.96
117,清远楼,官府,明,1482,15世纪,河北省,建筑功能,报时建筑,0.94
117,清远楼,官府,明,1482,15世纪,河北省,建筑功能,镇城设施,0.92
117,清远楼,官府,明,1482,15世纪,河北省,营造技艺,三踩单翘斗拱,0.91
117,清远楼,官府,明,1482,15世纪,河北省,营造技艺,九踩斗拱,0.91
117,清远楼,官府,明,1482,15世纪,河北省,营造技艺,通天柱,0.9
117,清远楼,官府,明,1482,15世纪,河北省,营造技艺,六椽结构,0.89
117,清远楼,官府,明,1482,15世纪,河北省,建筑空间布局,十字门洞,0.94
117,清远楼,官府,明,1482,15世纪,河北省,建筑空间布局,四门通衢,0.93
117,清远楼,官府,明,1482,15世纪,河北省,建筑空间布局,中心偏东布局,0.92
118,光岳楼,官府,明,1374,14世纪,山东省,建筑结构体系,四重檐十字脊,0.95
118,光岳楼,官府,明,1374,14世纪,山东省,建筑结构体系,全木结构,0.95
118,光岳楼,官府,明,1374,14世纪,山东省,建筑结构体系,楼阁式,0.93
118,光岳楼,官府,明,1374,14世纪,山东省,建筑结构体系,金柱支撑,0.9
118,光岳楼,官府,明,1374,14世纪,山东省,建筑结构体系,斗拱结构,0.9
118,光岳楼,官府,明,1374,14世纪,山东省,建筑材料,木材,0.92
118,光岳楼,官府,明,1374,14世纪,山东省,建筑材料,基条石,0.88
118,光岳楼,官府,明,1374,14世纪,山东省,建筑材料,余木,0.85
118,光岳楼,官府,明,1374,14世纪,山东省,建筑功能,瞭望,0.95
118,光岳楼,官府,明,1374,14世纪,山东省,建筑功能,御敌,0.95
118,光岳楼,官府,明,1374,14世纪,山东省,建筑功能,军事指挥,0.9
118,光岳楼,官府,明,1374,14世纪,山东省,营造技艺,浅性基础,0.85
118,光岳楼,官府,明,1374,14世纪,山东省,营造技艺,斗拱营造,0.84
118,光岳楼,官府,明,1374,14世纪,山东省,营造技艺,原物保留修缮,0.83
118,光岳楼,官府,明,1374,14世纪,山东省,建筑空间布局,中心对称布局,0.95
118,光岳楼,官府,明,1374,14世纪,山东省,建筑空间布局,面阔进深递减,0.93
118,光岳楼,官府,明,1374,14世纪,山东省,建筑空间布局,拱门四向设制,0.92
118,光岳楼,官府,明,1374,14世纪,山东省,建筑空间布局,单入口通达,0.9
119,岳阳楼,官府,东汉,215,3世纪,湖南省,建筑结构体系,纯木结构,0.98
119,岳阳楼,官府,东汉,215,3世纪,湖南省,建筑结构体系,盔顶,0.97
119,岳阳楼,官府,东汉,215,3世纪,湖南省,建筑结构体系,四柱,0.96
119,岳阳楼,官府,东汉,215,3世纪,湖南省,建筑结构体系,飞檐,0.95
119,岳阳楼,官府,东汉,215,3世纪,湖南省,建筑结构体系,如意斗拱,0.94
119,岳阳楼,官府,东汉,215,3世纪,湖南省,建筑材料,楠木,0.95
119,岳阳楼,官府,东汉,215,3世纪,湖南省,建筑材料,玻璃筒瓦,0.93
119,岳阳楼,官府,东汉,215,3世纪,湖南省,建筑材料,桐油石灰,0.92
119,岳阳楼,官府,东汉,215,3世纪,湖南省,建筑材料,糯米粉调细瓷灰,0.91
119,岳阳楼,官府,东汉,215,3世纪,湖南省,建筑功能,阅军楼,0.93
119,岳阳楼,官府,东汉,215,3世纪,湖南省,建筑功能,宴席之地,0.92
119,岳阳楼,官府,东汉,215,3世纪,湖南省,建筑功能,观览风景,0.91
119,岳阳楼,官府,东汉,215,3世纪,湖南省,建筑功能,凭吊场所,0.9
119,岳阳楼,官府,东汉,215,3世纪,湖南省,营造技艺,榫合结构,0.96
119,岳阳楼,官府,东汉,215,3世纪,湖南省,营造技艺,无钉构造,0.95
119,岳阳楼,官府,东汉,215,3世纪,湖南省,营造技艺,桐油石灰粘结,0.94
119,岳阳楼,官府,东汉,215,3世纪,湖南省,营造技艺,糯米灰浆砌筑,0.93
119,岳阳楼,官府,东汉,215,3世纪,湖南省,建筑空间布局,三层楼阁,0.91
119,岳阳楼,官府,东汉,215,3世纪,湖南省,建筑空间布局,后移布局,0.9
119,岳阳楼,官府,东汉,215,3世纪,湖南省,建筑空间布局,贴金雕花门窗,0.89
120,观音桥,桥梁,宋,1014,11世纪,江西省,建筑结构体系,石拱桥,0.95
120,观音桥,桥梁,宋,1014,11世纪,江西省,建筑材料,石材,0.55
120,观音桥,桥梁,宋,1014,11世纪,江西省,建筑功能,交通桥梁,0.85
120,观音桥,桥梁,宋,1014,11世纪,江西省,建筑功能,文物保护单位,0.8
120,观音桥,桥梁,宋,1014,11世纪,江西省,营造技艺,干砌石工,0.75
120,观音桥,桥梁,宋,1014,11世纪,江西省,营造技艺,券拱技术,0.8
120,观音桥,桥梁,宋,1014,11世纪,江西省,建筑空间布局,单孔拱券,0.85
120,观音桥,桥梁,宋,1014,11世纪,江西省,建筑空间布局,跨涧而建,0.7
122,广济桥,桥梁,宋,1171,12世纪,广东省,建筑结构体系,浮梁结合结构,0.95
122,广济桥,桥梁,宋,1171,12世纪,广东省,建筑结构体系,梁桥,0.93
122,广济桥,桥梁,宋,1171,12世纪,广东省,建筑结构体系,浮桥,0.93
122,广济桥,桥梁,宋,1171,12世纪,广东省,建筑结构体系,拱桥,0.92
122,广济桥,桥梁,宋,1171,12世纪,广东省,建筑结构体系,十八梭船廿四洲,0.9
122,广济桥,桥梁,宋,1171,12世纪,广东省,建筑材料,石材,0.85
122,广济桥,桥梁,宋,1171,12世纪,广东省,建筑材料,木材,0.8
122,广济桥,桥梁,宋,1171,12世纪,广东省,建筑材料,铁件,0.75
122,广济桥,桥梁,宋,1171,12世纪,广东省,建筑功能,交通要津,0.9
122,广济桥,桥梁,宋,1171,12世纪,广东省,建筑功能,旅游观光步行桥,0.88
122,广济桥,桥梁,宋,1171,12世纪,广东省,营造技艺,启闭式桥梁,0.85
122,广济桥,桥梁,宋,1171,12世纪,广东省,营造技艺,梁桥与浮桥并存,0.83
122,广济桥,桥梁,宋,1171,12世纪,广东省,建筑空间布局,横跨韩江,0.9
122,广济桥,桥梁,宋,1171,12世纪,广东省,建筑空间布局,联结东西两岸,0.88
122,广济桥,桥梁,宋,1171,12世纪,广东省,建筑空间布局,十八梭船廿四洲,0.9
123,古纤道,桥梁,唐,815,9世纪,浙江省,建筑结构体系,石墩梁桥,0.95
123,古纤道,桥梁,唐,815,9世纪,浙江省,建筑结构体系,拱桥,0.94
123,古纤道,桥梁,唐,815,9世纪,浙江省,建筑结构体系,实体纤道,0.93
123,古纤道,桥梁,唐,815,9世纪,浙江省,建筑结构体系,双面临水纤道,0.92
123,古纤道,桥梁,唐,815,9世纪,浙江省,建筑结构体系,单面靠岸纤道,0.91
123,古纤道,桥梁,唐,815,9世纪,浙江省,建筑材料,条石,0.93
123,古纤道,桥梁,唐,815,9世纪,浙江省,建筑材料,石板,0.92
123,古纤道,桥梁,唐,815,9世纪,浙江省,建筑材料,石砌,0.91
123,古纤道,桥梁,唐,815,9世纪,浙江省,建筑材料,石甃,0.9
123,古纤道,桥梁,唐,815,9世纪,浙江省,建筑功能,行舟背纤通道,0.96
123,古纤道,桥梁,唐,815,9世纪,浙江省,建筑功能,运河附属设施,0.94
123,古纤道,桥梁,唐,815,9世纪,浙江省,建筑功能,纤道,0.93
123,古纤道,桥梁,唐,815,9世纪,浙江省,营造技艺,石砌工艺,0.9
123,古纤道,桥梁,唐,815,9世纪,浙江省,营造技艺,石甃修葺,0.89
123,古纤道,桥梁,唐,815,9世纪,浙江省,营造技艺,大规模修整,0.88
123,古纤道,桥梁,唐,815,9世纪,浙江省,建筑空间布局,水中长堤,0.92
123,古纤道,桥梁,唐,815,9世纪,浙江省,建筑空间布局,两面环水,0.91
123,古纤道,桥梁,唐,815,9世纪,浙江省,建筑空间布局,笔直无曲,0.9
123,古纤道,桥梁,唐,815,9世纪,浙江省,建筑空间布局,线性延展,0.89
124,直隶总督署,官府,清,1730,18世纪,河北省,建筑结构体系,抬梁式,0.85
124,直隶总督署,官府,清,1730,18世纪,河北省,建筑结构体系,穿斗式,0.65
124,直隶总督署,官府,清,1730,18世纪,河北省,建筑材料,木材,0.9
124,直隶总督署,官府,清,1730,18世纪,河北省,建筑材料,砖石,0.85
124,直隶总督署,官府,清,1730,18世纪,河北省,建筑材料,琉璃瓦,0.8
124,直隶总督署,官府,清,1730,18世纪,河北省,建筑功能,官署,0.95
124,直隶总督署,官府,清,1730,18世纪,河北省,建筑功能,行政办公,0.9
124,直隶总督署,官府,清,1730,18世纪,河北省,营造技艺,榫卯结构,0.85
124,直隶总督署,官府,清,1730,18世纪,河北省,营造技艺,糯米灰浆,0.75
124,直隶总督署,官府,清,1730,18世纪,河北省,建筑空间布局,中轴对称,0.9
124,直隶总督署,官府,清,1730,18世纪,河北省,建筑空间布局,围院结构,0.85
125,卓克基土司官寨,官府,元,1286,13世纪,四川省,建筑结构体系,石木结构,0.95
125,卓克基土司官寨,官府,元,1286,13世纪,四川省,建筑结构体系,收分墙体,0.94
125,卓克基土司官寨,官府,元,1286,13世纪,四川省,建筑结构体系,通高柱,0.93
125,卓克基土司官寨,官府,元,1286,13世纪,四川省,建筑结构体系,横梁穿插,0.92
125,卓克基土司官寨,官府,元,1286,13世纪,四川省,建筑材料,青石,0.97
125,卓克基土司官寨,官府,元,1286,13世纪,四川省,建筑材料,黄泥,0.96
125,卓克基土司官寨,官府,元,1286,13世纪,四川省,建筑材料,木材,0.95
125,卓克基土司官寨,官府,元,1286,13世纪,四川省,建筑材料,片石,0.94
125,卓克基土司官寨,官府,元,1286,13世纪,四川省,建筑功能,政教中心,0.96
125,卓克基土司官寨,官府,元,1286,13世纪,四川省,建筑功能,居住空间,0.95
125,卓克基土司官寨,官府,元,1286,13世纪,四川省,建筑功能,防御碉楼,0.94
125,卓克基土司官寨,官府,元,1286,13世纪,四川省,建筑功能,经堂空间,0.93
125,卓克基土司官寨,官府,元,1286,13世纪,四川省,营造技艺,暗榫连接,0.93
125,卓克基土司官寨,官府,元,1286,13世纪,四川省,营造技艺,子母榫,0.92
125,卓克基土司官寨,官府,元,1286,13世纪,四川省,营造技艺,树枝泥土层,0.91
125,卓克基土司官寨,官府,元,1286,13世纪,四川省,营造技艺,望板铺筑,0.9
125,卓克基土司官寨,官府,元,1286,13世纪,四川省,建筑空间布局,四合院式,0.98
125,卓克基土司官寨,官府,元,1286,13世纪,四川省,建筑空间布局,中轴对称,0.97
125,卓克基土司官寨,官府,元,1286,13世纪,四川省,建筑空间布局,天井回廊,0.96
125,卓克基土司官寨,官府,元,1286,13世纪,四川省,建筑空间布局,四方碉楼,0.95
126,大屯土司庄园,官府,清,1821,19世纪,贵州省,建筑结构体系,砖木结构,0.95
126,大屯土司庄园,官府,清,1821,19世纪,贵州省,建筑材料,砖,0.9
126,大屯土司庄园,官府,清,1821,19世纪,贵州省,建筑材料,木材,0.9
126,大屯土司庄园,官府,清,1821,19世纪,贵州省,建筑功能,大堂,0.95
126,大屯土司庄园,官府,清,1821,19世纪,贵州省,建筑功能,正堂,0.95
126,大屯土司庄园,官府,清,1821,19世纪,贵州省,建筑功能,祠堂,0.95
126,大屯土司庄园,官府,清,1821,19世纪,贵州省,建筑功能,绣楼,0.95
126,大屯土司庄园,官府,清,1821,19世纪,贵州省,建筑功能,仓房,0.95
126,大屯土司庄园,官府,清,1821,19世纪,贵州省,营造技艺,依山而建,0.9
126,大屯土司庄园,官府,清,1821,19世纪,贵州省,营造技艺,三路分合,0.85
126,大屯土司庄园,官府,清,1821,19世纪,贵州省,营造技艺,院落联通,0.85
126,大屯土司庄园,官府,清,1821,19世纪,贵州省,建筑空间布局,三路布局,0.95
126,大屯土司庄园,官府,清,1821,19世纪,贵州省,建筑空间布局,中轴对称,0.9
126,大屯土司庄园,官府,清,1821,19世纪,贵州省,建筑空间布局,院落联通,0.9
139,泰宁尚书第,官府,明,1621,17世纪,福建省,建筑结构体系,木构架,0.92
139,泰宁尚书第,官府,明,1621,17世纪,福建省,建筑结构体系,抬梁式,0.89
139,泰宁尚书第,官府,明,1621,17世纪,福建省,建筑材料,青砖,0.93
139,泰宁尚书第,官府,明,1621,17世纪,福建省,建筑材料,木材,0.95
139,泰宁尚书第,官府,明,1621,17世纪,福建省,建筑材料,石材,0.88
139,泰宁尚书第,官府,明,1621,17世纪,福建省,建筑功能,府第,0.95
139,泰宁尚书第,官府,明,1621,17世纪,福建省,建筑功能,尚书府邸,0.93
139,泰宁尚书第,官府,明,1621,17世纪,福建省,营造技艺,榫卯结构,0.91
139,泰宁尚书第,官府,明,1621,17世纪,福建省,营造技艺,雕花装饰,0.87
139,泰宁尚书第,官府,明,1621,17世纪,福建省,建筑空间布局,五福堂,0.98
139,泰宁尚书第,官府,明,1621,17世纪,福建省,建筑空间布局,三进院落,0.97
139,泰宁尚书第,官府,明,1621,17世纪,福建省,建筑空间布局,坐西朝东,0.96
139,泰宁尚书第,官府,明,1621,17世纪,福建省,建筑空间布局,多院并联,0.94
140,丁村民宅,民居,明,1593,16世纪,山西省,建筑结构体系,四合院,0.95
140,丁村民宅,民居,明,1593,16世纪,山西省,建筑结构体系,单体四合院,0.93
140,丁村民宅,民居,明,1593,16世纪,山西省,建筑结构体系,二进四合院,0.92
140,丁村民宅,民居,明,1593,16世纪,山西省,建筑材料,木材,0.65
140,丁村民宅,民居,明,1593,16世纪,山西省,建筑材料,砖石,0.6
140,丁村民宅,民居,明,1593,16世纪,山西省,建筑功能,正厅,0.85
140,丁村民宅,民居,明,1593,16世纪,山西省,建筑功能,厢房,0.84
140,丁村民宅,民居,明,1593,16世纪,山西省,建筑功能,绣楼,0.83
140,丁村民宅,民居,明,1593,16世纪,山西省,建筑功能,观景楼,0.82
140,丁村民宅,民居,明,1593,16世纪,山西省,建筑功能,民俗博物馆,0.8
140,丁村民宅,民居,明,1593,16世纪,山西省,营造技艺,抬梁式构架,0.75
140,丁村民宅,民居,明,1593,16世纪,山西省,营造技艺,木雕装饰,0.72
140,丁村民宅,民居,明,1593,16世纪,山西省,营造技艺,砖雕工艺,0.7
140,丁村民宅,民居,明,1593,16世纪,山西省,建筑空间布局,四合院格局,0.9
140,丁村民宅,民居,明,1593,16世纪,山西省,建筑空间布局,北中南三组群,0.88
140,丁村民宅,民居,明,1593,16世纪,山西省,建筑空间布局,疏密均匀,0.85
140,丁村民宅,民居,明,1593,16世纪,山西省,建筑空间布局,错落有致,0.84
141,潜口民宅,民居,明,1368,14世纪,安徽省,建筑结构体系,抬梁式,0.75
141,潜口民宅,民居,明,1368,14世纪,安徽省,建筑结构体系,穿斗式,0.7
141,潜口民宅,民居,明,1368,14世纪,安徽省,建筑材料,砖石,0.55
141,潜口民宅,民居,明,1368,14世纪,安徽省,建筑材料,木材,0.5
141,潜口民宅,民居,明,1368,14世纪,安徽省,建筑功能,民宅,0.95
141,潜口民宅,民居,明,1368,14世纪,安徽省,建筑功能,祠堂,0.95
141,潜口民宅,民居,明,1368,14世纪,安徽省,建筑功能,路亭,0.9
141,潜口民宅,民居,明,1368,14世纪,安徽省,建筑功能,石牌坊,0.85
141,潜口民宅,民居,明,1368,14世纪,安徽省,营造技艺,原貌复建,0.85
141,潜口民宅,民居,明,1368,14世纪,安徽省,营造技艺,拆迁重建,0.8
141,潜口民宅,民居,明,1368,14世纪,安徽省,建筑空间布局,传统村落布局,0.9
141,潜口民宅,民居,明,1368,14世纪,安徽省,建筑空间布局,顺地势布局,0.85
141,潜口民宅,民居,明,1368,14世纪,安徽省,建筑空间布局,单体建筑式样,0.8
142,东阳卢宅,民居,宋,1421,15世纪,浙江省,建筑结构体系,抬梁式木构架,0.85
142,东阳卢宅,民居,宋,1421,15世纪,浙江省,建筑结构体系,穿斗式木构架,0.75
142,东阳卢宅,民居,宋,1421,15世纪,浙江省,建筑材料,木材,0.55
142,东阳卢宅,民居,宋,1421,15世纪,浙江省,建筑材料,木雕,0.55
142,东阳卢宅,民居,宋,1421,15世纪,浙江省,建筑功能,家族聚居,0.75
142,东阳卢宅,民居,宋,1421,15世纪,浙江省,建筑功能,宗祠功能,0.75
142,东阳卢宅,民居,宋,1421,15世纪,浙江省,营造技艺,木雕工艺,0.85
142,东阳卢宅,民居,宋,1421,15世纪,浙江省,营造技艺,九进厅堂营造,0.85
142,东阳卢宅,民居,宋,1421,15世纪,浙江省,建筑空间布局,轴线对称,0.95
142,东阳卢宅,民居,宋,1421,15世纪,浙江省,建筑空间布局,多进院落,0.95
142,东阳卢宅,民居,宋,1421,15世纪,浙江省,建筑空间布局,宗支建筑群,0.95
142,东阳卢宅,民居,宋,1421,15世纪,浙江省,建筑空间布局,纵深布局,0.95
143,祥集弄民宅,民居,明,1465,15世纪,江西省,建筑结构体系,穿斗式,0.95
143,祥集弄民宅,民居,明,1465,15世纪,江西省,建筑结构体系,抬梁式,0.95
143,祥集弄民宅,民居,明,1465,15世纪,江西省,建筑结构体系,木构架,0.95
143,祥集弄民宅,民居,明,1465,15世纪,江西省,建筑结构体系,五架穿斗式,0.95
143,祥集弄民宅,民居,明,1465,15世纪,江西省,建筑结构体系,穿斗抬梁混合式,0.95
143,祥集弄民宅,民居,明,1465,15世纪,江西省,建筑材料,木材,0.75
143,祥集弄民宅,民居,明,1465,15世纪,江西省,建筑材料,石雕,0.75
143,祥集弄民宅,民居,明,1465,15世纪,江西省,建筑功能,江南城镇民宅,0.85
143,祥集弄民宅,民居,明,1465,15世纪,江西省,建筑功能,民居建筑,0.85
143,祥集弄民宅,民居,明,1465,15世纪,江西省,营造技艺,石雕装饰,0.8
143,祥集弄民宅,民居,明,1465,15世纪,江西省,营造技艺,构件纹饰,0.8
143,祥集弄民宅,民居,明,1465,15世纪,江西省,建筑空间布局,天井,0.9
143,祥集弄民宅,民居,明,1465,15世纪,江西省,建筑空间布局,四正两厢,0.9
143,祥集弄民宅,民居,明,1465,15世纪,江西省,建筑空间布局,上堂下堂,0.9
143,祥集弄民宅,民居,明,1465,15世纪,江西省,建筑空间布局,后房,0.9
144,崇礼住宅,民居,清,1875,19世纪,北京市,建筑结构体系,抬梁式,0.85
144,崇礼住宅,民居,清,1875,19世纪,北京市,建筑结构体系,木构架,0.8
144,崇礼住宅,民居,清,1875,19世纪,北京市,建筑材料,木材,0.6
144,崇礼住宅,民居,清,1875,19世纪,北京市,建筑材料,砖石,0.55
144,崇礼住宅,民居,清,1875,19世纪,北京市,建筑功能,住宅,0.95
144,崇礼住宅,民居,清,1875,19世纪,北京市,建筑功能,花园,0.9
144,崇礼住宅,民居,清,1875,19世纪,北京市,建筑功能,宿舍,0.7
144,崇礼住宅,民居,清,1875,19世纪,北京市,营造技艺,装饰精美,0.85
144,崇礼住宅,民居,清,1875,19世纪,北京市,营造技艺,布局严谨,0.8
144,崇礼住宅,民居,清,1875,19世纪,北京市,建筑空间布局,三路院落,0.95
144,崇礼住宅,民居,清,1875,19世纪,北京市,建筑空间布局,南北轴线,0.9
144,崇礼住宅,民居,清,1875,19世纪,北京市,建筑空间布局,围院结构,0.85
144,崇礼住宅,民居,清,1875,19世纪,北京市,建筑空间布局,院落贯通,0.8
145,牟氏庄园,民居,清,1723,18世纪,山东省,建筑结构体系,套院式,0.95
145,牟氏庄园,民居,清,1723,18世纪,山东省,建筑结构体系,四合院,0.93
145,牟氏庄园,民居,清,1723,18世纪,山东省,建筑结构体系,多重院落,0.9
145,牟氏庄园,民居,清,1723,18世纪,山东省,建筑材料,木材,0.6
145,牟氏庄园,民居,清,1723,18世纪,山东省,建筑材料,砖石,0.55
145,牟氏庄园,民居,清,1723,18世纪,山东省,建筑材料,生土,0.5
145,牟氏庄园,民居,清,1723,18世纪,山东省,建筑功能,家宅,0.85
145,牟氏庄园,民居,清,1723,18世纪,山东省,建筑功能,私塾,0.8
145,牟氏庄园,民居,清,1723,18世纪,山东省,建筑功能,耕读空间,0.75
145,牟氏庄园,民居,清,1723,18世纪,山东省,营造技艺,抬梁式,0.6
145,牟氏庄园,民居,清,1723,18世纪,山东省,营造技艺,穿斗式,0.55
145,牟氏庄园,民居,清,1723,18世纪,山东省,营造技艺,糯米灰浆,0.5
145,牟氏庄园,民居,清,1723,18世纪,山东省,建筑空间布局,套院式布局,0.95
145,牟氏庄园,民居,清,1723,18世纪,山东省,建筑空间布局,三组六院,0.93
145,牟氏庄园,民居,清,1723,18世纪,山东省,建筑空间布局,四至六进,0.9
148,十笏园,民居,清,1885,19世纪,山东省,建筑结构体系,木构架,0.7
148,十笏园,民居,清,1885,19世纪,山东省,建筑结构体系,院落式,0.65
148,十笏园,民居,清,1885,19世纪,山东省,建筑材料,假山石,0.55
148,十笏园,民居,清,1885,19世纪,山东省,建筑材料,木材,0.5
148,十笏园,民居,清,1885,19世纪,山东省,建筑材料,砖石,0.5
148,十笏园,民居,清,1885,19世纪,山东省,建筑功能,私家园林,0.75
148,十笏园,民居,清,1885,19世纪,山东省,建筑功能,文化收藏,0.7
148,十笏园,民居,清,1885,19世纪,山东省,建筑功能,影视取景,0.65
148,十笏园,民居,清,1885,19世纪,山东省,营造技艺,叠石理水,0.75
148,十笏园,民居,清,1885,19世纪,山东省,营造技艺,小中见大,0.7
148,十笏园,民居,清,1885,19世纪,山东省,营造技艺,借景,0.65
148,十笏园,民居,清,1885,19世纪,山东省,建筑空间布局,紧凑布局,0.85
148,十笏园,民居,清,1885,19世纪,山东省,建筑空间布局,庭院组合,0.8
148,十笏园,民居,清,1885,19世纪,山东省,建筑空间布局,山水点景,0.75
148,十笏园,民居,清,1885,19世纪,山东省,建筑空间布局,小中见大,0.7
149,罗布林卡,宫殿,清,1740,18世纪,西藏自治区,建筑结构体系,歇山博脊挑角,0.95
149,罗布林卡,宫殿,清,1740,18世纪,西藏自治区,建筑结构体系,汉式金顶,0.93
149,罗布林卡,宫殿,清,1740,18世纪,西藏自治区,建筑结构体系,石墙贝玛草顶,0.92
149,罗布林卡,宫殿,清,1740,18世纪,西藏自治区,建筑材料,方石,0.85
149,罗布林卡,宫殿,清,1740,18世纪,西藏自治区,建筑材料,贝玛草,0.84
149,罗布林卡,宫殿,清,1740,18世纪,西藏自治区,建筑材料,黄釉,0.82
149,罗布林卡,宫殿,清,1740,18世纪,西藏自治区,建筑功能,夏宫,0.98
149,罗布林卡,宫殿,清,1740,18世纪,西藏自治区,建筑功能,宗教法事场所,0.97
149,罗布林卡,宫殿,清,1740,18世纪,西藏自治区,建筑功能,行政办公场所,0.96
149,罗布林卡,宫殿,清,1740,18世纪,西藏自治区,营造技艺,汉式亭台楼阁,0.9
149,罗布林卡,宫殿,清,1740,18世纪,西藏自治区,营造技艺,唐卡装饰,0.88
149,罗布林卡,宫殿,清,1740,18世纪,西藏自治区,营造技艺,壁画彩绘,0.87
149,罗布林卡,宫殿,清,1740,18世纪,西藏自治区,建筑空间布局,多组院落群,0.97
149,罗布林卡,宫殿,清,1740,18世纪,西藏自治区,建筑空间布局,湖心亭布局,0.95
149,罗布林卡,宫殿,清,1740,18世纪,西藏自治区,建筑空间布局,主体建筑群分区,0.94
150,何园,民居,清,1862,19世纪,江苏省,建筑结构体系,双层折廊,0.95
150,何园,民居,清,1862,19世纪,江苏省,建筑结构体系,复廊,0.93
150,何园,民居,清,1862,19世纪,江苏省,建筑结构体系,楼廊,0.9
150,何园,民居,清,1862,19世纪,江苏省,建筑材料,石材,0.6
150,何园,民居,清,1862,19世纪,江苏省,建筑材料,砖石,0.58
150,何园,民居,清,1862,19世纪,江苏省,建筑功能,住宅园林,0.9
150,何园,民居,清,1862,19世纪,江苏省,建筑功能,祠堂,0.88
150,何园,民居,清,1862,19世纪,江苏省,建筑功能,后花园,0.87
150,何园,民居,清,1862,19世纪,江苏省,建筑功能,园居院落,0.85
150,何园,民居,清,1862,19世纪,江苏省,营造技艺,叠山,0.92
150,何园,民居,清,1862,19世纪,江苏省,营造技艺,假山造景,0.9
150,何园,民居,清,1862,19世纪,江苏省,营造技艺,片石叠山,0.89
150,何园,民居,清,1862,19世纪,江苏省,建筑空间布局,前宅后园,0.88
150,何园,民居,清,1862,19世纪,江苏省,建筑空间布局,双层廊分划,0.86
150,何园,民居,清,1862,19世纪,江苏省,建筑空间布局,复廊通全园,0.85
151,个园,民居,明,1818,19世纪,江苏省,建筑结构体系,前宅后院,0.92
151,个园,民居,明,1818,19世纪,江苏省,建筑结构体系,江南私家园林结构,0.9
151,个园,民居,明,1818,19世纪,江苏省,建筑材料,压舱石,0.85
151,个园,民居,明,1818,19世纪,江苏省,建筑材料,假山石,0.83
151,个园,民居,明,1818,19世纪,江苏省,建筑功能,盐商园林,0.88
151,个园,民居,明,1818,19世纪,江苏省,建筑功能,名园,0.86
151,个园,民居,明,1818,19世纪,江苏省,营造技艺,四季假山,0.9
151,个园,民居,明,1818,19世纪,江苏省,营造技艺,石垒造景,0.88
151,个园,民居,明,1818,19世纪,江苏省,建筑空间布局,庭院楼阁布局,0.94
151,个园,民居,明,1818,19世纪,江苏省,建筑空间布局,围院结构,0.92
151,个园,民居,明,1818,19世纪,江苏省,建筑空间布局,南北轴线布局,0.9
213,旅顺监狱旧址,官府,清,1902,20世纪,辽宁省,建筑结构体系,三叉形布局,0.95
213,旅顺监狱旧址,官府,清,1902,20世纪,辽宁省,建筑结构体系,双层牢房楼,0.93
213,旅顺监狱旧址,官府,清,1902,20世纪,辽宁省,建筑结构体系,铁网监视结构,0.9
213,旅顺监狱旧址,官府,清,1902,20世纪,辽宁省,建筑材料,红砖,0.97
213,旅顺监狱旧址,官府,清,1902,20世纪,辽宁省,建筑材料,青砖,0.96
213,旅顺监狱旧址,官府,清,1902,20世纪,辽宁省,建筑材料,砖砌围墙,0.94
213,旅顺监狱旧址,官府,清,1902,20世纪,辽宁省,建筑功能,牢房,0.96
213,旅顺监狱旧址,官府,清,1902,20世纪,辽宁省,建筑功能,刑讯室,0.95
213,旅顺监狱旧址,官府,清,1902,20世纪,辽宁省,建筑功能,绞刑室,0.94
213,旅顺监狱旧址,官府,清,1902,20世纪,辽宁省,建筑功能,监狱工厂,0.93
213,旅顺监狱旧址,官府,清,1902,20世纪,辽宁省,建筑功能,教诲室,0.92
213,旅顺监狱旧址,官府,清,1902,20世纪,辽宁省,营造技艺,砖砌工艺,0.55
213,旅顺监狱旧址,官府,清,1902,20世纪,辽宁省,建筑空间布局,大字形布局,0.94
213,旅顺监狱旧址,官府,清,1902,20世纪,辽宁省,建筑空间布局,西南入口布局,0.92
213,旅顺监狱旧址,官府,清,1902,20世纪,辽宁省,建筑空间布局,分区功能布局,0.9
213,旅顺监狱旧址,官府,清,1902,20世纪,辽宁省,建筑空间布局,东部工厂区,0.89
217,龙脑桥,桥梁,明,1378,14世纪,四川省,建筑结构体系,石质梁桥,0.95
217,龙脑桥,桥梁,明,1378,14世纪,四川省,建筑结构体系,梁桥结构,0.93
217,龙脑桥,桥梁,明,1378,14世纪,四川省,建筑材料,石材,0.9
217,龙脑桥,桥梁,明,1378,14世纪,四川省,建筑材料,石料,0.88
217,龙脑桥,桥梁,明,1378,14世纪,四川省,建筑功能,交通桥梁,0.75
217,龙脑桥,桥梁,明,1378,14世纪,四川省,建筑功能,跨河桥,0.72
217,龙脑桥,桥梁,明,1378,14世纪,四川省,营造技艺,石雕工艺,0.9
217,龙脑桥,桥梁,明,1378,14世纪,四川省,营造技艺,瑞兽雕刻,0.88
217,龙脑桥,桥梁,明,1378,14世纪,四川省,营造技艺,迎水雕饰,0.85
217,龙脑桥,桥梁,明,1378,14世纪,四川省,建筑空间布局,多墩梁式布局,0.85
217,龙脑桥,桥梁,明,1378,14世纪,四川省,建筑空间布局,对称墩位布置,0.82
217,龙脑桥,桥梁,明,1378,14世纪,四川省,建筑空间布局,中轴石梁架设,0.8
253,姬氏民居,民居,元,1294,13世纪,山西省,建筑结构体系,彻上露明造,0.95
253,姬氏民居,民居,元,1294,13世纪,山西省,建筑结构体系,四椽栿,0.95
253,姬氏民居,民居,元,1294,13世纪,山西省,建筑结构体系,单檐悬山顶,0.95
253,姬氏民居,民居,元,1294,13世纪,山西省,建筑结构体系,三柱式,0.93
253,姬氏民居,民居,元,1294,13世纪,山西省,建筑材料,砂岩,0.9
253,姬氏民居,民居,元,1294,13世纪,山西省,建筑材料,砂石柱,0.9
253,姬氏民居,民居,元,1294,13世纪,山西省,建筑材料,素面覆盆式柱础,0.88
253,姬氏民居,民居,元,1294,13世纪,山西省,建筑功能,民居,0.97
253,姬氏民居,民居,元,1294,13世纪,山西省,建筑功能,住宅,0.95
253,姬氏民居,民居,元,1294,13世纪,山西省,营造技艺,四铺作单抄计心造,0.95
253,姬氏民居,民居,元,1294,13世纪,山西省,营造技艺,麻叶形耍头,0.95
253,姬氏民居,民居,元,1294,13世纪,山西省,营造技艺,隐刻泥道慢栱,0.94
253,姬氏民居,民居,元,1294,13世纪,山西省,营造技艺,收分侧角,0.93
253,姬氏民居,民居,元,1294,13世纪,山西省,建筑空间布局,坐北朝南,0.95
253,姬氏民居,民居,元,1294,13世纪,山西省,建筑空间布局,面阔三间,0.95
253,姬氏民居,民居,元,1294,13世纪,山西省,建筑空间布局,进深六椽,0.95
253,姬氏民居,民居,元,1294,13世纪,山西省,建筑空间布局,矩形平面,0.94
255,绛州大堂,官府,唐,1271,13世纪,山西省,建筑结构体系,减柱造,0.95
255,绛州大堂,官府,唐,1271,13世纪,山西省,建筑结构体系,大额式结构,0.93
255,绛州大堂,官府,唐,1271,13世纪,山西省,建筑结构体系,单檐歇山顶,0.92
255,绛州大堂,官府,唐,1271,13世纪,山西省,建筑结构体系,八椽进深,0.9
255,绛州大堂,官府,唐,1271,13世纪,山西省,建筑结构体系,面阔七间,0.89
255,绛州大堂,官府,唐,1271,13世纪,山西省,建筑材料,古朴木材,0.75
255,绛州大堂,官府,唐,1271,13世纪,山西省,建筑材料,覆盆式莲花柱础,0.73
255,绛州大堂,官府,唐,1271,13世纪,山西省,建筑功能,州署正堂,0.98
255,绛州大堂,官府,唐,1271,13世纪,山西省,建筑功能,帅正堂,0.96
255,绛州大堂,官府,唐,1271,13世纪,山西省,建筑功能,官署办公场所,0.95
255,绛州大堂,官府,唐,1271,13世纪,山西省,营造技艺,减柱造,0.92
255,绛州大堂,官府,唐,1271,13世纪,山西省,营造技艺,大额式结构,0.9
255,绛州大堂,官府,唐,1271,13世纪,山西省,营造技艺,五铺作双下昂,0.89
255,绛州大堂,官府,唐,1271,13世纪,山西省,营造技艺,重栱计心造,0.87
255,绛州大堂,官府,唐,1271,13世纪,山西省,建筑空间布局,坐北朝南,0.9
255,绛州大堂,官府,唐,1271,13世纪,山西省,建筑空间布局,面阔七间,0.89
255,绛州大堂,官府,唐,1271,13世纪,山西省,建筑空间布局,进深八椽,0.88
255,绛州大堂,官府,唐,1271,13世纪,山西省,建筑空间布局,前抱厦三间,0.85
257,霍州州署大堂,官府,元,1304,14世纪,山西省,建筑结构体系,单檐歇山顶,0.95
257,霍州州署大堂,官府,元,1304,14世纪,山西省,建筑结构体系,六椽栿对乳栿,0.95
257,霍州州署大堂,官府,元,1304,14世纪,山西省,建筑结构体系,通檐用三柱,0.95
257,霍州州署大堂,官府,元,1304,14世纪,山西省,建筑结构体系,抬梁式,0.9
257,霍州州署大堂,官府,元,1304,14世纪,山西省,建筑材料,自然材,0.85
257,霍州州署大堂,官府,元,1304,14世纪,山西省,建筑材料,木材,0.8
257,霍州州署大堂,官府,元,1304,14世纪,山西省,建筑功能,衙署主堂,0.9
257,霍州州署大堂,官府,元,1304,14世纪,山西省,建筑功能,政权机构遗存,0.9
257,霍州州署大堂,官府,元,1304,14世纪,山西省,营造技艺,山西元代地方手法,0.8
257,霍州州署大堂,官府,元,1304,14世纪,山西省,营造技艺,粗加工营造,0.75
257,霍州州署大堂,官府,元,1304,14世纪,山西省,建筑空间布局,中轴对称布局,0.9
257,霍州州署大堂,官府,元,1304,14世纪,山西省,建筑空间布局,月台高起,0.9
257,霍州州署大堂,官府,元,1304,14世纪,山西省,建筑空间布局,坐北朝南,0.9
268,北京鼓楼、钟楼,官府,元,1272,13世纪,北京市,建筑结构体系,砖石结构,0.98
268,北京鼓楼、钟楼,官府,元,1272,13世纪,北京市,建筑结构体系,无梁式券洞,0.97
268,北京鼓楼、钟楼,官府,元,1272,13世纪,北京市,建筑结构体系,三重檐歇山顶,0.96
268,北京鼓楼、钟楼,官府,元,1272,13世纪,北京市,建筑结构体系,台基结构,0.95
268,北京鼓楼、钟楼,官府,元,1272,13世纪,北京市,建筑材料,灰筒瓦,0.95
268,北京鼓楼、钟楼,官府,元,1272,13世纪,北京市,建筑材料,绿琉璃剪边,0.94
268,北京鼓楼、钟楼,官府,元,1272,13世纪,北京市,建筑材料,黑琉璃瓦,0.93
268,北京鼓楼、钟楼,官府,元,1272,13世纪,北京市,建筑材料,砖石,0.95
268,北京鼓楼、钟楼,官府,元,1272,13世纪,北京市,建筑功能,报时建筑,0.99
268,北京鼓楼、钟楼,官府,元,1272,13世纪,北京市,建筑功能,定更设施,0.97
268,北京鼓楼、钟楼,官府,元,1272,13世纪,北京市,建筑功能,公共文化空间,0.92
268,北京鼓楼、钟楼,官府,元,1272,13世纪,北京市,营造技艺,单昂单翘五踩斗栱,0.92
268,北京鼓楼、钟楼,官府,元,1272,13世纪,北京市,营造技艺,旋子彩画,0.91
268,北京鼓楼、钟楼,官府,元,1272,13世纪,北京市,营造技艺,砖雕仿木,0.9
268,北京鼓楼、钟楼,官府,元,1272,13世纪,北京市,营造技艺,无梁券洞砌筑,0.89
268,北京鼓楼、钟楼,官府,元,1272,13世纪,北京市,建筑空间布局,中轴线布局,0.97
268,北京鼓楼、钟楼,官府,元,1272,13世纪,北京市,建筑空间布局,坐北朝南,0.96
268,北京鼓楼、钟楼,官府,元,1272,13世纪,北京市,建筑空间布局,十字形券洞,0.95
268,北京鼓楼、钟楼,官府,元,1272,13世纪,北京市,建筑空间布局,面阔五间进深三间,0.94
274,万里长城－九门口,桥梁,南北朝,1381,14世纪,辽宁省,建筑结构体系,跨河城桥,0.95
274,万里长城－九门口,桥梁,南北朝,1381,14世纪,辽宁省,建筑结构体系,梭形桥墩,0.94
274,万里长城－九门口,桥梁,南北朝,1381,14世纪,辽宁省,建筑结构体系,边台,0.93
274,万里长城－九门口,桥梁,南北朝,1381,14世纪,辽宁省,建筑结构体系,围城,0.92
274,万里长城－九门口,桥梁,南北朝,1381,14世纪,辽宁省,建筑结构体系,敌楼,0.91
274,万里长城－九门口,桥梁,南北朝,1381,14世纪,辽宁省,建筑材料,方石,0.85
274,万里长城－九门口,桥梁,南北朝,1381,14世纪,辽宁省,建筑材料,巨型木门,0.84
274,万里长城－九门口,桥梁,南北朝,1381,14世纪,辽宁省,建筑功能,军事防御体系,0.96
274,万里长城－九门口,桥梁,南北朝,1381,14世纪,辽宁省,建筑功能,泄洪通道,0.9
274,万里长城－九门口,桥梁,南北朝,1381,14世纪,辽宁省,建筑功能,关隘防御,0.89
274,万里长城－九门口,桥梁,南北朝,1381,14世纪,辽宁省,营造技艺,石砌河床,0.88
274,万里长城－九门口,桥梁,南北朝,1381,14世纪,辽宁省,营造技艺,券门结构,0.87
274,万里长城－九门口,桥梁,南北朝,1381,14世纪,辽宁省,营造技艺,双层木门安装,0.85
274,万里长城－九门口,桥梁,南北朝,1381,14世纪,辽宁省,建筑空间布局,南北走向,0.93
274,万里长城－九门口,桥梁,南北朝,1381,14世纪,辽宁省,建筑空间布局,纵深布局,0.92
274,万里长城－九门口,桥梁,南北朝,1381,14世纪,辽宁省,建筑空间布局,关城组合,0.91
274,万里长城－九门口,桥梁,南北朝,1381,14世纪,辽宁省,建筑空间布局,烽火台配置,0.9
275,䌽衣堂,民居,明,1368,14世纪,江苏省,建筑结构体系,五架梁,0.95
275,䌽衣堂,民居,明,1368,14世纪,江苏省,建筑结构体系,前后廊,0.95
275,䌽衣堂,民居,明,1368,14世纪,江苏省,建筑结构体系,九椽屋,0.95
275,䌽衣堂,民居,明,1368,14世纪,江苏省,建筑结构体系,硬山顶,0.95
275,䌽衣堂,民居,明,1368,14世纪,江苏省,建筑材料,木材,0.8
275,䌽衣堂,民居,明,1368,14世纪,江苏省,建筑材料,砖,0.75
275,䌽衣堂,民居,明,1368,14世纪,江苏省,建筑材料,石材,0.7
275,䌽衣堂,民居,明,1368,14世纪,江苏省,建筑功能,主厅,0.9
275,䌽衣堂,民居,明,1368,14世纪,江苏省,建筑功能,孝道文化空间,0.85
275,䌽衣堂,民居,明,1368,14世纪,江苏省,营造技艺,苏式彩绘,0.85
275,䌽衣堂,民居,明,1368,14世纪,江苏省,营造技艺,梁柱彩绘,0.85
275,䌽衣堂,民居,明,1368,14世纪,江苏省,建筑空间布局,主轴线第三进,0.9
275,䌽衣堂,民居,明,1368,14世纪,江苏省,建筑空间布局,三间面阔,0.9
276,诸葛、长乐村民居,民居,宋,1270,13世纪,浙江省,建筑结构体系,木构架,0.9
276,诸葛、长乐村民居,民居,宋,1270,13世纪,浙江省,建筑结构体系,穿斗式,0.8
276,诸葛、长乐村民居,民居,宋,1270,13世纪,浙江省,建筑材料,青砖,0.85
276,诸葛、长乐村民居,民居,宋,1270,13世纪,浙江省,建筑材料,木材,0.9
276,诸葛、长乐村民居,民居,宋,1270,13世纪,浙江省,建筑材料,马头墙,0.8
276,诸葛、长乐村民居,民居,宋,1270,13世纪,浙江省,建筑功能,宗祠,0.75
276,诸葛、长乐村民居,民居,宋,1270,13世纪,浙江省,建筑功能,住宅,0.75
276,诸葛、长乐村民居,民居,宋,1270,13世纪,浙江省,建筑功能,厅堂,0.75
276,诸葛、长乐村民居,民居,宋,1270,13世纪,浙江省,营造技艺,雕花门窗,0.8
276,诸葛、长乐村民居,民居,宋,1270,13世纪,浙江省,营造技艺,天井院落,0.85
276,诸葛、长乐村民居,民居,宋,1270,13世纪,浙江省,建筑空间布局,九宫八卦阵,0.85
280,老屋阁及绿绕亭,民居,元,1328,14世纪,安徽省,建筑结构体系,砖木结构,0.95
280,老屋阁及绿绕亭,民居,元,1328,14世纪,安徽省,建筑结构体系,分心三柱,0.94
280,老屋阁及绿绕亭,民居,元,1328,14世纪,安徽省,建筑结构体系,卷杀,0.93
280,老屋阁及绿绕亭,民居,元,1328,14世纪,安徽省,建筑结构体系,宋法式做法,0.92
280,老屋阁及绿绕亭,民居,元,1328,14世纪,安徽省,建筑材料,砖,0.85
280,老屋阁及绿绕亭,民居,元,1328,14世纪,安徽省,建筑材料,木材,0.84
280,老屋阁及绿绕亭,民居,元,1328,14世纪,安徽省,建筑功能,楼上厅,0.9
280,老屋阁及绿绕亭,民居,元,1328,14世纪,安徽省,建筑功能,过街亭,0.89
280,老屋阁及绿绕亭,民居,元,1328,14世纪,安徽省,建筑功能,飞来椅,0.87
280,老屋阁及绿绕亭,民居,元,1328,14世纪,安徽省,营造技艺,卷杀,0.93
280,老屋阁及绿绕亭,民居,元,1328,14世纪,安徽省,营造技艺,柱有收分,0.92
280,老屋阁及绿绕亭,民居,元,1328,14世纪,安徽省,营造技艺,侧脚,0.91
280,老屋阁及绿绕亭,民居,元,1328,14世纪,安徽省,营造技艺,插栱,0.9
280,老屋阁及绿绕亭,民居,元,1328,14世纪,安徽省,建筑空间布局,口字形四合院,0.96
280,老屋阁及绿绕亭,民居,元,1328,14世纪,安徽省,建筑空间布局,5间3进,0.95
280,老屋阁及绿绕亭,民居,元,1328,14世纪,安徽省,建筑空间布局,人字形山墙,0.94
280,老屋阁及绿绕亭,民居,元,1328,14世纪,安徽省,建筑空间布局,不对称布局,0.93
284,归德府城墙,官府,明,1503,16世纪,河南省,建筑结构体系,砖城墙,0.95
284,归德府城墙,官府,明,1503,16世纪,河南省,建筑结构体系,土城墙,0.95
284,归德府城墙,官府,明,1503,16世纪,河南省,建筑结构体系,瓮城,0.95
284,归德府城墙,官府,明,1503,16世纪,河南省,建筑结构体系,敌台,0.95
284,归德府城墙,官府,明,1503,16世纪,河南省,建筑结构体系,角楼,0.95
284,归德府城墙,官府,明,1503,16世纪,河南省,建筑材料,生土,0.9
284,归德府城墙,官府,明,1503,16世纪,河南省,建筑材料,砖石,0.9
284,归德府城墙,官府,明,1503,16世纪,河南省,建筑功能,防御体系,0.85
284,归德府城墙,官府,明,1503,16世纪,河南省,建筑功能,三位一体防御,0.85
284,归德府城墙,官府,明,1503,16世纪,河南省,营造技艺,维修加固,0.55
284,归德府城墙,官府,明,1503,16世纪,河南省,营造技艺,城墙修缮,0.55
284,归德府城墙,官府,明,1503,16世纪,河南省,建筑空间布局,四门八开,0.9
284,归德府城墙,官府,明,1503,16世纪,河南省,建筑空间布局,瓮城布局,0.9
284,归德府城墙,官府,明,1503,16世纪,河南省,建筑空间布局,城湖格局,0.9
289,许驸马府,民居,宋,1064,11世纪,广东省,建筑结构体系,驷马拖车,0.95
289,许驸马府,民居,宋,1064,11世纪,广东省,建筑结构体系,工字格局,0.95
289,许驸马府,民居,宋,1064,11世纪,广东省,建筑结构体系,三进五开间,0.95
289,许驸马府,民居,宋,1064,11世纪,广东省,建筑材料,青砖,0.85
289,许驸马府,民居,宋,1064,11世纪,广东省,建筑材料,木构架,0.85
289,许驸马府,民居,宋,1064,11世纪,广东省,建筑材料,灰瓦屋面,0.8
289,许驸马府,民居,宋,1064,11世纪,广东省,建筑功能,私府,0.9
289,许驸马府,民居,宋,1064,11世纪,广东省,建筑功能,宋代建筑遗存,0.9
289,许驸马府,民居,宋,1064,11世纪,广东省,营造技艺,抬梁式构架,0.85
289,许驸马府,民居,宋,1064,11世纪,广东省,营造技艺,穿斗式构架,0.8
289,许驸马府,民居,宋,1064,11世纪,广东省,营造技艺,潮州传统砌筑,0.8
289,许驸马府,民居,宋,1064,11世纪,广东省,建筑空间布局,三进五开间,0.95
289,许驸马府,民居,宋,1064,11世纪,广东省,建筑空间布局,火巷,0.95
289,许驸马府,民居,宋,1064,11世纪,广东省,建筑空间布局,天井院落,0.95
289,许驸马府,民居,宋,1064,11世纪,广东省,建筑空间布局,围屋布局,0.95
291,莫土司衙署,官府,明,1582,16世纪,广西壮族自治区,建筑结构体系,砖木结构,0.95
291,莫土司衙署,官府,明,1582,16世纪,广西壮族自治区,建筑材料,砖,0.95
291,莫土司衙署,官府,明,1582,16世纪,广西壮族自治区,建筑材料,木材,0.95
291,莫土司衙署,官府,明,1582,16世纪,广西壮族自治区,建筑功能,衙署,0.98
291,莫土司衙署,官府,明,1582,16世纪,广西壮族自治区,建筑功能,府第,0.98
291,莫土司衙署,官府,明,1582,16世纪,广西壮族自治区,营造技艺,抬梁式,0.85
291,莫土司衙署,官府,明,1582,16世纪,广西壮族自治区,营造技艺,穿斗式,0.85
291,莫土司衙署,官府,明,1582,16世纪,广西壮族自治区,营造技艺,榫卯结构,0.85
291,莫土司衙署,官府,明,1582,16世纪,广西壮族自治区,建筑空间布局,中轴对称,0.97
291,莫土司衙署,官府,明,1582,16世纪,广西壮族自治区,建筑空间布局,围院结构,0.97
291,莫土司衙署,官府,明,1582,16世纪,广西壮族自治区,建筑空间布局,坐南朝北,0.97
292,靖江王府及王陵,宫殿,明,1372,14世纪,广西壮族自治区,建筑结构体系,夯土城墙,0.95
292,靖江王府及王陵,宫殿,明,1372,14世纪,广西壮族自治区,建筑结构体系,外包条石,0.94
292,靖江王府及王陵,宫殿,明,1372,14世纪,广西壮族自治区,建筑结构体系,城砖包砌,0.93
292,靖江王府及王陵,宫殿,明,1372,14世纪,广西壮族自治区,建筑结构体系,四门对称,0.92
292,靖江王府及王陵,宫殿,明,1372,14世纪,广西壮族自治区,建筑结构体系,中轴线布局,0.91
292,靖江王府及王陵,宫殿,明,1372,14世纪,广西壮族自治区,建筑材料,夯土,0.9
292,靖江王府及王陵,宫殿,明,1372,14世纪,广西壮族自治区,建筑材料,条石,0.89
292,靖江王府及王陵,宫殿,明,1372,14世纪,广西壮族自治区,建筑材料,城砖,0.88
292,靖江王府及王陵,宫殿,明,1372,14世纪,广西壮族自治区,建筑材料,石材,0.87
292,靖江王府及王陵,宫殿,明,1372,14世纪,广西壮族自治区,建筑功能,王府,0.93
292,靖江王府及王陵,宫殿,明,1372,14世纪,广西壮族自治区,建筑功能,贡院,0.9
292,靖江王府及王陵,宫殿,明,1372,14世纪,广西壮族自治区,建筑功能,御苑,0.89
292,靖江王府及王陵,宫殿,明,1372,14世纪,广西壮族自治区,建筑功能,寝宫,0.88
292,靖江王府及王陵,宫殿,明,1372,14世纪,广西壮族自治区,建筑功能,行政驻地,0.87
292,靖江王府及王陵,宫殿,明,1372,14世纪,广西壮族自治区,营造技艺,传统夯筑,0.65
292,靖江王府及王陵,宫殿,明,1372,14世纪,广西壮族自治区,营造技艺,石作工艺,0.6
292,靖江王府及王陵,宫殿,明,1372,14世纪,广西壮族自治区,建筑空间布局,前朝后寝,0.96
292,靖江王府及王陵,宫殿,明,1372,14世纪,广西壮族自治区,建筑空间布局,中轴对称,0.95
292,靖江王府及王陵,宫殿,明,1372,14世纪,广西壮族自治区,建筑空间布局,围山布局,0.94
292,靖江王府及王陵,宫殿,明,1372,14世纪,广西壮族自治区,建筑空间布局,多进建筑,0.93
292,靖江王府及王陵,宫殿,明,1372,14世纪,广西壮族自治区,建筑空间布局,附属院落群,0.92
293,丘浚故居及墓,民居,明,1369,14世纪,海南省,建筑结构体系,单檐硬山式,0.95
293,丘浚故居及墓,民居,明,1369,14世纪,海南省,建筑结构体系,简板布瓦顶,0.95
293,丘浚故居及墓,民居,明,1369,14世纪,海南省,建筑材料,黄棱木,0.9
293,丘浚故居及墓,民居,明,1369,14世纪,海南省,建筑材料,石,0.85
293,丘浚故居及墓,民居,明,1369,14世纪,海南省,建筑功能,藏书,0.85
293,丘浚故居及墓,民居,明,1369,14世纪,海南省,营造技艺,木构架,0.8
293,丘浚故居及墓,民居,明,1369,14世纪,海南省,营造技艺,石雕,0.85
293,丘浚故居及墓,民居,明,1369,14世纪,海南省,建筑空间布局,三进院落,0.95
293,丘浚故居及墓,民居,明,1369,14世纪,海南省,建筑空间布局,面阔三间,0.95
293,丘浚故居及墓,民居,明,1369,14世纪,海南省,建筑空间布局,神道,0.95
293,丘浚故居及墓,民居,明,1369,14世纪,海南省,建筑空间布局,石象生,0.95
293,丘浚故居及墓,民居,明,1369,14世纪,海南省,建筑空间布局,石牌坊,0.95
308,盂城驿,官府,明,1375,14世纪,江苏省,建筑结构体系,抬梁式,0.85
308,盂城驿,官府,明,1375,14世纪,江苏省,建筑结构体系,木构架,0.88
308,盂城驿,官府,明,1375,14世纪,江苏省,建筑材料,红木,0.65
308,盂城驿,官府,明,1375,14世纪,江苏省,建筑材料,砖石,0.6
308,盂城驿,官府,明,1375,14世纪,江苏省,建筑功能,接官厅,0.96
308,盂城驿,官府,明,1375,14世纪,江苏省,建筑功能,驿丞宅,0.94
308,盂城驿,官府,明,1375,14世纪,江苏省,建筑功能,马神庙,0.92
308,盂城驿,官府,明,1375,14世纪,江苏省,建筑功能,驿卒舍,0.93
308,盂城驿,官府,明,1375,14世纪,江苏省,营造技艺,传统木作,0.5
308,盂城驿,官府,明,1375,14世纪,江苏省,营造技艺,明代营造法,0.45
308,盂城驿,官府,明,1375,14世纪,江苏省,建筑空间布局,围院结构,0.9
308,盂城驿,官府,明,1375,14世纪,江苏省,建筑空间布局,坐北朝南,0.94
308,盂城驿,官府,明,1375,14世纪,江苏省,建筑空间布局,多进院落,0.89
309,玉海楼,民居,清,1888,19世纪,浙江省,建筑结构体系,重檐结构,0.95
309,玉海楼,民居,清,1888,19世纪,浙江省,建筑结构体系,木制结构,0.93
309,玉海楼,民居,清,1888,19世纪,浙江省,建筑结构体系,回廊连接,0.9
309,玉海楼,民居,清,1888,19世纪,浙江省,建筑材料,木材,0.85
309,玉海楼,民居,清,1888,19世纪,浙江省,建筑材料,砖,0.82
309,玉海楼,民居,清,1888,19世纪,浙江省,建筑功能,藏书楼,0.98
309,玉海楼,民居,清,1888,19世纪,浙江省,建筑功能,民居,0.95
309,玉海楼,民居,清,1888,19世纪,浙江省,建筑功能,私家园林,0.94
309,玉海楼,民居,清,1888,19世纪,浙江省,营造技艺,传统木构架,0.88
309,玉海楼,民居,清,1888,19世纪,浙江省,营造技艺,砖筑台门,0.85
309,玉海楼,民居,清,1888,19世纪,浙江省,营造技艺,仿木牌楼式,0.83
309,玉海楼,民居,清,1888,19世纪,浙江省,建筑空间布局,三轴并联,0.97
309,玉海楼,民居,清,1888,19世纪,浙江省,建筑空间布局,前后两进,0.96
309,玉海楼,民居,清,1888,19世纪,浙江省,建筑空间布局,天井回廊,0.95
309,玉海楼,民居,清,1888,19世纪,浙江省,建筑空间布局,坐北朝南,0.94
310,二宜楼,民居,清,1740,18世纪,福建省,建筑结构体系,单元式围楼,0.95
310,二宜楼,民居,清,1740,18世纪,福建省,建筑结构体系,双环圆形土楼,0.94
310,二宜楼,民居,清,1740,18世纪,福建省,建筑结构体系,垂直单元结构,0.92
310,二宜楼,民居,清,1740,18世纪,福建省,建筑材料,生土,0.93
310,二宜楼,民居,清,1740,18世纪,福建省,建筑材料,红壤,0.91
310,二宜楼,民居,清,1740,18世纪,福建省,建筑材料,杉木条,0.89
310,二宜楼,民居,清,1740,18世纪,福建省,建筑材料,糯米粉汤,0.87
310,二宜楼,民居,清,1740,18世纪,福建省,建筑材料,火烧瓦,0.86
310,二宜楼,民居,清,1740,18世纪,福建省,建筑功能,居防合一,0.93
310,二宜楼,民居,清,1740,18世纪,福建省,建筑功能,四代同堂,0.92
310,二宜楼,民居,清,1740,18世纪,福建省,建筑功能,仓储防御,0.9
310,二宜楼,民居,清,1740,18世纪,福建省,营造技艺,夯土技艺,0.88
310,二宜楼,民居,清,1740,18世纪,福建省,营造技艺,整墙倾斜干固法,0.86
310,二宜楼,民居,清,1740,18世纪,福建省,营造技艺,土楼营造技艺,0.88
310,二宜楼,民居,清,1740,18世纪,福建省,建筑空间布局,垂直单元布局,0.92
310,二宜楼,民居,清,1740,18世纪,福建省,建筑空间布局,双环结构,0.91
310,二宜楼,民居,清,1740,18世纪,福建省,建筑空间布局,分层功能布局,0.9
311,魏氏庄园,民居,清,1865,19世纪,山东省,建筑结构体系,砖木结构,0.92
311,魏氏庄园,民居,清,1865,19世纪,山东省,建筑结构体系,抬梁式,0.85
311,魏氏庄园,民居,清,1865,19世纪,山东省,建筑材料,青砖,0.94
311,魏氏庄园,民居,清,1865,19世纪,山东省,建筑材料,木材,0.93
311,魏氏庄园,民居,清,1865,19世纪,山东省,建筑材料,灰瓦,0.9
311,魏氏庄园,民居,清,1865,19世纪,山东省,建筑功能,民居,0.96
311,魏氏庄园,民居,清,1865,19世纪,山东省,建筑功能,防御性住宅,0.88
311,魏氏庄园,民居,清,1865,19世纪,山东省,营造技艺,雕花门窗,0.87
311,魏氏庄园,民居,清,1865,19世纪,山东省,营造技艺,硬山顶,0.85
311,魏氏庄园,民居,清,1865,19世纪,山东省,建筑空间布局,三堂并列,0.95
311,魏氏庄园,民居,清,1865,19世纪,山东省,建筑空间布局,院落组合,0.93
311,魏氏庄园,民居,清,1865,19世纪,山东省,建筑空间布局,轴线布局,0.9
311,魏氏庄园,民居,清,1865,19世纪,山东省,建筑空间布局,组团式布局,0.88
312,丁氏故宅,民居,清,1736,18世纪,山东省,建筑结构体系,砖木结构,0.95
312,丁氏故宅,民居,清,1736,18世纪,山东省,建筑结构体系,硬山顶,0.95
312,丁氏故宅,民居,清,1736,18世纪,山东省,建筑结构体系,砖石木结构,0.93
312,丁氏故宅,民居,清,1736,18世纪,山东省,建筑结构体系,北方硬山式,0.92
312,丁氏故宅,民居,清,1736,18世纪,山东省,建筑材料,青瓦,0.9
312,丁氏故宅,民居,清,1736,18世纪,山东省,建筑材料,花岗岩,0.9
312,丁氏故宅,民居,清,1736,18世纪,山东省,建筑材料,糯米灰浆,0.88
312,丁氏故宅,民居,清,1736,18世纪,山东省,建筑材料,白石灰,0.85
312,丁氏故宅,民居,清,1736,18世纪,山东省,建筑功能,宅第,0.85
312,丁氏故宅,民居,清,1736,18世纪,山东省,建筑功能,博物馆,0.83
312,丁氏故宅,民居,清,1736,18世纪,山东省,建筑功能,营房,0.8
312,丁氏故宅,民居,清,1736,18世纪,山东省,建筑功能,学校,0.8
312,丁氏故宅,民居,清,1736,18世纪,山东省,营造技艺,隔扇门窗,0.8
312,丁氏故宅,民居,清,1736,18世纪,山东省,营造技艺,雕梁画栋,0.8
312,丁氏故宅,民居,清,1736,18世纪,山东省,营造技艺,糯米灰浆砌筑,0.78
312,丁氏故宅,民居,清,1736,18世纪,山东省,建筑空间布局,中轴对称布局,0.95
312,丁氏故宅,民居,清,1736,18世纪,山东省,建筑空间布局,四合院落,0.94
312,丁氏故宅,民居,清,1736,18世纪,山东省,建筑空间布局,五进院落,0.93
312,丁氏故宅,民居,清,1736,18世纪,山东省,建筑空间布局,四路堂院,0.9
312,丁氏故宅,民居,清,1736,18世纪,山东省,建筑空间布局,私家园林,0.88
315,内乡县衙,官府,元,1304,14世纪,河南省,建筑结构体系,单檐硬山,0.95
315,内乡县衙,官府,元,1304,14世纪,河南省,建筑结构体系,面阔五间,0.93
315,内乡县衙,官府,元,1304,14世纪,河南省,建筑结构体系,飞椽,0.9
315,内乡县衙,官府,元,1304,14世纪,河南省,建筑结构体系,中轴线布局,0.88
315,内乡县衙,官府,元,1304,14世纪,河南省,建筑材料,木材,0.6
315,内乡县衙,官府,元,1304,14世纪,河南省,建筑材料,砖石,0.55
315,内乡县衙,官府,元,1304,14世纪,河南省,建筑功能,政务活动场所,0.98
315,内乡县衙,官府,元,1304,14世纪,河南省,建筑功能,审案空间,0.97
315,内乡县衙,官府,元,1304,14世纪,河南省,建筑功能,办公起居,0.96
315,内乡县衙,官府,元,1304,14世纪,河南省,建筑功能,监狱,0.95
315,内乡县衙,官府,元,1304,14世纪,河南省,建筑功能,狱神庙,0.94
315,内乡县衙,官府,元,1304,14世纪,河南省,营造技艺,清代官式营造,0.85
315,内乡县衙,官府,元,1304,14世纪,河南省,营造技艺,南北风格融合,0.82
315,内乡县衙,官府,元,1304,14世纪,河南省,营造技艺,礼制规制施工,0.8
315,内乡县衙,官府,元,1304,14世纪,河南省,建筑空间布局,坐北朝南,0.97
315,内乡县衙,官府,元,1304,14世纪,河南省,建筑空间布局,前朝后寝,0.96
315,内乡县衙,官府,元,1304,14世纪,河南省,建筑空间布局,左文右武,0.95
315,内乡县衙,官府,元,1304,14世纪,河南省,建筑空间布局,狱房居南,0.94
315,内乡县衙,官府,元,1304,14世纪,河南省,建筑空间布局,五门制度,0.93
318,满堂围,民居,清,1833,19世纪,广东省,建筑结构体系,方围,0.95
318,满堂围,民居,清,1833,19世纪,广东省,建筑结构体系,围楼,0.93
318,满堂围,民居,清,1833,19世纪,广东省,建筑结构体系,四合院式布局,0.92
318,满堂围,民居,清,1833,19世纪,广东省,建筑结构体系,城堡式结构,0.9
318,满堂围,民居,清,1833,19世纪,广东省,建筑材料,砖瓦,0.9
318,满堂围,民居,清,1833,19世纪,广东省,建筑材料,砖石,0.88
318,满堂围,民居,清,1833,19世纪,广东省,建筑功能,民俗研究载体,0.85
318,满堂围,民居,清,1833,19世纪,广东省,建筑功能,古建筑研究实物,0.84
318,满堂围,民居,清,1833,19世纪,广东省,建筑功能,客家文化展示空间,0.82
318,满堂围,民居,清,1833,19世纪,广东省,营造技艺,客家四角楼工艺,0.8
318,满堂围,民居,清,1833,19世纪,广东省,营造技艺,传统砌筑技艺,0.78
318,满堂围,民居,清,1833,19世纪,广东省,建筑空间布局,三围单元组合,0.95
318,满堂围,民居,清,1833,19世纪,广东省,建筑空间布局,围院结构,0.93
318,满堂围,民居,清,1833,19世纪,广东省,建筑空间布局,北方城堡与四合院融合布局,0.92
322,夕佳山民居,民居,明,1612,17世纪,四川省,建筑结构体系,穿斗式,0.95
322,夕佳山民居,民居,明,1612,17世纪,四川省,建筑结构体系,悬山顶,0.92
322,夕佳山民居,民居,明,1612,17世纪,四川省,建筑材料,木材,0.9
322,夕佳山民居,民居,明,1612,17世纪,四川省,建筑材料,青瓦,0.88
322,夕佳山民居,民居,明,1612,17世纪,四川省,建筑材料,石材,0.85
322,夕佳山民居,民居,明,1612,17世纪,四川省,建筑功能,民居,0.85
322,夕佳山民居,民居,明,1612,17世纪,四川省,建筑功能,旅游景区,0.8
322,夕佳山民居,民居,明,1612,17世纪,四川省,营造技艺,穿斗构架,0.9
322,夕佳山民居,民居,明,1612,17世纪,四川省,营造技艺,木构榫卯,0.87
322,夕佳山民居,民居,明,1612,17世纪,四川省,营造技艺,台基砌筑,0.85
322,夕佳山民居,民居,明,1612,17世纪,四川省,建筑空间布局,四合院式,0.95
322,夕佳山民居,民居,明,1612,17世纪,四川省,建筑空间布局,三进院落,0.93
322,夕佳山民居,民居,明,1612,17世纪,四川省,建筑空间布局,中轴对称,0.9
322,夕佳山民居,民居,明,1612,17世纪,四川省,建筑空间布局,多天井,0.88
326,伊犁将军府,官府,清,1762,18世纪,新疆维吾尔自治区,建筑结构体系,抬梁式,0.95
326,伊犁将军府,官府,清,1762,18世纪,新疆维吾尔自治区,建筑结构体系,硬山顶,0.93
326,伊犁将军府,官府,清,1762,18世纪,新疆维吾尔自治区,建筑结构体系,歇山顶,0.92
326,伊犁将军府,官府,清,1762,18世纪,新疆维吾尔自治区,建筑材料,土坯,0.75
326,伊犁将军府,官府,清,1762,18世纪,新疆维吾尔自治区,建筑材料,青瓦,0.74
326,伊犁将军府,官府,清,1762,18世纪,新疆维吾尔自治区,建筑功能,衙署,0.98
326,伊犁将军府,官府,清,1762,18世纪,新疆维吾尔自治区,建筑功能,金库,0.96
326,伊犁将军府,官府,清,1762,18世纪,新疆维吾尔自治区,建筑功能,粮仓,0.95
326,伊犁将军府,官府,清,1762,18世纪,新疆维吾尔自治区,建筑功能,文庙,0.94
326,伊犁将军府,官府,清,1762,18世纪,新疆维吾尔自治区,营造技艺,抬梁式结构,0.8
326,伊犁将军府,官府,清,1762,18世纪,新疆维吾尔自治区,营造技艺,落架维修,0.78
326,伊犁将军府,官府,清,1762,18世纪,新疆维吾尔自治区,建筑空间布局,中轴对称,0.97
326,伊犁将军府,官府,清,1762,18世纪,新疆维吾尔自治区,建筑空间布局,三重门院,0.96
326,伊犁将军府,官府,清,1762,18世纪,新疆维吾尔自治区,建筑空间布局,四合院,0.95
326,伊犁将军府,官府,清,1762,18世纪,新疆维吾尔自治区,建筑空间布局,坐北朝南,0.94
328,可园,民居,清,1850,19世纪,北京市,建筑结构体系,木构架,0.8
328,可园,民居,清,1850,19世纪,北京市,建筑结构体系,抬梁式,0.75
328,可园,民居,清,1850,19世纪,北京市,建筑材料,青砖,0.85
328,可园,民居,清,1850,19世纪,北京市,建筑材料,木材,0.85
328,可园,民居,清,1850,19世纪,北京市,建筑材料,灰塑,0.8
328,可园,民居,清,1850,19世纪,北京市,建筑功能,住宅,0.85
328,可园,民居,清,1850,19世纪,北京市,建筑功能,庭院,0.85
328,可园,民居,清,1850,19世纪,北京市,建筑功能,书斋,0.85
328,可园,民居,清,1850,19世纪,北京市,建筑功能,博物馆,0.85
328,可园,民居,清,1850,19世纪,北京市,建筑功能,文物展示,0.85
328,可园,民居,清,1850,19世纪,北京市,营造技艺,岭南灰塑,0.8
328,可园,民居,清,1850,19世纪,北京市,营造技艺,砖雕,0.75
328,可园,民居,清,1850,19世纪,北京市,营造技艺,木雕,0.75
328,可园,民居,清,1850,19世纪,北京市,建筑空间布局,亭台楼阁,0.9
328,可园,民居,清,1850,19世纪,北京市,建筑空间布局,山水桥榭,0.9
328,可园,民居,清,1850,19世纪,北京市,建筑空间布局,厅堂轩院,0.9
328,可园,民居,清,1850,19世纪,北京市,建筑空间布局,高低错落,0.9
328,可园,民居,清,1850,19世纪,北京市,建筑空间布局,曲折回环,0.9
329,孚王府,宫殿,清,1730,18世纪,北京市,建筑结构体系,中轴对称,0.95
329,孚王府,宫殿,清,1730,18世纪,北京市,建筑结构体系,三路布局,0.95
329,孚王府,宫殿,清,1730,18世纪,北京市,建筑结构体系,前庭后寝,0.93
329,孚王府,宫殿,清,1730,18世纪,北京市,建筑结构体系,银安殿制,0.92
329,孚王府,宫殿,清,1730,18世纪,北京市,建筑材料,青砖灰瓦,0.85
329,孚王府,宫殿,清,1730,18世纪,北京市,建筑材料,木构架,0.87
329,孚王府,宫殿,清,1730,18世纪,北京市,建筑材料,硬山顶,0.84
329,孚王府,宫殿,清,1730,18世纪,北京市,建筑功能,居住区,0.9
329,孚王府,宫殿,清,1730,18世纪,北京市,建筑功能,府库,0.88
329,孚王府,宫殿,清,1730,18世纪,北京市,建筑功能,执事住所,0.87
329,孚王府,宫殿,清,1730,18世纪,北京市,建筑功能,厨厩,0.86
329,孚王府,宫殿,清,1730,18世纪,北京市,营造技艺,抬梁式,0.86
329,孚王府,宫殿,清,1730,18世纪,北京市,营造技艺,斗拱结构,0.83
329,孚王府,宫殿,清,1730,18世纪,北京市,营造技艺,榫卯连接,0.85
329,孚王府,宫殿,清,1730,18世纪,北京市,建筑空间布局,三路院落,0.95
329,孚王府,宫殿,清,1730,18世纪,北京市,建筑空间布局,坐北朝南,0.94
329,孚王府,宫殿,清,1730,18世纪,北京市,建筑空间布局,中轴线布局,0.95
329,孚王府,宫殿,清,1730,18世纪,北京市,建筑空间布局,后罩楼庭院,0.92
330,景山,宫殿,金,1179,12世纪,北京市,建筑结构体系,土山结构,0.9
330,景山,宫殿,金,1179,12世纪,北京市,建筑结构体系,亭台殿阁组合,0.85
330,景山,宫殿,金,1179,12世纪,北京市,建筑材料,生土,0.85
330,景山,宫殿,金,1179,12世纪,北京市,建筑材料,渣土,0.8
330,景山,宫殿,金,1179,12世纪,北京市,建筑功能,皇家园林,0.95
330,景山,宫殿,金,1179,12世纪,北京市,建筑功能,习射场所,0.9
330,景山,宫殿,金,1179,12世纪,北京市,建筑功能,祭祖空间,0.85
330,景山,宫殿,金,1179,12世纪,北京市,建筑功能,官学场所,0.8
330,景山,宫殿,金,1179,12世纪,北京市,营造技艺,堆筑法,0.75
330,景山,宫殿,金,1179,12世纪,北京市,营造技艺,土山营造,0.7
330,景山,宫殿,金,1179,12世纪,北京市,建筑空间布局,中轴对称,0.9
330,景山,宫殿,金,1179,12世纪,北京市,建筑空间布局,制高点布局,0.85
330,景山,宫殿,金,1179,12世纪,北京市,建筑空间布局,殿宇移建,0.8
343,鸡鸣驿城,官府,辽,1368,14世纪,河北省,建筑结构体系,夯土城墙,0.85
343,鸡鸣驿城,官府,辽,1368,14世纪,河北省,建筑结构体系,木构架,0.7
343,鸡鸣驿城,官府,辽,1368,14世纪,河北省,建筑材料,青砖,0.8
343,鸡鸣驿城,官府,辽,1368,14世纪,河北省,建筑材料,灰瓦,0.75
343,鸡鸣驿城,官府,辽,1368,14世纪,河北省,建筑材料,夯土,0.85
343,鸡鸣驿城,官府,辽,1368,14世纪,河北省,建筑功能,驿站,0.95
343,鸡鸣驿城,官府,辽,1368,14世纪,河北省,建筑功能,驿城,0.9
343,鸡鸣驿城,官府,辽,1368,14世纪,河北省,营造技艺,夯筑,0.8
343,鸡鸣驿城,官府,辽,1368,14世纪,河北省,营造技艺,砖砌,0.75
343,鸡鸣驿城,官府,辽,1368,14世纪,河北省,建筑空间布局,贺家大院,0.75
343,鸡鸣驿城,官府,辽,1368,14世纪,河北省,建筑空间布局,明清古建筑群,0.7
343,鸡鸣驿城,官府,辽,1368,14世纪,河北省,建筑空间布局,围院结构,0.65
345,定州贡院,官府,清,1738,18世纪,河北省,建筑结构体系,半四角攒尖顶,0.95
345,定州贡院,官府,清,1738,18世纪,河北省,建筑结构体系,楼阁式,0.92
345,定州贡院,官府,清,1738,18世纪,河北省,建筑结构体系,面阔七间,0.9
345,定州贡院,官府,清,1738,18世纪,河北省,建筑结构体系,进深九间,0.9
345,定州贡院,官府,清,1738,18世纪,河北省,建筑材料,石碑,0.55
345,定州贡院,官府,清,1738,18世纪,河北省,建筑功能,科举考场,0.98
345,定州贡院,官府,清,1738,18世纪,河北省,建筑功能,考生应试场所,0.97
345,定州贡院,官府,清,1738,18世纪,河北省,建筑功能,考官办公居住,0.96
345,定州贡院,官府,清,1738,18世纪,河北省,营造技艺,攒尖顶营造,0.85
345,定州贡院,官府,清,1738,18世纪,河北省,营造技艺,中轴对称营造,0.82
345,定州贡院,官府,清,1738,18世纪,河北省,营造技艺,木构架施工,0.78
345,定州贡院,官府,清,1738,18世纪,河北省,建筑空间布局,中轴式布局,0.96
345,定州贡院,官府,清,1738,18世纪,河北省,建筑空间布局,坐北朝南,0.95
345,定州贡院,官府,清,1738,18世纪,河北省,建筑空间布局,影壁起点,0.93
345,定州贡院,官府,清,1738,18世纪,河北省,建筑空间布局,方形平面,0.92
353,腰山王氏庄园,民居,清,1647,17世纪,河北省,建筑结构体系,四合院,0.95
353,腰山王氏庄园,民居,清,1647,17世纪,河北省,建筑结构体系,三进院落,0.93
353,腰山王氏庄园,民居,清,1647,17世纪,河北省,建筑结构体系,贯通式院落,0.9
353,腰山王氏庄园,民居,清,1647,17世纪,河北省,建筑材料,石材,0.85
353,腰山王氏庄园,民居,清,1647,17世纪,河北省,建筑材料,青砖,0.85
353,腰山王氏庄园,民居,清,1647,17世纪,河北省,建筑材料,木材,0.85
353,腰山王氏庄园,民居,清,1647,17世纪,河北省,建筑功能,将军府邸,0.9
353,腰山王氏庄园,民居,清,1647,17世纪,河北省,建筑功能,豪门宅第,0.88
353,腰山王氏庄园,民居,清,1647,17世纪,河北省,建筑功能,清代官宅,0.85
353,腰山王氏庄园,民居,清,1647,17世纪,河北省,营造技艺,石雕,0.8
353,腰山王氏庄园,民居,清,1647,17世纪,河北省,营造技艺,砖雕,0.8
353,腰山王氏庄园,民居,清,1647,17世纪,河北省,营造技艺,木雕,0.8
353,腰山王氏庄园,民居,清,1647,17世纪,河北省,建筑空间布局,四合院群,0.95
353,腰山王氏庄园,民居,清,1647,17世纪,河北省,建筑空间布局,三进四合院,0.94
353,腰山王氏庄园,民居,清,1647,17世纪,河北省,建筑空间布局,轴线对称布局,0.9
353,腰山王氏庄园,民居,清,1647,17世纪,河北省,建筑空间布局,南园北堂格局,0.88
357,大同九龙壁,宫殿,明,1392,14世纪,山西省,建筑结构体系,须弥座,0.95
357,大同九龙壁,宫殿,明,1392,14世纪,山西省,建筑结构体系,壁顶,0.95
357,大同九龙壁,宫殿,明,1392,14世纪,山西省,建筑结构体系,壁体,0.95
357,大同九龙壁,宫殿,明,1392,14世纪,山西省,建筑材料,琉璃,0.85
357,大同九龙壁,宫殿,明,1392,14世纪,山西省,建筑材料,灰砖,0.85
357,大同九龙壁,宫殿,明,1392,14世纪,山西省,建筑功能,照壁,0.9
357,大同九龙壁,宫殿,明,1392,14世纪,山西省,建筑功能,装饰性临街建筑,0.85
357,大同九龙壁,宫殿,明,1392,14世纪,山西省,建筑功能,彰显地位,0.8
357,大同九龙壁,宫殿,明,1392,14世纪,山西省,营造技艺,浮雕,0.8
357,大同九龙壁,宫殿,明,1392,14世纪,山西省,营造技艺,琉璃烧制,0.8
357,大同九龙壁,宫殿,明,1392,14世纪,山西省,营造技艺,构图严谨,0.75
357,大同九龙壁,宫殿,明,1392,14世纪,山西省,建筑空间布局,对称布局,0.75
357,大同九龙壁,宫殿,明,1392,14世纪,山西省,建筑空间布局,临街设置,0.7
367,边靖楼,官府,明,1374,14世纪,山西省,建筑结构体系,砖木结构,0.98
367,边靖楼,官府,明,1374,14世纪,山西省,建筑结构体系,四檐歇山顶,0.97
367,边靖楼,官府,明,1374,14世纪,山西省,建筑结构体系,重檐楼阁,0.96
367,边靖楼,官府,明,1374,14世纪,山西省,建筑结构体系,回廊结构,0.95
367,边靖楼,官府,明,1374,14世纪,山西省,建筑结构体系,平坐层,0.94
367,边靖楼,官府,明,1374,14世纪,山西省,建筑材料,砖,0.95
367,边靖楼,官府,明,1374,14世纪,山西省,建筑材料,木材,0.94
367,边靖楼,官府,明,1374,14世纪,山西省,建筑材料,石券,0.93
367,边靖楼,官府,明,1374,14世纪,山西省,建筑功能,军事瞭望,0.99
367,边靖楼,官府,明,1374,14世纪,山西省,建筑功能,指挥作战,0.98
367,边靖楼,官府,明,1374,14世纪,山西省,建筑功能,制高点防御,0.97
367,边靖楼,官府,明,1374,14世纪,山西省,营造技艺,斗栱,0.97
367,边靖楼,官府,明,1374,14世纪,山西省,营造技艺,五踩重翘,0.96
367,边靖楼,官府,明,1374,14世纪,山西省,营造技艺,五踩重昂,0.95
367,边靖楼,官府,明,1374,14世纪,山西省,营造技艺,六架椽屋,0.94
367,边靖楼,官府,明,1374,14世纪,山西省,营造技艺,重叠柱网,0.93
367,边靖楼,官府,明,1374,14世纪,山西省,建筑空间布局,坐北朝南,0.96
367,边靖楼,官府,明,1374,14世纪,山西省,建筑空间布局,台基楼身组合,0.95
367,边靖楼,官府,明,1374,14世纪,山西省,建筑空间布局,面阔七间,0.94
367,边靖楼,官府,明,1374,14世纪,山西省,建筑空间布局,进深五间,0.93
367,边靖楼,官府,明,1374,14世纪,山西省,建筑空间布局,上楼马道,0.92
388,临晋县衙,官府,元,1297,13世纪,山西省,建筑结构体系,单檐硬山顶,0.95
388,临晋县衙,官府,元,1297,13世纪,山西省,建筑结构体系,面阔五间,0.93
388,临晋县衙,官府,元,1297,13世纪,山西省,建筑结构体系,进深六椽,0.92
388,临晋县衙,官府,元,1297,13世纪,山西省,建筑结构体系,进深三间,0.91
388,临晋县衙,官府,元,1297,13世纪,山西省,建筑材料,木构架,0.85
388,临晋县衙,官府,元,1297,13世纪,山西省,建筑材料,青砖墙体,0.82
388,临晋县衙,官府,元,1297,13世纪,山西省,建筑材料,灰瓦屋面,0.8
388,临晋县衙,官府,元,1297,13世纪,山西省,建筑功能,县级行政机构,0.9
388,临晋县衙,官府,元,1297,13世纪,山西省,建筑功能,理政场所,0.89
388,临晋县衙,官府,元,1297,13世纪,山西省,建筑功能,衙署建筑,0.88
388,临晋县衙,官府,元,1297,13世纪,山西省,营造技艺,抬梁式构架,0.86
388,临晋县衙,官府,元,1297,13世纪,山西省,营造技艺,斗栱铺作,0.83
388,临晋县衙,官府,元,1297,13世纪,山西省,营造技艺,榫卯结构,0.81
388,临晋县衙,官府,元,1297,13世纪,山西省,建筑空间布局,坐北朝南,0.95
388,临晋县衙,官府,元,1297,13世纪,山西省,建筑空间布局,中轴对称,0.93
388,临晋县衙,官府,元,1297,13世纪,山西省,建筑空间布局,三堂序列,0.92
394,乔家大院,民居,清,1756,18世纪,山西省,建筑结构体系,城堡式建筑群,0.95
394,乔家大院,民居,清,1756,18世纪,山西省,建筑结构体系,悬山顶,0.93
394,乔家大院,民居,清,1756,18世纪,山西省,建筑结构体系,硬山顶,0.92
394,乔家大院,民居,清,1756,18世纪,山西省,建筑结构体系,歇山顶,0.91
394,乔家大院,民居,清,1756,18世纪,山西省,建筑结构体系,卷棚顶,0.9
394,乔家大院,民居,清,1756,18世纪,山西省,建筑材料,黄椽木,0.75
394,乔家大院,民居,清,1756,18世纪,山西省,建筑材料,砖石,0.7
394,乔家大院,民居,清,1756,18世纪,山西省,建筑材料,木材,0.68
394,乔家大院,民居,清,1756,18世纪,山西省,建筑功能,防御性住宅,0.85
394,乔家大院,民居,清,1756,18世纪,山西省,建筑功能,民俗博物馆,0.83
394,乔家大院,民居,清,1756,18世纪,山西省,建筑功能,封闭式院落,0.8
394,乔家大院,民居,清,1756,18世纪,山西省,营造技艺,清代北方民居风格,0.8
394,乔家大院,民居,清,1756,18世纪,山西省,营造技艺,中西合璧营造法,0.78
394,乔家大院,民居,清,1756,18世纪,山西省,营造技艺,多样化门窗结构,0.75
394,乔家大院,民居,清,1756,18世纪,山西省,建筑空间布局,囍字形布局,0.98
394,乔家大院,民居,清,1756,18世纪,山西省,建筑空间布局,四合院,0.96
394,乔家大院,民居,清,1756,18世纪,山西省,建筑空间布局,穿心院,0.95
394,乔家大院,民居,清,1756,18世纪,山西省,建筑空间布局,偏正套院,0.94
394,乔家大院,民居,清,1756,18世纪,山西省,建筑空间布局,过庭院,0.93
412,和硕恪靖公主府,官府,清,1697,17世纪,内蒙古自治区,建筑结构体系,硬山式,0.95
412,和硕恪靖公主府,官府,清,1697,17世纪,内蒙古自治区,建筑结构体系,卷棚式,0.93
412,和硕恪靖公主府,官府,清,1697,17世纪,内蒙古自治区,建筑结构体系,大木架结构,0.95
412,和硕恪靖公主府,官府,清,1697,17世纪,内蒙古自治区,建筑材料,汉白玉,0.9
412,和硕恪靖公主府,官府,清,1697,17世纪,内蒙古自治区,建筑材料,木材,0.88
412,和硕恪靖公主府,官府,清,1697,17世纪,内蒙古自治区,建筑功能,公主府邸,0.98
412,和硕恪靖公主府,官府,清,1697,17世纪,内蒙古自治区,建筑功能,博物馆,0.96
412,和硕恪靖公主府,官府,清,1697,17世纪,内蒙古自治区,营造技艺,传统礼制营造,0.85
412,和硕恪靖公主府,官府,清,1697,17世纪,内蒙古自治区,营造技艺,中轴对称施工,0.84
412,和硕恪靖公主府,官府,清,1697,17世纪,内蒙古自治区,建筑空间布局,中轴对称布局,0.97
412,和硕恪靖公主府,官府,清,1697,17世纪,内蒙古自治区,建筑空间布局,四进院落,0.96
412,和硕恪靖公主府,官府,清,1697,17世纪,内蒙古自治区,建筑空间布局,东西厢房,0.95
415,徐霞客故居及晴山堂石刻,民居,明,1368,14世纪,江苏省,建筑结构体系,三进院落,0.95
415,徐霞客故居及晴山堂石刻,民居,明,1368,14世纪,江苏省,建筑结构体系,抬梁式,0.7
415,徐霞客故居及晴山堂石刻,民居,明,1368,14世纪,江苏省,建筑材料,砖雕,0.75
415,徐霞客故居及晴山堂石刻,民居,明,1368,14世纪,江苏省,建筑材料,砖石,0.7
415,徐霞客故居及晴山堂石刻,民居,明,1368,14世纪,江苏省,建筑功能,纪念性建筑,0.9
415,徐霞客故居及晴山堂石刻,民居,明,1368,14世纪,江苏省,建筑功能,陈列展示,0.85
415,徐霞客故居及晴山堂石刻,民居,明,1368,14世纪,江苏省,建筑功能,孝亲庆贺,0.8
415,徐霞客故居及晴山堂石刻,民居,明,1368,14世纪,江苏省,营造技艺,明式砖雕,0.7
415,徐霞客故居及晴山堂石刻,民居,明,1368,14世纪,江苏省,营造技艺,镌刻工艺,0.65
415,徐霞客故居及晴山堂石刻,民居,明,1368,14世纪,江苏省,建筑空间布局,三进院落,0.95
415,徐霞客故居及晴山堂石刻,民居,明,1368,14世纪,江苏省,建筑空间布局,坐北朝南,0.9
415,徐霞客故居及晴山堂石刻,民居,明,1368,14世纪,江苏省,建筑空间布局,厢房对称,0.85
416,退思园,民居,清,1885,19世纪,江苏省,建筑结构体系,木构架,0.85
416,退思园,民居,清,1885,19世纪,江苏省,建筑结构体系,抬梁式,0.75
416,退思园,民居,清,1885,19世纪,江苏省,建筑结构体系,穿斗式,0.7
416,退思园,民居,清,1885,19世纪,江苏省,建筑材料,砖石,0.55
416,退思园,民居,清,1885,19世纪,江苏省,建筑材料,木材,0.5
416,退思园,民居,清,1885,19世纪,江苏省,建筑功能,待客,0.95
416,退思园,民居,清,1885,19世纪,江苏省,建筑功能,居住,0.95
416,退思园,民居,清,1885,19世纪,江苏省,建筑功能,宴客,0.9
416,退思园,民居,清,1885,19世纪,江苏省,营造技艺,环水布局,0.85
416,退思园,民居,清,1885,19世纪,江苏省,营造技艺,紧凑布局,0.8
416,退思园,民居,清,1885,19世纪,江苏省,营造技艺,亭廊结合,0.8
416,退思园,民居,清,1885,19世纪,江苏省,建筑空间布局,横向布局,0.95
416,退思园,民居,清,1885,19世纪,江苏省,建筑空间布局,回廊围合,0.95
416,退思园,民居,清,1885,19世纪,江苏省,建筑空间布局,住宅-庭院-花园序列,0.9
417,宝带桥,桥梁,唐,816,9世纪,江苏省,建筑结构体系,联拱石桥,0.95
417,宝带桥,桥梁,唐,816,9世纪,江苏省,建筑结构体系,多孔石桥,0.93
417,宝带桥,桥梁,唐,816,9世纪,江苏省,建筑结构体系,连拱石桥,0.92
417,宝带桥,桥梁,唐,816,9世纪,江苏省,建筑材料,石材,0.85
417,宝带桥,桥梁,唐,816,9世纪,江苏省,建筑材料,石砌,0.82
417,宝带桥,桥梁,唐,816,9世纪,江苏省,建筑功能,纤道桥,0.9
417,宝带桥,桥梁,唐,816,9世纪,江苏省,建筑功能,交通桥,0.85
417,宝带桥,桥梁,唐,816,9世纪,江苏省,营造技艺,干砌法,0.75
417,宝带桥,桥梁,唐,816,9世纪,江苏省,营造技艺,拱券砌筑,0.78
417,宝带桥,桥梁,唐,816,9世纪,江苏省,营造技艺,石构榫卯,0.7
417,宝带桥,桥梁,唐,816,9世纪,江苏省,建筑空间布局,南北向布局,0.9
417,宝带桥,桥梁,唐,816,9世纪,江苏省,建筑空间布局,跨河布局,0.88
417,宝带桥,桥梁,唐,816,9世纪,江苏省,建筑空间布局,平行运河布局,0.87
418,耦园,民居,清,1723,18世纪,江苏省,建筑结构体系,重楼连接,0.92
418,耦园,民居,清,1723,18世纪,江苏省,建筑结构体系,四进厅堂,0.92
418,耦园,民居,清,1723,18世纪,江苏省,建筑结构体系,两两呼应,0.91
418,耦园,民居,清,1723,18世纪,江苏省,建筑材料,黄石,0.95
418,耦园,民居,清,1723,18世纪,江苏省,建筑材料,湖石,0.95
418,耦园,民居,清,1723,18世纪,江苏省,建筑材料,假山石,0.93
418,耦园,民居,清,1723,18世纪,江苏省,建筑功能,书斋,0.88
418,耦园,民居,清,1723,18世纪,江苏省,建筑功能,藏书楼,0.87
418,耦园,民居,清,1723,18世纪,江苏省,建筑功能,住宅园林,0.86
418,耦园,民居,清,1723,18世纪,江苏省,营造技艺,黄石叠山,0.9
418,耦园,民居,清,1723,18世纪,江苏省,营造技艺,湖石理水,0.89
418,耦园,民居,清,1723,18世纪,江苏省,营造技艺,对景借景,0.87
418,耦园,民居,清,1723,18世纪,江苏省,建筑空间布局,中轴对称,0.96
418,耦园,民居,清,1723,18世纪,江苏省,建筑空间布局,东西对偶,0.95
418,耦园,民居,清,1723,18世纪,江苏省,建筑空间布局,山主池辅,0.94
418,耦园,民居,清,1723,18世纪,江苏省,建筑空间布局,三段式布局,0.93
420,水绘园,民居,明,1573,16世纪,江苏省,建筑结构体系,画舫式,0.85
420,水绘园,民居,明,1573,16世纪,江苏省,建筑结构体系,二层楼阁,0.8
420,水绘园,民居,明,1573,16世纪,江苏省,建筑材料,木材,0.6
420,水绘园,民居,明,1573,16世纪,江苏省,建筑材料,砖石,0.55
420,水绘园,民居,明,1573,16世纪,江苏省,建筑功能,客座,0.8
420,水绘园,民居,明,1573,16世纪,江苏省,建筑功能,暖阁,0.75
420,水绘园,民居,明,1573,16世纪,江苏省,营造技艺,传统木构,0.6
420,水绘园,民居,明,1573,16世纪,江苏省,营造技艺,榫卯结构,0.55
420,水绘园,民居,明,1573,16世纪,江苏省,建筑空间布局,临水布局,0.75
420,水绘园,民居,明,1573,16世纪,江苏省,建筑空间布局,画舫式布局,0.7
420,水绘园,民居,明,1573,16世纪,江苏省,建筑空间布局,池畔建筑,0.65
421,古月桥,桥梁,宋,1213,13世纪,浙江省,建筑结构体系,单拱折边形石拱桥,0.98
421,古月桥,桥梁,宋,1213,13世纪,浙江省,建筑结构体系,五边形拱,0.96
421,古月桥,桥梁,宋,1213,13世纪,浙江省,建筑结构体系,纵联分节并列砌置,0.95
421,古月桥,桥梁,宋,1213,13世纪,浙江省,建筑材料,条石,0.95
421,古月桥,桥梁,宋,1213,13世纪,浙江省,建筑材料,横锁石,0.93
421,古月桥,桥梁,宋,1213,13世纪,浙江省,建筑功能,交通桥梁,0.94
421,古月桥,桥梁,宋,1213,13世纪,浙江省,建筑功能,跨河通道,0.92
421,古月桥,桥梁,宋,1213,13世纪,浙江省,营造技艺,纵联分节并列砌置法,0.92
421,古月桥,桥梁,宋,1213,13世纪,浙江省,营造技艺,横锁石承接,0.9
421,古月桥,桥梁,宋,1213,13世纪,浙江省,建筑空间布局,单跨拱桥,0.9
421,古月桥,桥梁,宋,1213,13世纪,浙江省,建筑空间布局,引桥对称布局,0.88
422,黄山八面厅,民居,清,1796,18世纪,浙江省,建筑结构体系,中轴对称,0.95
422,黄山八面厅,民居,清,1796,18世纪,浙江省,建筑结构体系,横纵轴线布局,0.93
422,黄山八面厅,民居,清,1796,18世纪,浙江省,建筑材料,木材,0.9
422,黄山八面厅,民居,清,1796,18世纪,浙江省,建筑材料,砖石,0.88
422,黄山八面厅,民居,清,1796,18世纪,浙江省,建筑材料,木雕,0.87
422,黄山八面厅,民居,清,1796,18世纪,浙江省,建筑功能,八厅七井,0.85
422,黄山八面厅,民居,清,1796,18世纪,浙江省,建筑功能,前园后宅,0.84
422,黄山八面厅,民居,清,1796,18世纪,浙江省,营造技艺,木雕,0.88
422,黄山八面厅,民居,清,1796,18世纪,浙江省,营造技艺,砖雕,0.86
422,黄山八面厅,民居,清,1796,18世纪,浙江省,营造技艺,石雕,0.85
422,黄山八面厅,民居,清,1796,18世纪,浙江省,建筑空间布局,中轴线布局,0.96
422,黄山八面厅,民居,清,1796,18世纪,浙江省,建筑空间布局,三合院,0.94
422,黄山八面厅,民居,清,1796,18世纪,浙江省,建筑空间布局,前园后宅,0.92
428,如龙桥,桥梁,明,1625,17世纪,浙江省,建筑结构体系,木拱廊桥,0.95
428,如龙桥,桥梁,明,1625,17世纪,浙江省,建筑结构体系,单孔木拱,0.93
428,如龙桥,桥梁,明,1625,17世纪,浙江省,建筑结构体系,廊屋结构,0.9
428,如龙桥,桥梁,明,1625,17世纪,浙江省,建筑材料,木材,0.9
428,如龙桥,桥梁,明,1625,17世纪,浙江省,建筑材料,木构,0.88
428,如龙桥,桥梁,明,1625,17世纪,浙江省,建筑功能,交通通行,0.85
428,如龙桥,桥梁,明,1625,17世纪,浙江省,建筑功能,休憩遮蔽,0.83
428,如龙桥,桥梁,明,1625,17世纪,浙江省,建筑功能,亭台楼阁复合功能,0.8
428,如龙桥,桥梁,明,1625,17世纪,浙江省,营造技艺,宋代遗风,0.75
428,如龙桥,桥梁,明,1625,17世纪,浙江省,营造技艺,木拱架设技艺,0.73
428,如龙桥,桥梁,明,1625,17世纪,浙江省,建筑空间布局,九间廊屋,0.9
428,如龙桥,桥梁,明,1625,17世纪,浙江省,建筑空间布局,南北走向,0.88
428,如龙桥,桥梁,明,1625,17世纪,浙江省,建筑空间布局,横跨溪流,0.85
431,文澜阁,官府,清,1782,18世纪,浙江省,建筑结构体系,重檐歇山顶,0.95
431,文澜阁,官府,清,1782,18世纪,浙江省,建筑结构体系,六开间,0.93
431,文澜阁,官府,清,1782,18世纪,浙江省,建筑结构体系,夹层结构,0.9
431,文澜阁,官府,清,1782,18世纪,浙江省,建筑结构体系,仿天一阁式,0.88
431,文澜阁,官府,清,1782,18世纪,浙江省,建筑材料,砖石,0.6
431,文澜阁,官府,清,1782,18世纪,浙江省,建筑材料,木材,0.58
431,文澜阁,官府,清,1782,18世纪,浙江省,建筑材料,奇石,0.55
431,文澜阁,官府,清,1782,18世纪,浙江省,建筑功能,藏书阁,0.98
431,文澜阁,官府,清,1782,18世纪,浙江省,建筑功能,四库全书贮藏,0.97
431,文澜阁,官府,清,1782,18世纪,浙江省,建筑功能,图书馆前身,0.95
431,文澜阁,官府,清,1782,18世纪,浙江省,营造技艺,传统江南营造法,0.4
431,文澜阁,官府,清,1782,18世纪,浙江省,营造技艺,庭院叠山技艺,0.35
431,文澜阁,官府,清,1782,18世纪,浙江省,建筑空间布局,三进院落,0.97
431,文澜阁,官府,清,1782,18世纪,浙江省,建筑空间布局,江南庭院式布局,0.96
431,文澜阁,官府,清,1782,18世纪,浙江省,建筑空间布局,池阁相映格局,0.94
431,文澜阁,官府,清,1782,18世纪,浙江省,建筑空间布局,轴线对称布局,0.92
431,文澜阁,官府,清,1782,18世纪,浙江省,建筑空间布局,仿天一阁布局,0.9
433,八字桥,桥梁,宋,1131,12世纪,浙江省,建筑结构体系,梁桥,0.8
433,八字桥,桥梁,宋,1131,12世纪,浙江省,建筑结构体系,石拱桥,0.65
433,八字桥,桥梁,宋,1131,12世纪,浙江省,建筑材料,石材,0.55
433,八字桥,桥梁,宋,1131,12世纪,浙江省,建筑材料,砖石,0.5
433,八字桥,桥梁,宋,1131,12世纪,浙江省,建筑功能,古桥,0.6
433,八字桥,桥梁,宋,1131,12世纪,浙江省,建筑功能,交通设施,0.55
433,八字桥,桥梁,宋,1131,12世纪,浙江省,营造技艺,干砌石工,0.7
433,八字桥,桥梁,宋,1131,12世纪,浙江省,营造技艺,榫卯石构,0.6
433,八字桥,桥梁,宋,1131,12世纪,浙江省,建筑空间布局,八字形布局,0.85
433,八字桥,桥梁,宋,1131,12世纪,浙江省,建筑空间布局,多向引桥,0.7
434,吕府,官府,明,1554,16世纪,浙江省,建筑结构体系,硬山式,0.95
434,吕府,官府,明,1554,16世纪,浙江省,建筑材料,木材,0.85
434,吕府,官府,明,1554,16世纪,浙江省,建筑材料,青砖,0.8
434,吕府,官府,明,1554,16世纪,浙江省,建筑材料,石材,0.75
434,吕府,官府,明,1554,16世纪,浙江省,建筑功能,府邸,0.9
434,吕府,官府,明,1554,16世纪,浙江省,营造技艺,彩绘,0.85
434,吕府,官府,明,1554,16世纪,浙江省,建筑空间布局,纵轴横轴布局,0.98
434,吕府,官府,明,1554,16世纪,浙江省,建筑空间布局,十三院落,0.98
434,吕府,官府,明,1554,16世纪,浙江省,建筑空间布局,吕府十三厅,0.98
436,台州府城墙,官府,东晋,317,4世纪,浙江省,建筑结构体系,马面,0.95
436,台州府城墙,官府,东晋,317,4世纪,浙江省,建筑结构体系,瓮城,0.95
436,台州府城墙,官府,东晋,317,4世纪,浙江省,建筑结构体系,弧形马面,0.94
436,台州府城墙,官府,东晋,317,4世纪,浙江省,建筑结构体系,依山就势布局,0.93
436,台州府城墙,官府,东晋,317,4世纪,浙江省,建筑材料,砖石,0.85
436,台州府城墙,官府,东晋,317,4世纪,浙江省,建筑材料,糯米灰浆,0.85
436,台州府城墙,官府,东晋,317,4世纪,浙江省,建筑功能,军事防御,0.98
436,台州府城墙,官府,东晋,317,4世纪,浙江省,建筑功能,防洪堤,0.98
436,台州府城墙,官府,东晋,317,4世纪,浙江省,建筑功能,城门防洪,0.97
436,台州府城墙,官府,东晋,317,4世纪,浙江省,营造技艺,砖石包砌,0.93
436,台州府城墙,官府,东晋,317,4世纪,浙江省,营造技艺,弧形马面工艺,0.92
436,台州府城墙,官府,东晋,317,4世纪,浙江省,营造技艺,天窗结构,0.91
436,台州府城墙,官府,东晋,317,4世纪,浙江省,营造技艺,捍城护城技术,0.9
436,台州府城墙,官府,东晋,317,4世纪,浙江省,建筑空间布局,子母双城,0.96
436,台州府城墙,官府,东晋,317,4世纪,浙江省,建筑空间布局,棋盘式街巷,0.95
436,台州府城墙,官府,东晋,317,4世纪,浙江省,建筑空间布局,两山两水格局,0.94
436,台州府城墙,官府,东晋,317,4世纪,浙江省,建筑空间布局,不规则城池轮廓,0.93
440,绮园,民居,清,1870,19世纪,浙江省,建筑结构体系,硬山顶,0.95
440,绮园,民居,清,1870,19世纪,浙江省,建筑结构体系,九檩,0.93
440,绮园,民居,清,1870,19世纪,浙江省,建筑结构体系,堂楼,0.9
440,绮园,民居,清,1870,19世纪,浙江省,建筑结构体系,三乐堂,0.88
440,绮园,民居,清,1870,19世纪,浙江省,建筑材料,砖雕,0.75
440,绮园,民居,清,1870,19世纪,浙江省,建筑材料,青砖,0.7
440,绮园,民居,清,1870,19世纪,浙江省,建筑功能,住宅,0.9
440,绮园,民居,清,1870,19世纪,浙江省,建筑功能,园林,0.9
440,绮园,民居,清,1870,19世纪,浙江省,建筑功能,疗养院,0.85
440,绮园,民居,清,1870,19世纪,浙江省,建筑功能,公共公园,0.8
440,绮园,民居,清,1870,19世纪,浙江省,营造技艺,水随山转，山因水活,0.95
440,绮园,民居,清,1870,19世纪,浙江省,营造技艺,三山夹两池,0.94
440,绮园,民居,清,1870,19世纪,浙江省,营造技艺,自然山水造园,0.92
440,绮园,民居,清,1870,19世纪,浙江省,营造技艺,苏扬杭融合风格,0.9
440,绮园,民居,清,1870,19世纪,浙江省,建筑空间布局,三山夹两水,0.98
440,绮园,民居,清,1870,19世纪,浙江省,建筑空间布局,南北两区,0.96
440,绮园,民居,清,1870,19世纪,浙江省,建筑空间布局,九曲桥,0.94
440,绮园,民居,清,1870,19世纪,浙江省,建筑空间布局,潭影轩,0.92
440,绮园,民居,清,1870,19世纪,浙江省,建筑空间布局,绮园十景,0.9
441,斯氏古民居建筑群,民居,唐,1644,17世纪,浙江省,建筑结构体系,木构架,0.85
441,斯氏古民居建筑群,民居,唐,1644,17世纪,浙江省,建筑结构体系,穿斗式,0.8
441,斯氏古民居建筑群,民居,唐,1644,17世纪,浙江省,建筑材料,青砖,0.9
441,斯氏古民居建筑群,民居,唐,1644,17世纪,浙江省,建筑材料,木材,0.9
441,斯氏古民居建筑群,民居,唐,1644,17世纪,浙江省,建筑材料,石材,0.85
441,斯氏古民居建筑群,民居,唐,1644,17世纪,浙江省,建筑功能,聚族而居,0.85
441,斯氏古民居建筑群,民居,唐,1644,17世纪,浙江省,建筑功能,宗族建筑,0.85
441,斯氏古民居建筑群,民居,唐,1644,17世纪,浙江省,营造技艺,江南民居建筑技术,0.7
441,斯氏古民居建筑群,民居,唐,1644,17世纪,浙江省,营造技艺,生态营造,0.7
441,斯氏古民居建筑群,民居,唐,1644,17世纪,浙江省,建筑空间布局,围院结构,0.95
441,斯氏古民居建筑群,民居,唐,1644,17世纪,浙江省,建筑空间布局,合院组合,0.95
441,斯氏古民居建筑群,民居,唐,1644,17世纪,浙江省,建筑空间布局,轴线对称,0.95
449,程氏三宅,民居,元,1368,14世纪,安徽省,建筑结构体系,穿斗式,0.95
449,程氏三宅,民居,元,1368,14世纪,安徽省,建筑结构体系,砖木结构,0.95
449,程氏三宅,民居,元,1368,14世纪,安徽省,建筑材料,砖,0.85
449,程氏三宅,民居,元,1368,14世纪,安徽省,建筑材料,木材,0.85
449,程氏三宅,民居,元,1368,14世纪,安徽省,建筑功能,民居,0.95
449,程氏三宅,民居,元,1368,14世纪,安徽省,营造技艺,木雕,0.9
449,程氏三宅,民居,元,1368,14世纪,安徽省,营造技艺,砖雕,0.9
449,程氏三宅,民居,元,1368,14世纪,安徽省,营造技艺,石雕,0.9
449,程氏三宅,民居,元,1368,14世纪,安徽省,建筑空间布局,一脊两堂,0.95
449,程氏三宅,民居,元,1368,14世纪,安徽省,建筑空间布局,三合院,0.95
449,程氏三宅,民居,元,1368,14世纪,安徽省,建筑空间布局,天井,0.95
449,程氏三宅,民居,元,1368,14世纪,安徽省,建筑空间布局,五开间,0.95
452,宏村古建筑群,民居,宋,1131,12世纪,安徽省,建筑结构体系,天井院落,0.95
452,宏村古建筑群,民居,宋,1131,12世纪,安徽省,建筑结构体系,回廊式,0.94
452,宏村古建筑群,民居,宋,1131,12世纪,安徽省,建筑结构体系,二进院落,0.93
452,宏村古建筑群,民居,宋,1131,12世纪,安徽省,建筑材料,木材,0.92
452,宏村古建筑群,民居,宋,1131,12世纪,安徽省,建筑材料,砖雕,0.91
452,宏村古建筑群,民居,宋,1131,12世纪,安徽省,建筑材料,石雕,0.9
452,宏村古建筑群,民居,宋,1131,12世纪,安徽省,建筑功能,住宅,0.98
452,宏村古建筑群,民居,宋,1131,12世纪,安徽省,建筑功能,宗祠,0.97
452,宏村古建筑群,民居,宋,1131,12世纪,安徽省,建筑功能,书院,0.96
452,宏村古建筑群,民居,宋,1131,12世纪,安徽省,建筑功能,私家园林,0.95
452,宏村古建筑群,民居,宋,1131,12世纪,安徽省,营造技艺,木雕,0.94
452,宏村古建筑群,民居,宋,1131,12世纪,安徽省,营造技艺,砖雕,0.93
452,宏村古建筑群,民居,宋,1131,12世纪,安徽省,营造技艺,石雕,0.92
452,宏村古建筑群,民居,宋,1131,12世纪,安徽省,建筑空间布局,牛形布局,0.99
452,宏村古建筑群,民居,宋,1131,12世纪,安徽省,建筑空间布局,水街巷,0.97
452,宏村古建筑群,民居,宋,1131,12世纪,安徽省,建筑空间布局,月沼中心布局,0.96
453,西递村古建筑群,民居,宋,1086,11世纪,安徽省,建筑结构体系,穿斗式,0.85
453,西递村古建筑群,民居,宋,1086,11世纪,安徽省,建筑结构体系,抬梁式,0.85
453,西递村古建筑群,民居,宋,1086,11世纪,安徽省,建筑结构体系,徽派木构架,0.8
453,西递村古建筑群,民居,宋,1086,11世纪,安徽省,建筑材料,青石,0.85
453,西递村古建筑群,民居,宋,1086,11世纪,安徽省,建筑材料,木材,0.85
453,西递村古建筑群,民居,宋,1086,11世纪,安徽省,建筑材料,砖石,0.85
453,西递村古建筑群,民居,宋,1086,11世纪,安徽省,建筑功能,古民居,0.9
453,西递村古建筑群,民居,宋,1086,11世纪,安徽省,建筑功能,祠堂,0.9
453,西递村古建筑群,民居,宋,1086,11世纪,安徽省,建筑功能,公共建筑,0.9
453,西递村古建筑群,民居,宋,1086,11世纪,安徽省,营造技艺,木雕,0.8
453,西递村古建筑群,民居,宋,1086,11世纪,安徽省,营造技艺,石雕,0.8
453,西递村古建筑群,民居,宋,1086,11世纪,安徽省,营造技艺,砖雕,0.8
453,西递村古建筑群,民居,宋,1086,11世纪,安徽省,营造技艺,石雕漏窗,0.8
453,西递村古建筑群,民居,宋,1086,11世纪,安徽省,建筑空间布局,主道贯穿东西,0.95
453,西递村古建筑群,民居,宋,1086,11世纪,安徽省,建筑空间布局,街巷沿溪而设,0.95
453,西递村古建筑群,民居,宋,1086,11世纪,安徽省,建筑空间布局,窄巷纵横,0.95
453,西递村古建筑群,民居,宋,1086,11世纪,安徽省,建筑空间布局,小广场前置,0.95
457,安贞堡,民居,清,1885,19世纪,福建省,建筑结构体系,夯土墙,0.95
457,安贞堡,民居,清,1885,19世纪,福建省,建筑结构体系,跑马道,0.94
457,安贞堡,民居,清,1885,19世纪,福建省,建筑结构体系,碉楼,0.93
457,安贞堡,民居,清,1885,19世纪,福建省,建筑结构体系,悬山式顶,0.92
457,安贞堡,民居,清,1885,19世纪,福建省,建筑结构体系,歇山式顶,0.91
457,安贞堡,民居,清,1885,19世纪,福建省,建筑材料,石料,0.93
457,安贞堡,民居,清,1885,19世纪,福建省,建筑材料,生土,0.92
457,安贞堡,民居,清,1885,19世纪,福建省,建筑材料,松木,0.9
457,安贞堡,民居,清,1885,19世纪,福建省,建筑材料,楠木,0.89
457,安贞堡,民居,清,1885,19世纪,福建省,建筑功能,防御功能,0.95
457,安贞堡,民居,清,1885,19世纪,福建省,建筑功能,谷仓,0.92
457,安贞堡,民居,清,1885,19世纪,福建省,建筑功能,会客厅,0.91
457,安贞堡,民居,清,1885,19世纪,福建省,建筑功能,贮藏间,0.9
457,安贞堡,民居,清,1885,19世纪,福建省,营造技艺,木雕,0.94
457,安贞堡,民居,清,1885,19世纪,福建省,营造技艺,彩绘,0.93
457,安贞堡,民居,清,1885,19世纪,福建省,营造技艺,泥塑,0.92
457,安贞堡,民居,清,1885,19世纪,福建省,营造技艺,壁画,0.91
457,安贞堡,民居,清,1885,19世纪,福建省,营造技艺,浮雕,0.9
457,安贞堡,民居,清,1885,19世纪,福建省,建筑空间布局,三进院落,0.95
457,安贞堡,民居,清,1885,19世纪,福建省,建筑空间布局,围院结构,0.94
457,安贞堡,民居,清,1885,19世纪,福建省,建筑空间布局,天井布局,0.93
457,安贞堡,民居,清,1885,19世纪,福建省,建筑空间布局,依山就势,0.92
459,蔡氏古民居建筑群,民居,清,1855,19世纪,福建省,建筑结构体系,穿斗式,0.98
459,蔡氏古民居建筑群,民居,清,1855,19世纪,福建省,建筑结构体系,硬山屋顶,0.96
459,蔡氏古民居建筑群,民居,清,1855,19世纪,福建省,建筑结构体系,卷棚式屋顶,0.95
459,蔡氏古民居建筑群,民居,清,1855,19世纪,福建省,建筑材料,花岗岩,0.95
459,蔡氏古民居建筑群,民居,清,1855,19世纪,福建省,建筑材料,石材,0.93
459,蔡氏古民居建筑群,民居,清,1855,19世纪,福建省,建筑功能,交通通道,0.85
459,蔡氏古民居建筑群,民居,清,1855,19世纪,福建省,建筑功能,晒谷场,0.84
459,蔡氏古民居建筑群,民居,清,1855,19世纪,福建省,建筑功能,休憩空间,0.83
459,蔡氏古民居建筑群,民居,清,1855,19世纪,福建省,营造技艺,传统木构营造,0.8
459,蔡氏古民居建筑群,民居,清,1855,19世纪,福建省,营造技艺,石路铺筑,0.78
459,蔡氏古民居建筑群,民居,清,1855,19世纪,福建省,建筑空间布局,多进院落,0.96
459,蔡氏古民居建筑群,民居,清,1855,19世纪,福建省,建筑空间布局,护厝布局,0.95
459,蔡氏古民居建筑群,民居,清,1855,19世纪,福建省,建筑空间布局,厢房对称,0.94
459,蔡氏古民居建筑群,民居,清,1855,19世纪,福建省,建筑空间布局,独立连通,0.93
464,江东桥,桥梁,宋,1190,12世纪,福建省,建筑结构体系,石梁桥,0.95
464,江东桥,桥梁,宋,1190,12世纪,福建省,建筑结构体系,桥墩结构,0.93
464,江东桥,桥梁,宋,1190,12世纪,福建省,建筑结构体系,巨石桥面,0.92
464,江东桥,桥梁,宋,1190,12世纪,福建省,建筑材料,石材,0.97
464,江东桥,桥梁,宋,1190,12世纪,福建省,建筑材料,石墩,0.96
464,江东桥,桥梁,宋,1190,12世纪,福建省,建筑材料,巨石,0.95
464,江东桥,桥梁,宋,1190,12世纪,福建省,建筑功能,交通枢纽,0.96
464,江东桥,桥梁,宋,1190,12世纪,福建省,建筑功能,军事要冲,0.95
464,江东桥,桥梁,宋,1190,12世纪,福建省,建筑功能,三省通衢,0.94
464,江东桥,桥梁,宋,1190,12世纪,福建省,营造技艺,巨石吊装技术,0.92
464,江东桥,桥梁,宋,1190,12世纪,福建省,营造技艺,石桥营造法,0.9
464,江东桥,桥梁,宋,1190,12世纪,福建省,建筑空间布局,跨水道布局,0.9
464,江东桥,桥梁,宋,1190,12世纪,福建省,建筑空间布局,国道桥梁选址,0.89
465,赵家堡—诒安堡,民居,明,1600,16世纪,福建省,建筑结构体系,内外双城结构,0.95
465,赵家堡—诒安堡,民居,明,1600,16世纪,福建省,建筑结构体系,完璧楼,0.95
465,赵家堡—诒安堡,民居,明,1600,16世纪,福建省,建筑结构体系,瓮城,0.93
465,赵家堡—诒安堡,民居,明,1600,16世纪,福建省,建筑结构体系,防御性城墙,0.92
465,赵家堡—诒安堡,民居,明,1600,16世纪,福建省,建筑材料,石刻,0.6
465,赵家堡—诒安堡,民居,明,1600,16世纪,福建省,建筑材料,砖石,0.55
465,赵家堡—诒安堡,民居,明,1600,16世纪,福建省,建筑材料,仿宋建材,0.5
465,赵家堡—诒安堡,民居,明,1600,16世纪,福建省,建筑功能,防御性居城,0.9
465,赵家堡—诒安堡,民居,明,1600,16世纪,福建省,建筑功能,宗族聚居,0.88
465,赵家堡—诒安堡,民居,明,1600,16世纪,福建省,建筑功能,陈列展示,0.85
465,赵家堡—诒安堡,民居,明,1600,16世纪,福建省,营造技艺,仿汴京营造法,0.4
465,赵家堡—诒安堡,民居,明,1600,16世纪,福建省,营造技艺,传统城池建造技艺,0.35
465,赵家堡—诒安堡,民居,明,1600,16世纪,福建省,建筑空间布局,三重规制布局,0.95
465,赵家堡—诒安堡,民居,明,1600,16世纪,福建省,建筑空间布局,仿汴京格局,0.95
465,赵家堡—诒安堡,民居,明,1600,16世纪,福建省,建筑空间布局,官厅群布局,0.9
465,赵家堡—诒安堡,民居,明,1600,16世纪,福建省,建筑空间布局,园林式布局,0.88
466,流坑村古建筑群,民居,五代十国,937,10世纪,江西省,建筑结构体系,穿斗式木构架,0.75
466,流坑村古建筑群,民居,五代十国,937,10世纪,江西省,建筑结构体系,抬梁式结构,0.65
466,流坑村古建筑群,民居,五代十国,937,10世纪,江西省,建筑材料,青砖,0.8
466,流坑村古建筑群,民居,五代十国,937,10世纪,江西省,建筑材料,木材,0.85
466,流坑村古建筑群,民居,五代十国,937,10世纪,江西省,建筑材料,石材,0.7
466,流坑村古建筑群,民居,五代十国,937,10世纪,江西省,建筑功能,赣派建筑,0.65
466,流坑村古建筑群,民居,五代十国,937,10世纪,江西省,建筑功能,历史文化载体,0.6
466,流坑村古建筑群,民居,五代十国,937,10世纪,江西省,建筑功能,民俗展示空间,0.55
466,流坑村古建筑群,民居,五代十国,937,10世纪,江西省,营造技艺,雕花门窗,0.7
466,流坑村古建筑群,民居,五代十国,937,10世纪,江西省,营造技艺,天井院落营造,0.75
466,流坑村古建筑群,民居,五代十国,937,10世纪,江西省,营造技艺,马头墙砌筑,0.65
466,流坑村古建筑群,民居,五代十国,937,10世纪,江西省,建筑空间布局,依山傍水,0.6
466,流坑村古建筑群,民居,五代十国,937,10世纪,江西省,建筑空间布局,沿江布局,0.58
466,流坑村古建筑群,民居,五代十国,937,10世纪,江西省,建筑空间布局,村落环山,0.55
467,关西新围、燕翼围,民居,清,1644,17世纪,江西省,建筑结构体系,围院结构,0.95
467,关西新围、燕翼围,民居,清,1644,17世纪,江西省,建筑结构体系,高墙厚壁,0.93
467,关西新围、燕翼围,民居,清,1644,17世纪,江西省,建筑结构体系,敌楼,0.92
467,关西新围、燕翼围,民居,清,1644,17世纪,江西省,建筑结构体系,枪眼望孔,0.91
467,关西新围、燕翼围,民居,清,1644,17世纪,江西省,建筑材料,生土,0.65
467,关西新围、燕翼围,民居,清,1644,17世纪,江西省,建筑材料,砖石,0.6
467,关西新围、燕翼围,民居,清,1644,17世纪,江西省,建筑功能,住宅,0.9
467,关西新围、燕翼围,民居,清,1644,17世纪,江西省,建筑功能,祠堂,0.89
467,关西新围、燕翼围,民居,清,1644,17世纪,江西省,建筑功能,书院,0.88
467,关西新围、燕翼围,民居,清,1644,17世纪,江西省,建筑功能,防御城堡,0.87
467,关西新围、燕翼围,民居,清,1644,17世纪,江西省,营造技艺,夯土技术,0.6
467,关西新围、燕翼围,民居,清,1644,17世纪,江西省,营造技艺,糯米灰浆,0.55
467,关西新围、燕翼围,民居,清,1644,17世纪,江西省,建筑空间布局,坐西南朝东北,0.85
467,关西新围、燕翼围,民居,清,1644,17世纪,江西省,建筑空间布局,近正方形平面,0.84
467,关西新围、燕翼围,民居,清,1644,17世纪,江西省,建筑空间布局,多进院落,0.75
469,临清运河钞关,官府,明,1429,15世纪,山东省,建筑结构体系,木构架,0.85
469,临清运河钞关,官府,明,1429,15世纪,山东省,建筑结构体系,抬梁式,0.8
469,临清运河钞关,官府,明,1429,15世纪,山东省,建筑材料,青砖,0.88
469,临清运河钞关,官府,明,1429,15世纪,山东省,建筑材料,灰瓦,0.86
469,临清运河钞关,官府,明,1429,15世纪,山东省,建筑材料,木材,0.9
469,临清运河钞关,官府,明,1429,15世纪,山东省,建筑功能,钞关,0.95
469,临清运河钞关,官府,明,1429,15世纪,山东省,建筑功能,榷税机构,0.93
469,临清运河钞关,官府,明,1429,15世纪,山东省,建筑功能,漕运税收衙署,0.92
469,临清运河钞关,官府,明,1429,15世纪,山东省,营造技艺,传统官式营造,0.82
469,临清运河钞关,官府,明,1429,15世纪,山东省,营造技艺,榫卯结构,0.8
469,临清运河钞关,官府,明,1429,15世纪,山东省,建筑空间布局,三进院落,0.9
469,临清运河钞关,官府,明,1429,15世纪,山东省,建筑空间布局,围院结构,0.88
469,临清运河钞关,官府,明,1429,15世纪,山东省,建筑空间布局,南北穿厅,0.87
469,临清运河钞关,官府,明,1429,15世纪,山东省,建筑空间布局,跨院布局,0.85
472,康百万庄园,民居,明,1773,18世纪,河南省,建筑结构体系,窑洞,0.95
472,康百万庄园,民居,明,1773,18世纪,河南省,建筑结构体系,四合院,0.94
472,康百万庄园,民居,明,1773,18世纪,河南省,建筑结构体系,堡垒式建筑,0.93
472,康百万庄园,民居,明,1773,18世纪,河南省,建筑结构体系,楼房与寨墙结合,0.92
472,康百万庄园,民居,明,1773,18世纪,河南省,建筑材料,黄土,0.65
472,康百万庄园,民居,明,1773,18世纪,河南省,建筑材料,砖石,0.6
472,康百万庄园,民居,明,1773,18世纪,河南省,建筑材料,木材,0.58
472,康百万庄园,民居,明,1773,18世纪,河南省,建筑功能,自给自足综合体,0.92
472,康百万庄园,民居,明,1773,18世纪,河南省,建筑功能,多功能集成,0.9
472,康百万庄园,民居,明,1773,18世纪,河南省,建筑功能,小社会化空间,0.89
472,康百万庄园,民居,明,1773,18世纪,河南省,建筑功能,仓储与生产兼备,0.87
472,康百万庄园,民居,明,1773,18世纪,河南省,营造技艺,砖雕,0.85
472,康百万庄园,民居,明,1773,18世纪,河南省,营造技艺,木雕,0.85
472,康百万庄园,民居,明,1773,18世纪,河南省,营造技艺,石雕,0.85
472,康百万庄园,民居,明,1773,18世纪,河南省,营造技艺,天人合一选址,0.84
472,康百万庄园,民居,明,1773,18世纪,河南省,建筑空间布局,多区并置,0.96
472,康百万庄园,民居,明,1773,18世纪,河南省,建筑空间布局,主宅居中,0.95
472,康百万庄园,民居,明,1773,18世纪,河南省,建筑空间布局,院落组合,0.94
472,康百万庄园,民居,明,1773,18世纪,河南省,建筑空间布局,功能分区明确,0.93
476,小商桥,桥梁,隋,584,6世纪,河南省,建筑结构体系,单拱敞肩,0.98
476,小商桥,桥梁,隋,584,6世纪,河南省,建筑结构体系,坦拱敞肩石桥,0.98
476,小商桥,桥梁,隋,584,6世纪,河南省,建筑结构体系,并列砌筑拱券,0.97
476,小商桥,桥梁,隋,584,6世纪,河南省,建筑结构体系,腰铁加固,0.96
476,小商桥,桥梁,隋,584,6世纪,河南省,建筑材料,红砂岩,0.95
476,小商桥,桥梁,隋,584,6世纪,河南省,建筑功能,跨河桥梁,0.85
476,小商桥,桥梁,隋,584,6世纪,河南省,建筑功能,交通通道,0.84
476,小商桥,桥梁,隋,584,6世纪,河南省,营造技艺,并列砌筑法,0.97
476,小商桥,桥梁,隋,584,6世纪,河南省,营造技艺,腰铁连接,0.96
476,小商桥,桥梁,隋,584,6世纪,河南省,营造技艺,咬铁连接,0.95
476,小商桥,桥梁,隋,584,6世纪,河南省,营造技艺,石刻装饰,0.93
476,小商桥,桥梁,隋,584,6世纪,河南省,建筑空间布局,南北走向,0.93
476,小商桥,桥梁,隋,584,6世纪,河南省,建筑空间布局,单主拱双小拱,0.92
476,小商桥,桥梁,隋,584,6世纪,河南省,建筑空间布局,对称敞肩布局,0.91
477,南阳知府衙门,官府,元,1271,13世纪,河南省,建筑结构体系,木构架,0.88
477,南阳知府衙门,官府,元,1271,13世纪,河南省,建筑结构体系,抬梁式,0.85
477,南阳知府衙门,官府,元,1271,13世纪,河南省,建筑材料,青砖,0.9
477,南阳知府衙门,官府,元,1271,13世纪,河南省,建筑材料,灰瓦,0.89
477,南阳知府衙门,官府,元,1271,13世纪,河南省,建筑材料,木材,0.91
477,南阳知府衙门,官府,元,1271,13世纪,河南省,建筑功能,官署,0.95
477,南阳知府衙门,官府,元,1271,13世纪,河南省,建筑功能,行政中心,0.93
477,南阳知府衙门,官府,元,1271,13世纪,河南省,建筑功能,知府衙门,0.95
477,南阳知府衙门,官府,元,1271,13世纪,河南省,营造技艺,重修,0.85
477,南阳知府衙门,官府,元,1271,13世纪,河南省,营造技艺,扩修,0.83
477,南阳知府衙门,官府,元,1271,13世纪,河南省,营造技艺,捐俸修葺,0.82
477,南阳知府衙门,官府,元,1271,13世纪,河南省,建筑空间布局,规制完备,0.9
477,南阳知府衙门,官府,元,1271,13世纪,河南省,建筑空间布局,中轴对称,0.88
477,南阳知府衙门,官府,元,1271,13世纪,河南省,建筑空间布局,院落式布局,0.87
492,大水井古建筑群,民居,明,1846,19世纪,湖北省,建筑结构体系,抬梁式,0.92
492,大水井古建筑群,民居,明,1846,19世纪,湖北省,建筑结构体系,穿斗式,0.9
492,大水井古建筑群,民居,明,1846,19世纪,湖北省,建筑结构体系,四合院式,0.95
492,大水井古建筑群,民居,明,1846,19世纪,湖北省,建筑材料,青花瓷片,0.85
492,大水井古建筑群,民居,明,1846,19世纪,湖北省,建筑材料,木材,0.88
492,大水井古建筑群,民居,明,1846,19世纪,湖北省,建筑材料,砖石,0.82
492,大水井古建筑群,民居,明,1846,19世纪,湖北省,建筑功能,宗祠,0.93
492,大水井古建筑群,民居,明,1846,19世纪,湖北省,建筑功能,宅院,0.91
492,大水井古建筑群,民居,明,1846,19世纪,湖北省,建筑功能,祭祀空间,0.9
492,大水井古建筑群,民居,明,1846,19世纪,湖北省,营造技艺,木雕,0.92
492,大水井古建筑群,民居,明,1846,19世纪,湖北省,营造技艺,浮雕,0.9
492,大水井古建筑群,民居,明,1846,19世纪,湖北省,营造技艺,楹联装饰,0.88
492,大水井古建筑群,民居,明,1846,19世纪,湖北省,建筑空间布局,中轴对称,0.95
492,大水井古建筑群,民居,明,1846,19世纪,湖北省,建筑空间布局,三进四厢,0.94
492,大水井古建筑群,民居,明,1846,19世纪,湖北省,建筑空间布局,三路三进,0.93
494,襄阳王府绿影壁,宫殿,明,1438,15世纪,湖北省,建筑结构体系,仿木结构,0.95
494,襄阳王府绿影壁,宫殿,明,1438,15世纪,湖北省,建筑结构体系,四柱三楼牌坊式,0.95
494,襄阳王府绿影壁,宫殿,明,1438,15世纪,湖北省,建筑结构体系,壁座壁身壁顶三段式,0.93
494,襄阳王府绿影壁,宫殿,明,1438,15世纪,湖北省,建筑材料,绿泥片岩,0.98
494,襄阳王府绿影壁,宫殿,明,1438,15世纪,湖北省,建筑材料,汉白玉,0.98
494,襄阳王府绿影壁,宫殿,明,1438,15世纪,湖北省,建筑材料,绿矾,0.96
494,襄阳王府绿影壁,宫殿,明,1438,15世纪,湖北省,建筑功能,照壁,0.92
494,襄阳王府绿影壁,宫殿,明,1438,15世纪,湖北省,建筑功能,王府前导空间,0.9
494,襄阳王府绿影壁,宫殿,明,1438,15世纪,湖北省,营造技艺,浮雕,0.94
494,襄阳王府绿影壁,宫殿,明,1438,15世纪,湖北省,营造技艺,龙纹雕刻,0.94
494,襄阳王府绿影壁,宫殿,明,1438,15世纪,湖北省,营造技艺,须弥座束腰雕饰,0.92
494,襄阳王府绿影壁,宫殿,明,1438,15世纪,湖北省,营造技艺,云纹海水纹装饰,0.91
494,襄阳王府绿影壁,宫殿,明,1438,15世纪,湖北省,建筑空间布局,坐南朝北,0.9
494,襄阳王府绿影壁,宫殿,明,1438,15世纪,湖北省,建筑空间布局,三段式横向布局,0.9
494,襄阳王府绿影壁,宫殿,明,1438,15世纪,湖北省,建筑空间布局,中段突出,0.88
499,张谷英村古建筑群,民居,明,1371,14世纪,湖南省,建筑结构体系,干枝式结构,0.95
499,张谷英村古建筑群,民居,明,1371,14世纪,湖南省,建筑结构体系,天井单元,0.93
499,张谷英村古建筑群,民居,明,1371,14世纪,湖南省,建筑结构体系,屋连屋结构,0.9
499,张谷英村古建筑群,民居,明,1371,14世纪,湖南省,建筑材料,砖石,0.6
499,张谷英村古建筑群,民居,明,1371,14世纪,湖南省,建筑材料,木材,0.58
499,张谷英村古建筑群,民居,明,1371,14世纪,湖南省,建筑功能,排水系统,0.85
499,张谷英村古建筑群,民居,明,1371,14世纪,湖南省,建筑功能,采光通风,0.85
499,张谷英村古建筑群,民居,明,1371,14世纪,湖南省,建筑功能,防火设施,0.85
499,张谷英村古建筑群,民居,明,1371,14世纪,湖南省,建筑功能,烟火堂,0.83
499,张谷英村古建筑群,民居,明,1371,14世纪,湖南省,营造技艺,天井院落营造,0.82
499,张谷英村古建筑群,民居,明,1371,14世纪,湖南省,营造技艺,干枝式布局施工,0.8
499,张谷英村古建筑群,民居,明,1371,14世纪,湖南省,营造技艺,巷道贯通工艺,0.78
499,张谷英村古建筑群,民居,明,1371,14世纪,湖南省,建筑空间布局,干枝式布局,0.95
499,张谷英村古建筑群,民居,明,1371,14世纪,湖南省,建筑空间布局,天井院落,0.94
499,张谷英村古建筑群,民居,明,1371,14世纪,湖南省,建筑空间布局,巷道连通,0.92
499,张谷英村古建筑群,民居,明,1371,14世纪,湖南省,建筑空间布局,庭院一体,0.9
500,芋头侗寨古建筑群,民居,明,1368,14世纪,湖南省,建筑结构体系,鼓楼,0.95
500,芋头侗寨古建筑群,民居,明,1368,14世纪,湖南省,建筑结构体系,风雨桥,0.95
500,芋头侗寨古建筑群,民居,明,1368,14世纪,湖南省,建筑结构体系,门楼,0.95
500,芋头侗寨古建筑群,民居,明,1368,14世纪,湖南省,建筑材料,木材,0.6
500,芋头侗寨古建筑群,民居,明,1368,14世纪,湖南省,建筑材料,生土,0.55
500,芋头侗寨古建筑群,民居,明,1368,14世纪,湖南省,建筑功能,集会,0.7
500,芋头侗寨古建筑群,民居,明,1368,14世纪,湖南省,建筑功能,交通,0.65
500,芋头侗寨古建筑群,民居,明,1368,14世纪,湖南省,建筑功能,祭祀,0.7
500,芋头侗寨古建筑群,民居,明,1368,14世纪,湖南省,营造技艺,榫卯结构,0.6
500,芋头侗寨古建筑群,民居,明,1368,14世纪,湖南省,营造技艺,干栏式营造,0.55
500,芋头侗寨古建筑群,民居,明,1368,14世纪,湖南省,建筑空间布局,吊脚楼群,0.85
500,芋头侗寨古建筑群,民居,明,1368,14世纪,湖南省,建筑空间布局,鼓楼中心布局,0.8
500,芋头侗寨古建筑群,民居,明,1368,14世纪,湖南省,建筑空间布局,古驿道串联,0.75
500,芋头侗寨古建筑群,民居,明,1368,14世纪,湖南省,建筑空间布局,萨岁台分布,0.7
503,东华里古建筑群,民居,清,1736,18世纪,广东省,建筑结构体系,砖木结构,0.85
503,东华里古建筑群,民居,清,1736,18世纪,广东省,建筑结构体系,硬山顶,0.8
503,东华里古建筑群,民居,清,1736,18世纪,广东省,建筑材料,青砖,0.9
503,东华里古建筑群,民居,清,1736,18世纪,广东省,建筑材料,木材,0.85
503,东华里古建筑群,民居,清,1736,18世纪,广东省,建筑材料,灰塑,0.75
503,东华里古建筑群,民居,清,1736,18世纪,广东省,建筑功能,民居建筑群,0.75
503,东华里古建筑群,民居,清,1736,18世纪,广东省,建筑功能,珠三角风格,0.75
503,东华里古建筑群,民居,清,1736,18世纪,广东省,营造技艺,维修改造,0.55
503,东华里古建筑群,民居,清,1736,18世纪,广东省,营造技艺,清代营造,0.55
503,东华里古建筑群,民居,清,1736,18世纪,广东省,建筑空间布局,主路布局,0.8
503,东华里古建筑群,民居,清,1736,18世纪,广东省,建筑空间布局,集中式院落,0.8
503,东华里古建筑群,民居,清,1736,18世纪,广东省,建筑空间布局,规整街巷,0.8
507,肇庆古城墙,官府,宋,1053,11世纪,广东省,建筑结构体系,敌台,0.95
507,肇庆古城墙,官府,宋,1053,11世纪,广东省,建筑结构体系,炮台,0.94
507,肇庆古城墙,官府,宋,1053,11世纪,广东省,建筑结构体系,城门,0.93
507,肇庆古城墙,官府,宋,1053,11世纪,广东省,建筑结构体系,兵房,0.92
507,肇庆古城墙,官府,宋,1053,11世纪,广东省,建筑结构体系,濠堑,0.91
507,肇庆古城墙,官府,宋,1053,11世纪,广东省,建筑材料,砖石,0.93
507,肇庆古城墙,官府,宋,1053,11世纪,广东省,建筑材料,条石,0.92
507,肇庆古城墙,官府,宋,1053,11世纪,广东省,建筑材料,黄土碎石,0.91
507,肇庆古城墙,官府,宋,1053,11世纪,广东省,建筑材料,三合土,0.9
507,肇庆古城墙,官府,宋,1053,11世纪,广东省,建筑材料,铭文砖,0.89
507,肇庆古城墙,官府,宋,1053,11世纪,广东省,建筑功能,防御,0.9
507,肇庆古城墙,官府,宋,1053,11世纪,广东省,建筑功能,防洪,0.89
507,肇庆古城墙,官府,宋,1053,11世纪,广东省,建筑功能,军事驻守,0.88
507,肇庆古城墙,官府,宋,1053,11世纪,广东省,建筑功能,城防体系,0.87
507,肇庆古城墙,官府,宋,1053,11世纪,广东省,营造技艺,露龈造砌,0.88
507,肇庆古城墙,官府,宋,1053,11世纪,广东省,营造技艺,三合土包边,0.87
507,肇庆古城墙,官府,宋,1053,11世纪,广东省,营造技艺,串楼建造,0.86
507,肇庆古城墙,官府,宋,1053,11世纪,广东省,营造技艺,仿古青砖墁道,0.85
507,肇庆古城墙,官府,宋,1053,11世纪,广东省,建筑空间布局,长方形城制,0.96
507,肇庆古城墙,官府,宋,1053,11世纪,广东省,建筑空间布局,四门格局,0.95
507,肇庆古城墙,官府,宋,1053,11世纪,广东省,建筑空间布局,月城,0.94
507,肇庆古城墙,官府,宋,1053,11世纪,广东省,建筑空间布局,角楼,0.93
507,肇庆古城墙,官府,宋,1053,11世纪,广东省,建筑空间布局,依山傍水布局,0.92
510,岜团桥,桥梁,清,1896,19世纪,广西壮族自治区,建筑结构体系,双层木桥,0.95
510,岜团桥,桥梁,清,1896,19世纪,广西壮族自治区,建筑结构体系,二台一墩,0.94
510,岜团桥,桥梁,清,1896,19世纪,广西壮族自治区,建筑结构体系,两孔三亭,0.93
510,岜团桥,桥梁,清,1896,19世纪,广西壮族自治区,建筑结构体系,歇山顶,0.92
510,岜团桥,桥梁,清,1896,19世纪,广西壮族自治区,建筑材料,木材,0.75
510,岜团桥,桥梁,清,1896,19世纪,广西壮族自治区,建筑材料,石料,0.7
510,岜团桥,桥梁,清,1896,19世纪,广西壮族自治区,建筑功能,人畜分道,0.98
510,岜团桥,桥梁,清,1896,19世纪,广西壮族自治区,建筑功能,侗族立交桥,0.96
510,岜团桥,桥梁,清,1896,19世纪,广西壮族自治区,建筑功能,双层功能分工,0.95
510,岜团桥,桥梁,清,1896,19世纪,广西壮族自治区,营造技艺,侗族建桥技艺,0.85
510,岜团桥,桥梁,清,1896,19世纪,广西壮族自治区,营造技艺,传统木构营造,0.83
510,岜团桥,桥梁,清,1896,19世纪,广西壮族自治区,建筑空间布局,三座桥楼,0.92
510,岜团桥,桥梁,清,1896,19世纪,广西壮族自治区,建筑空间布局,双层廊道,0.91
510,岜团桥,桥梁,清,1896,19世纪,广西壮族自治区,建筑空间布局,歇山顶布局,0.9
532,郎德上寨古建筑群,民居,明,1368,14世纪,贵州省,建筑结构体系,干栏式,0.95
532,郎德上寨古建筑群,民居,明,1368,14世纪,贵州省,建筑结构体系,吊脚楼,0.93
532,郎德上寨古建筑群,民居,明,1368,14世纪,贵州省,建筑结构体系,木结构,0.92
532,郎德上寨古建筑群,民居,明,1368,14世纪,贵州省,建筑材料,木材,0.9
532,郎德上寨古建筑群,民居,明,1368,14世纪,贵州省,建筑材料,青瓦,0.85
532,郎德上寨古建筑群,民居,明,1368,14世纪,贵州省,建筑功能,居住,0.95
532,郎德上寨古建筑群,民居,明,1368,14世纪,贵州省,建筑功能,畜养,0.94
532,郎德上寨古建筑群,民居,明,1368,14世纪,贵州省,建筑功能,公共活动,0.93
532,郎德上寨古建筑群,民居,明,1368,14世纪,贵州省,建筑功能,储粮,0.92
532,郎德上寨古建筑群,民居,明,1368,14世纪,贵州省,建筑功能,消防,0.9
532,郎德上寨古建筑群,民居,明,1368,14世纪,贵州省,营造技艺,传统木作,0.6
532,郎德上寨古建筑群,民居,明,1368,14世纪,贵州省,营造技艺,榫卯结构,0.55
532,郎德上寨古建筑群,民居,明,1368,14世纪,贵州省,建筑空间布局,依山而建,0.95
532,郎德上寨古建筑群,民居,明,1368,14世纪,贵州省,建筑空间布局,背山面水,0.94
532,郎德上寨古建筑群,民居,明,1368,14世纪,贵州省,建筑空间布局,阶梯式布局,0.92
532,郎德上寨古建筑群,民居,明,1368,14世纪,贵州省,建筑空间布局,路网密集,0.9
533,海龙屯,官府,宋,1257,13世纪,贵州省,建筑结构体系,瓮城防御体系,0.95
533,海龙屯,官府,宋,1257,13世纪,贵州省,建筑结构体系,一字形城墙,0.93
533,海龙屯,官府,宋,1257,13世纪,贵州省,建筑结构体系,内外城结构,0.94
533,海龙屯,官府,宋,1257,13世纪,贵州省,建筑结构体系,关隘体系,0.92
533,海龙屯,官府,宋,1257,13世纪,贵州省,建筑材料,石构,0.85
533,海龙屯,官府,宋,1257,13世纪,贵州省,建筑材料,石砌拱券,0.84
533,海龙屯,官府,宋,1257,13世纪,贵州省,建筑材料,土城墙,0.82
533,海龙屯,官府,宋,1257,13世纪,贵州省,建筑功能,军事防御,0.97
533,海龙屯,官府,宋,1257,13世纪,贵州省,建筑功能,土司城址,0.96
533,海龙屯,官府,宋,1257,13世纪,贵州省,建筑功能,山城,0.95
533,海龙屯,官府,宋,1257,13世纪,贵州省,建筑功能,军事大本营,0.94
533,海龙屯,官府,宋,1257,13世纪,贵州省,营造技艺,因山为城,0.9
533,海龙屯,官府,宋,1257,13世纪,贵州省,营造技艺,阶梯式坡道,0.88
533,海龙屯,官府,宋,1257,13世纪,贵州省,营造技艺,九五之尊布局,0.87
533,海龙屯,官府,宋,1257,13世纪,贵州省,建筑空间布局,三路格局,0.96
533,海龙屯,官府,宋,1257,13世纪,贵州省,建筑空间布局,台阶式布局,0.95
533,海龙屯,官府,宋,1257,13世纪,贵州省,建筑空间布局,前低后高,0.94
533,海龙屯,官府,宋,1257,13世纪,贵州省,建筑空间布局,衙署区,0.93
534,地坪风雨桥,桥梁,清,1882,19世纪,贵州省,建筑结构体系,悬臂梁结构,0.95
534,地坪风雨桥,桥梁,清,1882,19世纪,贵州省,建筑结构体系,木梁桥,0.85
534,地坪风雨桥,桥梁,清,1882,19世纪,贵州省,建筑材料,木材,0.6
534,地坪风雨桥,桥梁,清,1882,19世纪,贵州省,建筑功能,廊桥,0.85
534,地坪风雨桥,桥梁,清,1882,19世纪,贵州省,建筑功能,休憩设施,0.75
534,地坪风雨桥,桥梁,清,1882,19世纪,贵州省,营造技艺,悬臂梁承托,0.9
534,地坪风雨桥,桥梁,清,1882,19世纪,贵州省,营造技艺,木构架技艺,0.8
534,地坪风雨桥,桥梁,清,1882,19世纪,贵州省,建筑空间布局,三阁楼布局,0.95
534,地坪风雨桥,桥梁,清,1882,19世纪,贵州省,建筑空间布局,廊道连接,0.9
534,地坪风雨桥,桥梁,清,1882,19世纪,贵州省,建筑空间布局,攒尖顶中阁,0.85
534,地坪风雨桥,桥梁,清,1882,19世纪,贵州省,建筑空间布局,歇山顶端阁,0.85
536,喜洲白族古建筑群,民居,明,1368,14世纪,云南省,建筑结构体系,土木砖石结构,0.95
536,喜洲白族古建筑群,民居,明,1368,14世纪,云南省,建筑结构体系,大出厦,0.93
536,喜洲白族古建筑群,民居,明,1368,14世纪,云南省,建筑结构体系,宽走廊,0.92
536,喜洲白族古建筑群,民居,明,1368,14世纪,云南省,建筑材料,土,0.9
536,喜洲白族古建筑群,民居,明,1368,14世纪,云南省,建筑材料,木,0.9
536,喜洲白族古建筑群,民居,明,1368,14世纪,云南省,建筑材料,砖,0.9
536,喜洲白族古建筑群,民居,明,1368,14世纪,云南省,建筑材料,石,0.9
536,喜洲白族古建筑群,民居,明,1368,14世纪,云南省,建筑功能,民居,0.96
536,喜洲白族古建筑群,民居,明,1368,14世纪,云南省,建筑功能,聚居,0.92
536,喜洲白族古建筑群,民居,明,1368,14世纪,云南省,建筑功能,居住,0.9
536,喜洲白族古建筑群,民居,明,1368,14世纪,云南省,营造技艺,门楼装饰,0.85
536,喜洲白族古建筑群,民居,明,1368,14世纪,云南省,营造技艺,堂屋门窗装饰,0.85
536,喜洲白族古建筑群,民居,明,1368,14世纪,云南省,营造技艺,外观装饰,0.83
536,喜洲白族古建筑群,民居,明,1368,14世纪,云南省,建筑空间布局,三坊一照壁,0.95
536,喜洲白族古建筑群,民居,明,1368,14世纪,云南省,建筑空间布局,四合五天井,0.95
536,喜洲白族古建筑群,民居,明,1368,14世纪,云南省,建筑空间布局,三方一照壁,0.93
539,朗色林庄园,民居,明,1368,14世纪,西藏自治区,建筑结构体系,碉楼,0.95
539,朗色林庄园,民居,明,1368,14世纪,西藏自治区,建筑结构体系,土石结构,0.95
539,朗色林庄园,民居,明,1368,14世纪,西藏自治区,建筑结构体系,多重围墙,0.93
539,朗色林庄园,民居,明,1368,14世纪,西藏自治区,建筑材料,生土,0.97
539,朗色林庄园,民居,明,1368,14世纪,西藏自治区,建筑材料,石块,0.97
539,朗色林庄园,民居,明,1368,14世纪,西藏自治区,建筑材料,石板,0.95
539,朗色林庄园,民居,明,1368,14世纪,西藏自治区,建筑材料,木材,0.92
539,朗色林庄园,民居,明,1368,14世纪,西藏自治区,建筑功能,经堂,0.96
539,朗色林庄园,民居,明,1368,14世纪,西藏自治区,建筑功能,神殿,0.96
539,朗色林庄园,民居,明,1368,14世纪,西藏自治区,建筑功能,库房,0.95
539,朗色林庄园,民居,明,1368,14世纪,西藏自治区,建筑功能,作坊,0.94
539,朗色林庄园,民居,明,1368,14世纪,西藏自治区,建筑功能,防御设施,0.93
539,朗色林庄园,民居,明,1368,14世纪,西藏自治区,营造技艺,夯土墙,0.92
539,朗色林庄园,民居,明,1368,14世纪,西藏自治区,营造技艺,木石台阶,0.91
539,朗色林庄园,民居,明,1368,14世纪,西藏自治区,营造技艺,收分墙体,0.9
539,朗色林庄园,民居,明,1368,14世纪,西藏自治区,建筑空间布局,围院结构,0.94
539,朗色林庄园,民居,明,1368,14世纪,西藏自治区,建筑空间布局,主附楼布局,0.93
539,朗色林庄园,民居,明,1368,14世纪,西藏自治区,建筑空间布局,护城壕,0.92
563,胡氏古民居建筑,民居,明,1522,16世纪,甘肃省,建筑结构体系,抬梁式木构架,0.9
563,胡氏古民居建筑,民居,明,1522,16世纪,甘肃省,建筑结构体系,穿斗式混合结构,0.85
563,胡氏古民居建筑,民居,明,1522,16世纪,甘肃省,建筑材料,青砖,0.93
563,胡氏古民居建筑,民居,明,1522,16世纪,甘肃省,建筑材料,木材,0.95
563,胡氏古民居建筑,民居,明,1522,16世纪,甘肃省,建筑材料,灰瓦,0.92
563,胡氏古民居建筑,民居,明,1522,16世纪,甘肃省,建筑功能,品官府邸,0.95
563,胡氏古民居建筑,民居,明,1522,16世纪,甘肃省,建筑功能,民俗博物馆,0.95
563,胡氏古民居建筑,民居,明,1522,16世纪,甘肃省,建筑功能,民居集大成者,0.95
563,胡氏古民居建筑,民居,明,1522,16世纪,甘肃省,营造技艺,榫卯结构,0.94
563,胡氏古民居建筑,民居,明,1522,16世纪,甘肃省,营造技艺,雕花装饰,0.9
563,胡氏古民居建筑,民居,明,1522,16世纪,甘肃省,营造技艺,影壁营造,0.88
563,胡氏古民居建筑,民居,明,1522,16世纪,甘肃省,建筑空间布局,三进院落,0.98
563,胡氏古民居建筑,民居,明,1522,16世纪,甘肃省,建筑空间布局,围院结构,0.98
563,胡氏古民居建筑,民居,明,1522,16世纪,甘肃省,建筑空间布局,多院组合,0.98
563,胡氏古民居建筑,民居,明,1522,16世纪,甘肃省,建筑空间布局,正院侧院,0.98
585,德胜门箭楼,官府,明,1371,14世纪,北京市,建筑结构体系,重檐歇山顶,0.95
585,德胜门箭楼,官府,明,1371,14世纪,北京市,建筑结构体系,金柱承重,0.94
585,德胜门箭楼,官府,明,1371,14世纪,北京市,建筑结构体系,穿插梁,0.93
585,德胜门箭楼,官府,明,1371,14世纪,北京市,建筑结构体系,跨空枋,0.92
585,德胜门箭楼,官府,明,1371,14世纪,北京市,建筑结构体系,砖石城台,0.95
585,德胜门箭楼,官府,明,1371,14世纪,北京市,建筑材料,砖石,0.85
585,德胜门箭楼,官府,明,1371,14世纪,北京市,建筑材料,灰筒瓦,0.84
585,德胜门箭楼,官府,明,1371,14世纪,北京市,建筑材料,绿琉璃,0.83
585,德胜门箭楼,官府,明,1371,14世纪,北京市,建筑功能,箭孔,0.9
585,德胜门箭楼,官府,明,1371,14世纪,北京市,建筑功能,军事防御,0.89
585,德胜门箭楼,官府,明,1371,14世纪,北京市,建筑功能,展览馆,0.85
585,德胜门箭楼,官府,明,1371,14世纪,北京市,营造技艺,收分墙体,0.88
585,德胜门箭楼,官府,明,1371,14世纪,北京市,营造技艺,之字形台阶,0.86
585,德胜门箭楼,官府,明,1371,14世纪,北京市,营造技艺,券门砌筑,0.87
585,德胜门箭楼,官府,明,1371,14世纪,北京市,建筑空间布局,前楼后厦,0.93
585,德胜门箭楼,官府,明,1371,14世纪,北京市,建筑空间布局,面阔七间,0.92
585,德胜门箭楼,官府,明,1371,14世纪,北京市,建筑空间布局,瓮城布局,0.91
585,德胜门箭楼,官府,明,1371,14世纪,北京市,建筑空间布局,围院结构,0.9
594,醇亲王府,宫殿,清,1644,17世纪,北京市,建筑结构体系,府邸,0.85
594,醇亲王府,宫殿,清,1644,17世纪,北京市,建筑结构体系,花园,0.85
594,醇亲王府,宫殿,清,1644,17世纪,北京市,建筑结构体系,马号,0.85
594,醇亲王府,宫殿,清,1644,17世纪,北京市,建筑材料,石,0.55
594,醇亲王府,宫殿,清,1644,17世纪,北京市,建筑功能,办公用房,0.95
594,醇亲王府,宫殿,清,1644,17世纪,北京市,建筑功能,故居,0.95
594,醇亲王府,宫殿,清,1644,17世纪,北京市,建筑功能,学校,0.95
594,醇亲王府,宫殿,清,1644,17世纪,北京市,营造技艺,传统木构架,0.75
594,醇亲王府,宫殿,清,1644,17世纪,北京市,营造技艺,院落式布局施工,0.7
594,醇亲王府,宫殿,清,1644,17世纪,北京市,营造技艺,官式彩画,0.65
594,醇亲王府,宫殿,清,1644,17世纪,北京市,建筑空间布局,三路并列,0.9
594,醇亲王府,宫殿,清,1644,17世纪,北京市,建筑空间布局,坐北朝南,0.9
594,醇亲王府,宫殿,清,1644,17世纪,北京市,建筑空间布局,院落分隔,0.9
598,安徽会馆,官府,清,1869,19世纪,北京市,建筑结构体系,抬梁式,0.95
598,安徽会馆,官府,清,1869,19世纪,北京市,建筑结构体系,穿斗式,0.9
598,安徽会馆,官府,清,1869,19世纪,北京市,建筑材料,木材,0.95
598,安徽会馆,官府,清,1869,19世纪,北京市,建筑材料,砖石,0.9
598,安徽会馆,官府,清,1869,19世纪,北京市,建筑材料,琉璃瓦,0.85
598,安徽会馆,官府,清,1869,19世纪,北京市,建筑功能,会馆,0.98
598,安徽会馆,官府,清,1869,19世纪,北京市,建筑功能,议事厅,0.85
598,安徽会馆,官府,清,1869,19世纪,北京市,营造技艺,糯米灰浆,0.9
598,安徽会馆,官府,清,1869,19世纪,北京市,营造技艺,榫卯结构,0.88
598,安徽会馆,官府,清,1869,19世纪,北京市,建筑空间布局,围院结构,0.92
598,安徽会馆,官府,清,1869,19世纪,北京市,建筑空间布局,中轴对称,0.87
600,石家大院,民居,清,1875,19世纪,天津市,建筑结构体系,砖木结构,0.95
600,石家大院,民居,清,1875,19世纪,天津市,建筑结构体系,合院式,0.93
600,石家大院,民居,清,1875,19世纪,天津市,建筑材料,青砖,0.92
600,石家大院,民居,清,1875,19世纪,天津市,建筑材料,木材,0.9
600,石家大院,民居,清,1875,19世纪,天津市,建筑材料,石材,0.89
600,石家大院,民居,清,1875,19世纪,天津市,建筑功能,起居室,0.95
600,石家大院,民居,清,1875,19世纪,天津市,建筑功能,花厅,0.94
600,石家大院,民居,清,1875,19世纪,天津市,建筑功能,戏楼,0.93
600,石家大院,民居,清,1875,19世纪,天津市,建筑功能,佛堂,0.92
600,石家大院,民居,清,1875,19世纪,天津市,营造技艺,砖雕,0.85
600,石家大院,民居,清,1875,19世纪,天津市,营造技艺,木雕,0.85
600,石家大院,民居,清,1875,19世纪,天津市,营造技艺,石雕,0.85
600,石家大院,民居,清,1875,19世纪,天津市,建筑空间布局,四进院落,0.98
600,石家大院,民居,清,1875,19世纪,天津市,建筑空间布局,正偏布局,0.97
600,石家大院,民居,清,1875,19世纪,天津市,建筑空间布局,坐北朝南,0.96
600,石家大院,民居,清,1875,19世纪,天津市,建筑空间布局,长甬道,0.95
617,永济桥,桥梁,明,1574,16世纪,河北省,建筑结构体系,九孔石桥,0.95
617,永济桥,桥梁,明,1574,16世纪,河北省,建筑结构体系,分水尖,0.93
617,永济桥,桥梁,明,1574,16世纪,河北省,建筑结构体系,引桥,0.94
617,永济桥,桥梁,明,1574,16世纪,河北省,建筑结构体系,涵洞,0.9
617,永济桥,桥梁,明,1574,16世纪,河北省,建筑材料,长方巨石,0.98
617,永济桥,桥梁,明,1574,16世纪,河北省,建筑材料,汉白玉,0.97
617,永济桥,桥梁,明,1574,16世纪,河北省,建筑材料,条形方石,0.96
617,永济桥,桥梁,明,1574,16世纪,河北省,建筑材料,铸铁,0.92
617,永济桥,桥梁,明,1574,16世纪,河北省,建筑功能,跨河交通,0.85
617,永济桥,桥梁,明,1574,16世纪,河北省,建筑功能,破冰防凌,0.83
617,永济桥,桥梁,明,1574,16世纪,河北省,营造技艺,起拱技法,0.92
617,永济桥,桥梁,明,1574,16世纪,河北省,营造技艺,石砌拱券,0.9
617,永济桥,桥梁,明,1574,16世纪,河北省,建筑空间布局,主桥-引桥布局,0.94
617,永济桥,桥梁,明,1574,16世纪,河北省,建筑空间布局,对称栏板望柱,0.92
617,永济桥,桥梁,明,1574,16世纪,河北省,建筑空间布局,地袱,0.91
624,常平仓,官府,明,1368,14世纪,河北省,建筑结构体系,悬山式,0.95
624,常平仓,官府,明,1368,14世纪,河北省,建筑结构体系,木柱结构,0.93
624,常平仓,官府,明,1368,14世纪,河北省,建筑材料,木材,0.55
624,常平仓,官府,明,1368,14世纪,河北省,建筑材料,砖石,0.5
624,常平仓,官府,明,1368,14世纪,河北省,建筑功能,官办粮仓,0.98
624,常平仓,官府,明,1368,14世纪,河北省,建筑功能,赈灾仓储,0.97
624,常平仓,官府,明,1368,14世纪,河北省,建筑功能,平抑粮价,0.96
624,常平仓,官府,明,1368,14世纪,河北省,营造技艺,通风天窗,0.92
624,常平仓,官府,明,1368,14世纪,河北省,营造技艺,墙体通风孔,0.9
624,常平仓,官府,明,1368,14世纪,河北省,营造技艺,抗撑压木构,0.89
624,常平仓,官府,明,1368,14世纪,河北省,建筑空间布局,围院结构,0.96
624,常平仓,官府,明,1368,14世纪,河北省,建筑空间布局,中轴对称,0.94
624,常平仓,官府,明,1368,14世纪,河北省,建筑空间布局,四合仓院,0.92
626,单桥,桥梁,明,1629,17世纪,河北省,建筑结构体系,石拱桥,0.95
626,单桥,桥梁,明,1629,17世纪,河北省,建筑结构体系,五孔拱桥,0.93
626,单桥,桥梁,明,1629,17世纪,河北省,建筑结构体系,不对称拱桥,0.9
626,单桥,桥梁,明,1629,17世纪,河北省,建筑材料,青石,0.9
626,单桥,桥梁,明,1629,17世纪,河北省,建筑材料,石材,0.88
626,单桥,桥梁,明,1629,17世纪,河北省,建筑功能,泄水腹拱,0.85
626,单桥,桥梁,明,1629,17世纪,河北省,建筑功能,通航孔,0.83
626,单桥,桥梁,明,1629,17世纪,河北省,建筑功能,减重结构,0.82
626,单桥,桥梁,明,1629,17世纪,河北省,营造技艺,依地势设计,0.9
626,单桥,桥梁,明,1629,17世纪,河北省,营造技艺,腹拱减重法,0.88
626,单桥,桥梁,明,1629,17世纪,河北省,营造技艺,非对称起拱,0.86
626,单桥,桥梁,明,1629,17世纪,河北省,建筑空间布局,南高北低,0.88
626,单桥,桥梁,明,1629,17世纪,河北省,建筑空间布局,不对称布局,0.87
626,单桥,桥梁,明,1629,17世纪,河北省,建筑空间布局,随形就势,0.85
627,弘济桥,桥梁,明,1582,16世纪,河北省,建筑结构体系,单孔石拱桥,0.95
627,弘济桥,桥梁,明,1582,16世纪,河北省,建筑结构体系,双敞肩式,0.95
627,弘济桥,桥梁,明,1582,16世纪,河北省,建筑材料,青石,0.98
627,弘济桥,桥梁,明,1582,16世纪,河北省,建筑功能,横跨桥,0.85
627,弘济桥,桥梁,明,1582,16世纪,河北省,建筑功能,交通桥,0.83
627,弘济桥,桥梁,明,1582,16世纪,河北省,营造技艺,浮雕装饰,0.92
627,弘济桥,桥梁,明,1582,16世纪,河北省,营造技艺,吸水兽雕刻,0.91
627,弘济桥,桥梁,明,1582,16世纪,河北省,营造技艺,龙纹雕饰,0.9
627,弘济桥,桥梁,明,1582,16世纪,河北省,营造技艺,缠枝花纹,0.9
627,弘济桥,桥梁,明,1582,16世纪,河北省,营造技艺,栏板雕花,0.89
627,弘济桥,桥梁,明,1582,16世纪,河北省,建筑空间布局,东西横跨,0.9
627,弘济桥,桥梁,明,1582,16世纪,河北省,建筑空间布局,线性布局,0.88
628,永年城,官府,唐,619,7世纪,河北省,建筑结构体系,城墙,0.95
628,永年城,官府,唐,619,7世纪,河北省,建筑结构体系,重门楼,0.93
628,永年城,官府,唐,619,7世纪,河北省,建筑结构体系,瓮城,0.92
628,永年城,官府,唐,619,7世纪,河北省,建筑结构体系,护城河,0.9
628,永年城,官府,唐,619,7世纪,河北省,建筑材料,砖,0.9
628,永年城,官府,唐,619,7世纪,河北省,建筑材料,土,0.85
628,永年城,官府,唐,619,7世纪,河北省,建筑功能,府治,0.85
628,永年城,官府,唐,619,7世纪,河北省,建筑功能,县治,0.85
628,永年城,官府,唐,619,7世纪,河北省,建筑功能,防御,0.83
628,永年城,官府,唐,619,7世纪,河北省,营造技艺,砖包土筑,0.82
628,永年城,官府,唐,619,7世纪,河北省,营造技艺,大堤修筑,0.8
628,永年城,官府,唐,619,7世纪,河北省,营造技艺,瓮城建造,0.78
628,永年城,官府,唐,619,7世纪,河北省,建筑空间布局,卧牛城,0.9
628,永年城,官府,唐,619,7世纪,河北省,建筑空间布局,四角设门,0.88
628,永年城,官府,唐,619,7世纪,河北省,建筑空间布局,环城街道,0.85
628,永年城,官府,唐,619,7世纪,河北省,建筑空间布局,护城河环绕,0.87
632,伍仁桥,桥梁,明,1599,16世纪,河北省,建筑结构体系,石拱桥,0.95
632,伍仁桥,桥梁,明,1599,16世纪,河北省,建筑结构体系,五孔拱券,0.92
632,伍仁桥,桥梁,明,1599,16世纪,河北省,建筑材料,石材,0.85
632,伍仁桥,桥梁,明,1599,16世纪,河北省,建筑材料,砖石,0.82
632,伍仁桥,桥梁,明,1599,16世纪,河北省,建筑功能,交通桥梁,0.75
632,伍仁桥,桥梁,明,1599,16世纪,河北省,建筑功能,河道跨越,0.73
632,伍仁桥,桥梁,明,1599,16世纪,河北省,营造技艺,明代石作,0.65
632,伍仁桥,桥梁,明,1599,16世纪,河北省,营造技艺,拱券砌筑,0.63
632,伍仁桥,桥梁,明,1599,16世纪,河北省,建筑空间布局,跨河线性布局,0.7
632,伍仁桥,桥梁,明,1599,16世纪,河北省,建筑空间布局,多孔对称布局,0.68
633,万全右卫城,官府,明,1393,14世纪,河北省,建筑结构体系,包砖夯土结构,0.95
633,万全右卫城,官府,明,1393,14世纪,河北省,建筑结构体系,城墙结构,0.93
633,万全右卫城,官府,明,1393,14世纪,河北省,建筑材料,青砖,0.9
633,万全右卫城,官府,明,1393,14世纪,河北省,建筑材料,夯土,0.9
633,万全右卫城,官府,明,1393,14世纪,河北省,建筑功能,军事防御,0.95
633,万全右卫城,官府,明,1393,14世纪,河北省,建筑功能,行政中心,0.92
633,万全右卫城,官府,明,1393,14世纪,河北省,建筑功能,仓储功能,0.91
633,万全右卫城,官府,明,1393,14世纪,河北省,建筑功能,居住功能,0.9
633,万全右卫城,官府,明,1393,14世纪,河北省,建筑功能,文教功能,0.9
633,万全右卫城,官府,明,1393,14世纪,河北省,营造技艺,夯筑技术,0.85
633,万全右卫城,官府,明,1393,14世纪,河北省,营造技艺,外包砖工艺,0.85
633,万全右卫城,官府,明,1393,14世纪,河北省,建筑空间布局,十字街布局,0.95
633,万全右卫城,官府,明,1393,14世纪,河北省,建筑空间布局,功能分区布局,0.94
736,柳氏民居,民居,明,1406,15世纪,山西省,建筑结构体系,悬山顶,0.95
736,柳氏民居,民居,明,1406,15世纪,山西省,建筑结构体系,二层楼阁式,0.93
736,柳氏民居,民居,明,1406,15世纪,山西省,建筑结构体系,四合院,0.95
736,柳氏民居,民居,明,1406,15世纪,山西省,建筑结构体系,过街楼,0.9
736,柳氏民居,民居,明,1406,15世纪,山西省,建筑材料,石牌坊,0.55
736,柳氏民居,民居,明,1406,15世纪,山西省,建筑材料,砖木结构,0.5
736,柳氏民居,民居,明,1406,15世纪,山西省,建筑功能,祠堂,0.9
736,柳氏民居,民居,明,1406,15世纪,山西省,建筑功能,文庙,0.88
736,柳氏民居,民居,明,1406,15世纪,山西省,建筑功能,防御体系,0.9
736,柳氏民居,民居,明,1406,15世纪,山西省,建筑功能,府邸,0.85
736,柳氏民居,民居,明,1406,15世纪,山西省,营造技艺,榫卯结构,0.75
736,柳氏民居,民居,明,1406,15世纪,山西省,营造技艺,砖雕,0.7
736,柳氏民居,民居,明,1406,15世纪,山西省,营造技艺,木构架,0.72
736,柳氏民居,民居,明,1406,15世纪,山西省,建筑空间布局,中轴对称,0.95
736,柳氏民居,民居,明,1406,15世纪,山西省,建筑空间布局,坐北朝南,0.95
736,柳氏民居,民居,明,1406,15世纪,山西省,建筑空间布局,三区布局,0.93
736,柳氏民居,民居,明,1406,15世纪,山西省,建筑空间布局,环形小街,0.9
737,湘峪古堡,民居,明,1614,17世纪,山西省,建筑结构体系,蜂窝城,0.95
737,湘峪古堡,民居,明,1614,17世纪,山西省,建筑结构体系,内城外城结构,0.93
737,湘峪古堡,民居,明,1614,17世纪,山西省,建筑材料,砖石砌筑,0.85
737,湘峪古堡,民居,明,1614,17世纪,山西省,建筑材料,夯土墙,0.8
737,湘峪古堡,民居,明,1614,17世纪,山西省,建筑材料,窑洞式墙体,0.82
737,湘峪古堡,民居,明,1614,17世纪,山西省,建筑功能,基层防御,0.9
737,湘峪古堡,民居,明,1614,17世纪,山西省,建筑功能,堡寨体系,0.88
737,湘峪古堡,民居,明,1614,17世纪,山西省,建筑功能,军事辅助功能,0.85
737,湘峪古堡,民居,明,1614,17世纪,山西省,营造技艺,依山就势营造,0.87
737,湘峪古堡,民居,明,1614,17世纪,山西省,营造技艺,堡寨联防布局,0.84
737,湘峪古堡,民居,明,1614,17世纪,山西省,营造技艺,窑洞嵌墙技法,0.81
737,湘峪古堡,民居,明,1614,17世纪,山西省,建筑空间布局,三街九巷,0.95
737,湘峪古堡,民居,明,1614,17世纪,山西省,建筑空间布局,围院式布局,0.92
737,湘峪古堡,民居,明,1614,17世纪,山西省,建筑空间布局,三都堂中心布局,0.9
744,王家大院,民居,明,1573,16世纪,山西省,建筑结构体系,城堡式住宅,0.92
744,王家大院,民居,明,1573,16世纪,山西省,建筑结构体系,依山而建,0.92
744,王家大院,民居,明,1573,16世纪,山西省,建筑结构体系,坐北朝南,0.92
744,王家大院,民居,明,1573,16世纪,山西省,建筑材料,砖,0.55
744,王家大院,民居,明,1573,16世纪,山西省,建筑材料,石,0.55
744,王家大院,民居,明,1573,16世纪,山西省,建筑材料,木,0.55
744,王家大院,民居,明,1573,16世纪,山西省,建筑功能,民居,0.85
744,王家大院,民居,明,1573,16世纪,山西省,建筑功能,博物馆,0.85
744,王家大院,民居,明,1573,16世纪,山西省,建筑功能,艺术馆,0.85
744,王家大院,民居,明,1573,16世纪,山西省,营造技艺,砖雕,0.95
744,王家大院,民居,明,1573,16世纪,山西省,营造技艺,石雕,0.95
744,王家大院,民居,明,1573,16世纪,山西省,营造技艺,木雕,0.95
744,王家大院,民居,明,1573,16世纪,山西省,建筑空间布局,院落式布局,0.96
744,王家大院,民居,明,1573,16世纪,山西省,建筑空间布局,东大院,0.96
744,王家大院,民居,明,1573,16世纪,山西省,建筑空间布局,西大院,0.96
744,王家大院,民居,明,1573,16世纪,山西省,建筑空间布局,孝义祠,0.96
744,王家大院,民居,明,1573,16世纪,山西省,建筑空间布局,坐北朝南,0.96
748,曹家大院,民居,明,1573,16世纪,山西省,建筑结构体系,堂楼结构,0.93
748,曹家大院,民居,明,1573,16世纪,山西省,建筑结构体系,穿堂院落,0.91
748,曹家大院,民居,明,1573,16世纪,山西省,建筑结构体系,四层木构,0.88
748,曹家大院,民居,明,1573,16世纪,山西省,建筑材料,砖石,0.65
748,曹家大院,民居,明,1573,16世纪,山西省,建筑材料,木材,0.6
748,曹家大院,民居,明,1573,16世纪,山西省,建筑功能,民居,0.85
748,曹家大院,民居,明,1573,16世纪,山西省,建筑功能,博物馆,0.83
748,曹家大院,民居,明,1573,16世纪,山西省,营造技艺,南北融合风格,0.8
748,曹家大院,民居,明,1573,16世纪,山西省,营造技艺,中西合璧营造,0.78
748,曹家大院,民居,明,1573,16世纪,山西省,建筑空间布局,寿字形布局,0.95
748,曹家大院,民居,明,1573,16世纪,山西省,建筑空间布局,三进院落,0.92
748,曹家大院,民居,明,1573,16世纪,山西省,建筑空间布局,十五小院,0.9
759,潞安府衙,官府,隋,583,6世纪,山西省,建筑结构体系,重檐歇山顶,0.92
759,潞安府衙,官府,隋,583,6世纪,山西省,建筑结构体系,高台建筑,0.9
759,潞安府衙,官府,隋,583,6世纪,山西省,建筑结构体系,四角瑞兽装饰,0.88
759,潞安府衙,官府,隋,583,6世纪,山西省,建筑材料,青砖,0.85
759,潞安府衙,官府,隋,583,6世纪,山西省,建筑材料,木材,0.87
759,潞安府衙,官府,隋,583,6世纪,山西省,建筑材料,灰瓦,0.84
759,潞安府衙,官府,隋,583,6世纪,山西省,建筑功能,衙署,0.95
759,潞安府衙,官府,隋,583,6世纪,山西省,建筑功能,知府眷属院,0.93
759,潞安府衙,官府,隋,583,6世纪,山西省,建筑功能,办公院,0.92
759,潞安府衙,官府,隋,583,6世纪,山西省,建筑功能,西花园,0.91
759,潞安府衙,官府,隋,583,6世纪,山西省,营造技艺,榫卯结构,0.86
759,潞安府衙,官府,隋,583,6世纪,山西省,营造技艺,斗拱承重,0.83
759,潞安府衙,官府,隋,583,6世纪,山西省,营造技艺,台基砌筑,0.82
759,潞安府衙,官府,隋,583,6世纪,山西省,建筑空间布局,中轴线对称布局,0.94
759,潞安府衙,官府,隋,583,6世纪,山西省,建筑空间布局,坐北朝南,0.93
759,潞安府衙,官府,隋,583,6世纪,山西省,建筑空间布局,钟鼓楼对峙,0.9
759,潞安府衙,官府,隋,583,6世纪,山西省,建筑空间布局,多进院落,0.89
760,渠家大院,民居,清,1736,18世纪,山西省,建筑结构体系,城堡式,0.95
760,渠家大院,民居,清,1736,18世纪,山西省,建筑结构体系,歇山顶,0.93
760,渠家大院,民居,清,1736,18世纪,山西省,建筑结构体系,悬山顶,0.92
760,渠家大院,民居,清,1736,18世纪,山西省,建筑结构体系,卷棚顶,0.91
760,渠家大院,民居,清,1736,18世纪,山西省,建筑结构体系,硬山顶,0.9
760,渠家大院,民居,清,1736,18世纪,山西省,建筑材料,青砖,0.85
760,渠家大院,民居,清,1736,18世纪,山西省,建筑材料,木材,0.84
760,渠家大院,民居,清,1736,18世纪,山西省,建筑材料,灰瓦,0.82
760,渠家大院,民居,清,1736,18世纪,山西省,建筑功能,晋商文化博物馆,0.85
760,渠家大院,民居,清,1736,18世纪,山西省,建筑功能,茶庄旧址,0.83
760,渠家大院,民居,清,1736,18世纪,山西省,营造技艺,抬梁式,0.8
760,渠家大院,民居,清,1736,18世纪,山西省,营造技艺,穿斗式,0.78
760,渠家大院,民居,清,1736,18世纪,山西省,营造技艺,砖雕装饰,0.82
760,渠家大院,民居,清,1736,18世纪,山西省,建筑空间布局,坐北朝南,0.98
760,渠家大院,民居,清,1736,18世纪,山西省,建筑空间布局,多进院落,0.97
760,渠家大院,民居,清,1736,18世纪,山西省,建筑空间布局,统楼院,0.96
760,渠家大院,民居,清,1736,18世纪,山西省,建筑空间布局,戏台院,0.95
760,渠家大院,民居,清,1736,18世纪,山西省,建筑空间布局,栏杆院,0.94
766,师家沟古建筑群,民居,清,1769,18世纪,山西省,建筑结构体系,四合院,0.85
766,师家沟古建筑群,民居,清,1769,18世纪,山西省,建筑结构体系,三合院,0.85
766,师家沟古建筑群,民居,清,1769,18世纪,山西省,建筑结构体系,砖房结构,0.8
766,师家沟古建筑群,民居,清,1769,18世纪,山西省,建筑结构体系,窑洞结构,0.8
766,师家沟古建筑群,民居,清,1769,18世纪,山西省,建筑材料,砖,0.9
766,师家沟古建筑群,民居,清,1769,18世纪,山西省,建筑材料,生土,0.85
766,师家沟古建筑群,民居,清,1769,18世纪,山西省,建筑材料,石材,0.75
766,师家沟古建筑群,民居,清,1769,18世纪,山西省,建筑功能,居住,0.9
766,师家沟古建筑群,民居,清,1769,18世纪,山西省,建筑功能,宗族聚居,0.85
766,师家沟古建筑群,民居,清,1769,18世纪,山西省,营造技艺,依山砌筑,0.8
766,师家沟古建筑群,民居,清,1769,18世纪,山西省,营造技艺,窑洞开凿,0.85
766,师家沟古建筑群,民居,清,1769,18世纪,山西省,建筑空间布局,依山就势,0.9
766,师家沟古建筑群,民居,清,1769,18世纪,山西省,建筑空间布局,围院结构,0.85
766,师家沟古建筑群,民居,清,1769,18世纪,山西省,建筑空间布局,坡地布局,0.8
766,师家沟古建筑群,民居,清,1769,18世纪,山西省,建筑空间布局,背山面沟,0.85
774,绥远城墙和将军衙署,官府,清,1735,18世纪,内蒙古自治区,建筑结构体系,角楼,0.95
774,绥远城墙和将军衙署,官府,清,1735,18世纪,内蒙古自治区,建筑结构体系,堆拨,0.94
774,绥远城墙和将军衙署,官府,清,1735,18世纪,内蒙古自治区,建筑结构体系,城门楼,0.93
774,绥远城墙和将军衙署,官府,清,1735,18世纪,内蒙古自治区,建筑结构体系,官式城垣,0.92
774,绥远城墙和将军衙署,官府,清,1735,18世纪,内蒙古自治区,建筑材料,城砖,0.65
774,绥远城墙和将军衙署,官府,清,1735,18世纪,内蒙古自治区,建筑功能,军事驻防城,0.97
774,绥远城墙和将军衙署,官府,清,1735,18世纪,内蒙古自治区,建筑功能,边疆驻防将军府,0.96
774,绥远城墙和将军衙署,官府,清,1735,18世纪,内蒙古自治区,建筑功能,衙署,0.95
774,绥远城墙和将军衙署,官府,清,1735,18世纪,内蒙古自治区,营造技艺,清代官式制式,0.85
774,绥远城墙和将军衙署,官府,清,1735,18世纪,内蒙古自治区,营造技艺,城池营造规范,0.84
774,绥远城墙和将军衙署,官府,清,1735,18世纪,内蒙古自治区,建筑空间布局,中轴对称,0.96
774,绥远城墙和将军衙署,官府,清,1735,18世纪,内蒙古自治区,建筑空间布局,六进院落,0.95
774,绥远城墙和将军衙署,官府,清,1735,18世纪,内蒙古自治区,建筑空间布局,东西跨院,0.94
774,绥远城墙和将军衙署,官府,清,1735,18世纪,内蒙古自治区,建筑空间布局,围院结构,0.93
780,僧格林沁王府,官府,清,1826,19世纪,内蒙古自治区,建筑结构体系,硬山式,0.95
780,僧格林沁王府,官府,清,1826,19世纪,内蒙古自治区,建筑结构体系,五重四进,0.94
780,僧格林沁王府,官府,清,1826,19世纪,内蒙古自治区,建筑结构体系,三路并列,0.93
780,僧格林沁王府,官府,清,1826,19世纪,内蒙古自治区,建筑材料,木材,0.65
780,僧格林沁王府,官府,清,1826,19世纪,内蒙古自治区,建筑材料,砖石,0.6
780,僧格林沁王府,官府,清,1826,19世纪,内蒙古自治区,建筑功能,礼政区,0.93
780,僧格林沁王府,官府,清,1826,19世纪,内蒙古自治区,建筑功能,旗政办公区,0.92
780,僧格林沁王府,官府,清,1826,19世纪,内蒙古自治区,建筑功能,生活保障区,0.91
780,僧格林沁王府,官府,清,1826,19世纪,内蒙古自治区,营造技艺,雕梁画栋,0.85
780,僧格林沁王府,官府,清,1826,19世纪,内蒙古自治区,营造技艺,飞檐反宇,0.84
780,僧格林沁王府,官府,清,1826,19世纪,内蒙古自治区,营造技艺,清代官式,0.83
780,僧格林沁王府,官府,清,1826,19世纪,内蒙古自治区,建筑空间布局,三路并列,0.96
780,僧格林沁王府,官府,清,1826,19世纪,内蒙古自治区,建筑空间布局,五重四进,0.95
780,僧格林沁王府,官府,清,1826,19世纪,内蒙古自治区,建筑空间布局,围合紧凑,0.94
783,中前所城,官府,明,1428,15世纪,辽宁省,建筑结构体系,城墙结构,0.95
783,中前所城,官府,明,1428,15世纪,辽宁省,建筑结构体系,方形城制,0.9
783,中前所城,官府,明,1428,15世纪,辽宁省,建筑材料,砖石,0.6
783,中前所城,官府,明,1428,15世纪,辽宁省,建筑材料,生土,0.55
783,中前所城,官府,明,1428,15世纪,辽宁省,建筑功能,军事防御,0.85
783,中前所城,官府,明,1428,15世纪,辽宁省,建筑功能,千户所驻地,0.8
783,中前所城,官府,明,1428,15世纪,辽宁省,营造技艺,明代筑城法,0.7
783,中前所城,官府,明,1428,15世纪,辽宁省,营造技艺,清代重修工艺,0.65
783,中前所城,官府,明,1428,15世纪,辽宁省,建筑空间布局,方形布局,0.9
783,中前所城,官府,明,1428,15世纪,辽宁省,建筑空间布局,三门设瓮城,0.85
783,中前所城,官府,明,1428,15世纪,辽宁省,建筑空间布局,围院结构,0.8
784,广宁城,官府,明,1390,14世纪,辽宁省,建筑结构体系,瓮城,0.95
784,广宁城,官府,明,1390,14世纪,辽宁省,建筑结构体系,角楼,0.95
784,广宁城,官府,明,1390,14世纪,辽宁省,建筑结构体系,城楼,0.94
784,广宁城,官府,明,1390,14世纪,辽宁省,建筑结构体系,马道,0.93
784,广宁城,官府,明,1390,14世纪,辽宁省,建筑结构体系,女儿墙,0.92
784,广宁城,官府,明,1390,14世纪,辽宁省,建筑材料,砖石,0.97
784,广宁城,官府,明,1390,14世纪,辽宁省,建筑材料,夯土,0.96
784,广宁城,官府,明,1390,14世纪,辽宁省,建筑材料,条石,0.95
784,广宁城,官府,明,1390,14世纪,辽宁省,建筑材料,内石外砖,0.94
784,广宁城,官府,明,1390,14世纪,辽宁省,建筑功能,卫所,0.93
784,广宁城,官府,明,1390,14世纪,辽宁省,建筑功能,点将台,0.92
784,广宁城,官府,明,1390,14世纪,辽宁省,建筑功能,军政中心,0.91
784,广宁城,官府,明,1390,14世纪,辽宁省,营造技艺,包砌砖石,0.91
784,广宁城,官府,明,1390,14世纪,辽宁省,营造技艺,夯土筑城,0.9
784,广宁城,官府,明,1390,14世纪,辽宁省,营造技艺,重修续筑,0.89
784,广宁城,官府,明,1390,14世纪,辽宁省,营造技艺,砖木结构,0.88
784,广宁城,官府,明,1390,14世纪,辽宁省,建筑空间布局,十字街,0.96
784,广宁城,官府,明,1390,14世纪,辽宁省,建筑空间布局,四卫分驻,0.95
784,广宁城,官府,明,1390,14世纪,辽宁省,建筑空间布局,鼓楼居中,0.94
784,广宁城,官府,明,1390,14世纪,辽宁省,建筑空间布局,大街轴线,0.93
800,太仓石拱桥,桥梁,元,1329,14世纪,江苏省,建筑结构体系,单孔石拱,0.95
800,太仓石拱桥,桥梁,元,1329,14世纪,江苏省,建筑结构体系,三孔石拱,0.95
800,太仓石拱桥,桥梁,元,1329,14世纪,江苏省,建筑结构体系,石拱桥,0.95
800,太仓石拱桥,桥梁,元,1329,14世纪,江苏省,建筑材料,石材,0.85
800,太仓石拱桥,桥梁,元,1329,14世纪,江苏省,建筑材料,石砌,0.85
800,太仓石拱桥,桥梁,元,1329,14世纪,江苏省,建筑功能,交通通行,0.9
800,太仓石拱桥,桥梁,元,1329,14世纪,江苏省,建筑功能,跨河连街,0.85
800,太仓石拱桥,桥梁,元,1329,14世纪,江苏省,营造技艺,拱券砌筑,0.85
800,太仓石拱桥,桥梁,元,1329,14世纪,江苏省,营造技艺,石构干砌,0.8
800,太仓石拱桥,桥梁,元,1329,14世纪,江苏省,建筑空间布局,沿河布局,0.9
800,太仓石拱桥,桥梁,元,1329,14世纪,江苏省,建筑空间布局,街桥一体,0.9
800,太仓石拱桥,桥梁,元,1329,14世纪,江苏省,建筑空间布局,致和塘沿线,0.9
801,盘门,官府,东周,-514,公元前6世纪,江苏省,建筑结构体系,瓮城,0.95
801,盘门,官府,东周,-514,公元前6世纪,江苏省,建筑结构体系,水陆城门,0.95
801,盘门,官府,东周,-514,公元前6世纪,江苏省,建筑结构体系,曲尺形布局,0.93
801,盘门,官府,东周,-514,公元前6世纪,江苏省,建筑结构体系,双重城垣,0.92
801,盘门,官府,东周,-514,公元前6世纪,江苏省,建筑材料,木材,0.55
801,盘门,官府,东周,-514,公元前6世纪,江苏省,建筑材料,木制蟠龙,0.5
801,盘门,官府,东周,-514,公元前6世纪,江苏省,建筑材料,砖石,0.45
801,盘门,官府,东周,-514,公元前6世纪,江苏省,建筑功能,防御设施,0.9
801,盘门,官府,东周,-514,公元前6世纪,江苏省,建筑功能,藏兵洞,0.9
801,盘门,官府,东周,-514,公元前6世纪,江苏省,建筑功能,水闸,0.88
801,盘门,官府,东周,-514,公元前6世纪,江苏省,建筑功能,射孔,0.87
801,盘门,官府,东周,-514,公元前6世纪,江苏省,营造技艺,城垣砌筑,0.85
801,盘门,官府,东周,-514,公元前6世纪,江苏省,营造技艺,水陆门交错布局,0.87
801,盘门,官府,东周,-514,公元前6世纪,江苏省,营造技艺,飞檐翘角构造,0.82
801,盘门,官府,东周,-514,公元前6世纪,江苏省,建筑空间布局,曲尺形,0.95
801,盘门,官府,东周,-514,公元前6世纪,江苏省,建筑空间布局,瓮城布局,0.95
801,盘门,官府,东周,-514,公元前6世纪,江苏省,建筑空间布局,内外两重,0.94
801,盘门,官府,东周,-514,公元前6世纪,江苏省,建筑空间布局,暗道连接,0.92
806,户部山古建筑群,民居,明,1624,17世纪,江苏省,建筑结构体系,四合院,0.95
806,户部山古建筑群,民居,明,1624,17世纪,江苏省,建筑结构体系,围院结构,0.93
806,户部山古建筑群,民居,明,1624,17世纪,江苏省,建筑材料,青砖,0.98
806,户部山古建筑群,民居,明,1624,17世纪,江苏省,建筑材料,青石,0.97
806,户部山古建筑群,民居,明,1624,17世纪,江苏省,建筑材料,木材,0.96
806,户部山古建筑群,民居,明,1624,17世纪,江苏省,建筑功能,民居,0.92
806,户部山古建筑群,民居,明,1624,17世纪,江苏省,建筑功能,民俗博物馆,0.9
806,户部山古建筑群,民居,明,1624,17世纪,江苏省,营造技艺,雕梁画栋,0.85
806,户部山古建筑群,民居,明,1624,17世纪,江苏省,营造技艺,精细琢刻,0.84
806,户部山古建筑群,民居,明,1624,17世纪,江苏省,建筑空间布局,因山就势,0.96
806,户部山古建筑群,民居,明,1624,17世纪,江苏省,建筑空间布局,参差错落,0.95
806,户部山古建筑群,民居,明,1624,17世纪,江苏省,建筑空间布局,规整划一,0.94
807,瞻园,官府,明,1522,16世纪,江苏省,建筑结构体系,抬梁式,0.88
807,瞻园,官府,明,1522,16世纪,江苏省,建筑结构体系,穿斗式,0.85
807,瞻园,官府,明,1522,16世纪,江苏省,建筑结构体系,楼榭亭台,0.92
807,瞻园,官府,明,1522,16世纪,江苏省,建筑材料,太湖石,0.75
807,瞻园,官府,明,1522,16世纪,江苏省,建筑材料,木材,0.7
807,瞻园,官府,明,1522,16世纪,江苏省,建筑材料,砖石,0.68
807,瞻园,官府,明,1522,16世纪,江苏省,建筑功能,王府,0.96
807,瞻园,官府,明,1522,16世纪,江苏省,建筑功能,布政使衙署,0.94
807,瞻园,官府,明,1522,16世纪,江苏省,建筑功能,历史博物馆,0.96
807,瞻园,官府,明,1522,16世纪,江苏省,营造技艺,江南园林营造,0.85
807,瞻园,官府,明,1522,16世纪,江苏省,营造技艺,假山叠石,0.82
807,瞻园,官府,明,1522,16世纪,江苏省,营造技艺,传统修复技艺,0.8
807,瞻园,官府,明,1522,16世纪,江苏省,建筑空间布局,东西分部,0.94
807,瞻园,官府,明,1522,16世纪,江苏省,建筑空间布局,主园与小庭院,0.93
807,瞻园,官府,明,1522,16世纪,江苏省,建筑空间布局,三面环水一面依陆,0.91
811,赵用贤宅,民居,明,1553,16世纪,江苏省,建筑结构体系,月梁,0.95
811,赵用贤宅,民居,明,1553,16世纪,江苏省,建筑结构体系,四椽袱,0.95
811,赵用贤宅,民居,明,1553,16世纪,江苏省,建筑结构体系,平梁,0.95
811,赵用贤宅,民居,明,1553,16世纪,江苏省,建筑材料,木材,0.55
811,赵用贤宅,民居,明,1553,16世纪,江苏省,建筑材料,彩画颜料,0.55
811,赵用贤宅,民居,明,1553,16世纪,江苏省,建筑材料,木雕材料,0.55
811,赵用贤宅,民居,明,1553,16世纪,江苏省,建筑功能,藏书楼,0.98
811,赵用贤宅,民居,明,1553,16世纪,江苏省,建筑功能,古琴艺术馆,0.98
811,赵用贤宅,民居,明,1553,16世纪,江苏省,建筑功能,私家宅第,0.98
811,赵用贤宅,民居,明,1553,16世纪,江苏省,营造技艺,斗拱出挑,0.97
811,赵用贤宅,民居,明,1553,16世纪,江苏省,营造技艺,苏式彩画,0.97
811,赵用贤宅,民居,明,1553,16世纪,江苏省,营造技艺,沥粉堆塑,0.97
811,赵用贤宅,民居,明,1553,16世纪,江苏省,营造技艺,浮雕装饰,0.97
811,赵用贤宅,民居,明,1553,16世纪,江苏省,建筑空间布局,中路轴线,0.96
811,赵用贤宅,民居,明,1553,16世纪,江苏省,建筑空间布局,三路院落,0.96
811,赵用贤宅,民居,明,1553,16世纪,江苏省,建筑空间布局,前庭藏书厅,0.96
812,张溥宅第,民居,明,1621,17世纪,江苏省,建筑结构体系,走马堂楼,0.9
812,张溥宅第,民居,明,1621,17世纪,江苏省,建筑结构体系,复道廊,0.9
812,张溥宅第,民居,明,1621,17世纪,江苏省,建筑材料,青砖,0.85
812,张溥宅第,民居,明,1621,17世纪,江苏省,建筑材料,木构架,0.85
812,张溥宅第,民居,明,1621,17世纪,江苏省,建筑材料,黛瓦,0.8
812,张溥宅第,民居,明,1621,17世纪,江苏省,建筑功能,聚会场所,0.95
812,张溥宅第,民居,明,1621,17世纪,江苏省,建筑功能,复社活动地,0.95
812,张溥宅第,民居,明,1621,17世纪,江苏省,营造技艺,穿斗式,0.8
812,张溥宅第,民居,明,1621,17世纪,江苏省,营造技艺,抬梁式,0.8
812,张溥宅第,民居,明,1621,17世纪,江苏省,营造技艺,榫卯结构,0.85
812,张溥宅第,民居,明,1621,17世纪,江苏省,建筑空间布局,走马堂楼,0.95
812,张溥宅第,民居,明,1621,17世纪,江苏省,建筑空间布局,三进院落,0.95
812,张溥宅第,民居,明,1621,17世纪,江苏省,建筑空间布局,复道廊连通,0.95
813,东山民居,民居,明,1450,15世纪,江苏省,建筑结构体系,抬梁式,0.7
813,东山民居,民居,明,1450,15世纪,江苏省,建筑结构体系,穿斗式,0.65
813,东山民居,民居,明,1450,15世纪,江苏省,建筑材料,砖,0.55
813,东山民居,民居,明,1450,15世纪,江苏省,建筑材料,木材,0.55
813,东山民居,民居,明,1450,15世纪,江苏省,建筑功能,大厅,0.95
813,东山民居,民居,明,1450,15世纪,江苏省,建筑功能,花厅,0.95
813,东山民居,民居,明,1450,15世纪,江苏省,建筑功能,书房,0.95
813,东山民居,民居,明,1450,15世纪,江苏省,建筑功能,客房,0.95
813,东山民居,民居,明,1450,15世纪,江苏省,建筑功能,佛楼,0.95
813,东山民居,民居,明,1450,15世纪,江苏省,营造技艺,砖雕,0.9
813,东山民居,民居,明,1450,15世纪,江苏省,营造技艺,木雕,0.9
813,东山民居,民居,明,1450,15世纪,江苏省,营造技艺,苏式彩绘,0.9
813,东山民居,民居,明,1450,15世纪,江苏省,建筑空间布局,门楼,0.95
813,东山民居,民居,明,1450,15世纪,江苏省,建筑空间布局,大厅,0.95
813,东山民居,民居,明,1450,15世纪,江苏省,建筑空间布局,两厢,0.95
813,东山民居,民居,明,1450,15世纪,江苏省,建筑空间布局,仪门,0.95
813,东山民居,民居,明,1450,15世纪,江苏省,建筑空间布局,书楼,0.95
814,艺圃,民居,明,1541,16世纪,江苏省,建筑结构体系,抬梁式,0.95
814,艺圃,民居,明,1541,16世纪,江苏省,建筑结构体系,井字形天花,0.93
814,艺圃,民居,明,1541,16世纪,江苏省,建筑结构体系,单檐攒尖,0.92
814,艺圃,民居,明,1541,16世纪,江苏省,建筑结构体系,面阔五间,0.9
814,艺圃,民居,明,1541,16世纪,江苏省,建筑材料,湖石,0.85
814,艺圃,民居,明,1541,16世纪,江苏省,建筑材料,木材,0.8
814,艺圃,民居,明,1541,16世纪,江苏省,建筑功能,书堂,0.9
814,艺圃,民居,明,1541,16世纪,江苏省,建筑功能,厅堂,0.88
814,艺圃,民居,明,1541,16世纪,江苏省,建筑功能,水榭,0.85
814,艺圃,民居,明,1541,16世纪,江苏省,营造技艺,叠山理水,0.95
814,艺圃,民居,明,1541,16世纪,江苏省,营造技艺,取法自然,0.93
814,艺圃,民居,明,1541,16世纪,江苏省,营造技艺,登山石径,0.9
814,艺圃,民居,明,1541,16世纪,江苏省,建筑空间布局,池水为中心,0.98
814,艺圃,民居,明,1541,16世纪,江苏省,建筑空间布局,建筑-水池-山林,0.96
814,艺圃,民居,明,1541,16世纪,江苏省,建筑空间布局,小庭园辅景,0.92
816,淮安府衙,官府,明,1370,14世纪,江苏省,建筑结构体系,抬梁式,0.92
816,淮安府衙,官府,明,1370,14世纪,江苏省,建筑结构体系,官式建筑,0.95
816,淮安府衙,官府,明,1370,14世纪,江苏省,建筑结构体系,七间五间制,0.88
816,淮安府衙,官府,明,1370,14世纪,江苏省,建筑材料,金丝楠木,0.85
816,淮安府衙,官府,明,1370,14世纪,江苏省,建筑材料,木材,0.83
816,淮安府衙,官府,明,1370,14世纪,江苏省,建筑功能,迎宾,0.9
816,淮安府衙,官府,明,1370,14世纪,江苏省,建筑功能,军捕,0.9
816,淮安府衙,官府,明,1370,14世纪,江苏省,建筑功能,内宅,0.88
816,淮安府衙,官府,明,1370,14世纪,江苏省,建筑功能,办公,0.87
816,淮安府衙,官府,明,1370,14世纪,江苏省,营造技艺,拆旧建新,0.86
816,淮安府衙,官府,明,1370,14世纪,江苏省,营造技艺,木构架重建,0.84
816,淮安府衙,官府,明,1370,14世纪,江苏省,营造技艺,照壁营造,0.82
816,淮安府衙,官府,明,1370,14世纪,江苏省,建筑空间布局,三路并列,0.95
816,淮安府衙,官府,明,1370,14世纪,江苏省,建筑空间布局,中轴对称,0.93
816,淮安府衙,官府,明,1370,14世纪,江苏省,建筑空间布局,多进院落,0.91
816,淮安府衙,官府,明,1370,14世纪,江苏省,建筑空间布局,照壁对置,0.89
817,师俭堂,民居,清,1801,19世纪,江苏省,建筑结构体系,多进院落,0.95
817,师俭堂,民居,清,1801,19世纪,江苏省,建筑结构体系,西宅东园,0.95
817,师俭堂,民居,清,1801,19世纪,江苏省,建筑结构体系,主次轴线,0.93
817,师俭堂,民居,清,1801,19世纪,江苏省,建筑材料,砖雕,0.85
817,师俭堂,民居,清,1801,19世纪,江苏省,建筑材料,石雕,0.85
817,师俭堂,民居,清,1801,19世纪,江苏省,建筑材料,木雕,0.85
817,师俭堂,民居,清,1801,19世纪,江苏省,建筑功能,商铺,0.98
817,师俭堂,民居,清,1801,19世纪,江苏省,建筑功能,内宅,0.98
817,师俭堂,民居,清,1801,19世纪,江苏省,建筑功能,米行,0.97
817,师俭堂,民居,清,1801,19世纪,江苏省,建筑功能,正厅,0.96
817,师俭堂,民居,清,1801,19世纪,江苏省,营造技艺,云头挑梓,0.8
817,师俭堂,民居,清,1801,19世纪,江苏省,营造技艺,梁檩结构,0.78
817,师俭堂,民居,清,1801,19世纪,江苏省,建筑空间布局,西宅东园,0.96
817,师俭堂,民居,清,1801,19世纪,江苏省,建筑空间布局,街穿天井,0.95
817,师俭堂,民居,清,1801,19世纪,江苏省,建筑空间布局,袖珍园林,0.94
817,师俭堂,民居,清,1801,19世纪,江苏省,建筑空间布局,券门通巷,0.92
819,吴氏宅第,民居,清,1888,19世纪,江苏省,建筑结构体系,木构架,0.85
819,吴氏宅第,民居,清,1888,19世纪,江苏省,建筑结构体系,抬梁式,0.8
819,吴氏宅第,民居,清,1888,19世纪,江苏省,建筑材料,青砖,0.9
819,吴氏宅第,民居,清,1888,19世纪,江苏省,建筑材料,木材,0.9
819,吴氏宅第,民居,清,1888,19世纪,江苏省,建筑材料,石材,0.75
819,吴氏宅第,民居,清,1888,19世纪,江苏省,建筑功能,住宅,0.95
819,吴氏宅第,民居,清,1888,19世纪,江苏省,建筑功能,花园,0.85
819,吴氏宅第,民居,清,1888,19世纪,江苏省,建筑功能,祠堂,0.85
819,吴氏宅第,民居,清,1888,19世纪,江苏省,建筑功能,医院,0.8
819,吴氏宅第,民居,清,1888,19世纪,江苏省,营造技艺,仿宁波道台衙门,0.75
819,吴氏宅第,民居,清,1888,19世纪,江苏省,营造技艺,仿天一阁,0.7
819,吴氏宅第,民居,清,1888,19世纪,江苏省,建筑空间布局,多轴线布局,0.95
819,吴氏宅第,民居,清,1888,19世纪,江苏省,建筑空间布局,火巷分隔,0.9
819,吴氏宅第,民居,清,1888,19世纪,江苏省,建筑空间布局,东西两块,0.9
819,吴氏宅第,民居,清,1888,19世纪,江苏省,建筑空间布局,三进院落,0.85
821,小盘谷,民居,清,1736,18世纪,江苏省,建筑结构体系,木构架,0.8
821,小盘谷,民居,清,1736,18世纪,江苏省,建筑结构体系,抬梁式,0.75
821,小盘谷,民居,清,1736,18世纪,江苏省,建筑材料,青砖,0.85
821,小盘谷,民居,清,1736,18世纪,江苏省,建筑材料,木材,0.9
821,小盘谷,民居,清,1736,18世纪,江苏省,建筑材料,太湖石,0.8
821,小盘谷,民居,清,1736,18世纪,江苏省,建筑功能,园林,0.85
821,小盘谷,民居,清,1736,18世纪,江苏省,建筑功能,住宅,0.85
821,小盘谷,民居,清,1736,18世纪,江苏省,营造技艺,假山叠石,0.75
821,小盘谷,民居,清,1736,18世纪,江苏省,营造技艺,峰回路转布局,0.75
821,小盘谷,民居,清,1736,18世纪,江苏省,建筑空间布局,东园西宅,0.95
821,小盘谷,民居,清,1736,18世纪,江苏省,建筑空间布局,园林住宅分置,0.95
821,小盘谷,民居,清,1736,18世纪,江苏省,建筑空间布局,合院式布局,0.8
823,甘熙宅第,民居,清,1796,18世纪,江苏省,建筑结构体系,穿堂式,0.95
823,甘熙宅第,民居,清,1796,18世纪,江苏省,建筑结构体系,马头墙,0.92
823,甘熙宅第,民居,清,1796,18世纪,江苏省,建筑结构体系,跑马楼,0.9
823,甘熙宅第,民居,清,1796,18世纪,江苏省,建筑材料,青砖,0.85
823,甘熙宅第,民居,清,1796,18世纪,江苏省,建筑材料,小瓦,0.83
823,甘熙宅第,民居,清,1796,18世纪,江苏省,建筑材料,木材,0.8
823,甘熙宅第,民居,清,1796,18世纪,江苏省,建筑功能,民俗博物馆,0.97
823,甘熙宅第,民居,清,1796,18世纪,江苏省,建筑功能,展览空间,0.95
823,甘熙宅第,民居,清,1796,18世纪,江苏省,建筑功能,居住与商用混合,0.9
823,甘熙宅第,民居,清,1796,18世纪,江苏省,营造技艺,传统木作,0.6
823,甘熙宅第,民居,清,1796,18世纪,江苏省,营造技艺,花格窗工艺,0.55
823,甘熙宅第,民居,清,1796,18世纪,江苏省,建筑空间布局,多进院落,0.93
823,甘熙宅第,民居,清,1796,18世纪,江苏省,建筑空间布局,四组毗邻建筑群,0.91
823,甘熙宅第,民居,清,1796,18世纪,江苏省,建筑空间布局,坐南朝北,0.9
826,新河闸桥群,桥梁,宋,960,10世纪,浙江省,建筑结构体系,石伸臂梁式结构,0.95
826,新河闸桥群,桥梁,宋,960,10世纪,浙江省,建筑结构体系,叠涩悬挑,0.93
826,新河闸桥群,桥梁,宋,960,10世纪,浙江省,建筑结构体系,仿拱形结构,0.92
826,新河闸桥群,桥梁,宋,960,10世纪,浙江省,建筑结构体系,分水尖,0.91
826,新河闸桥群,桥梁,宋,960,10世纪,浙江省,建筑结构体系,梁式闸桥,0.9
826,新河闸桥群,桥梁,宋,960,10世纪,浙江省,建筑材料,条石,0.94
826,新河闸桥群,桥梁,宋,960,10世纪,浙江省,建筑材料,石梁,0.92
826,新河闸桥群,桥梁,宋,960,10世纪,浙江省,建筑材料,桥面板,0.88
826,新河闸桥群,桥梁,宋,960,10世纪,浙江省,建筑材料,石砌,0.87
826,新河闸桥群,桥梁,宋,960,10世纪,浙江省,建筑功能,闸桥合一,0.98
826,新河闸桥群,桥梁,宋,960,10世纪,浙江省,建筑功能,水利排蓄,0.96
826,新河闸桥群,桥梁,宋,960,10世纪,浙江省,建筑功能,交通通行,0.95
826,新河闸桥群,桥梁,宋,960,10世纪,浙江省,营造技艺,仿斗拱出挑,0.94
826,新河闸桥群,桥梁,宋,960,10世纪,浙江省,营造技艺,叠涩砌筑,0.93
826,新河闸桥群,桥梁,宋,960,10世纪,浙江省,营造技艺,隐出柱构,0.91
826,新河闸桥群,桥梁,宋,960,10世纪,浙江省,营造技艺,分水尖工艺,0.9
826,新河闸桥群,桥梁,宋,960,10世纪,浙江省,建筑空间布局,多孔桥布局,0.86
826,新河闸桥群,桥梁,宋,960,10世纪,浙江省,建筑空间布局,东西走向,0.85
826,新河闸桥群,桥梁,宋,960,10世纪,浙江省,建筑空间布局,南北走向,0.85
828,寿昌桥,桥梁,宋,1265,13世纪,浙江省,建筑结构体系,单孔石拱桥,0.98
828,寿昌桥,桥梁,宋,1265,13世纪,浙江省,建筑结构体系,实腹圆弧拱,0.97
828,寿昌桥,桥梁,宋,1265,13世纪,浙江省,建筑结构体系,石拱结构,0.96
828,寿昌桥,桥梁,宋,1265,13世纪,浙江省,建筑材料,长方块石,0.92
828,寿昌桥,桥梁,宋,1265,13世纪,浙江省,建筑材料,须弥座石栏板,0.91
828,寿昌桥,桥梁,宋,1265,13世纪,浙江省,建筑材料,莲瓣望柱,0.9
828,寿昌桥,桥梁,宋,1265,13世纪,浙江省,建筑功能,交通桥,0.95
828,寿昌桥,桥梁,宋,1265,13世纪,浙江省,建筑功能,古驿道桥梁,0.94
828,寿昌桥,桥梁,宋,1265,13世纪,浙江省,营造技艺,逐层收分砌筑,0.94
828,寿昌桥,桥梁,宋,1265,13世纪,浙江省,营造技艺,南宋原貌保存,0.93
828,寿昌桥,桥梁,宋,1265,13世纪,浙江省,营造技艺,江南石拱桥技艺,0.92
828,寿昌桥,桥梁,宋,1265,13世纪,浙江省,建筑空间布局,南北走向,0.9
828,寿昌桥,桥梁,宋,1265,13世纪,浙江省,建筑空间布局,单孔跨河布局,0.89
828,寿昌桥,桥梁,宋,1265,13世纪,浙江省,建筑空间布局,桥面收分式,0.88
829,赤溪五洞桥,桥梁,宋,1267,13世纪,浙江省,建筑结构体系,五孔梁式石桥,0.95
829,赤溪五洞桥,桥梁,宋,1267,13世纪,浙江省,建筑结构体系,梁式桥,0.93
829,赤溪五洞桥,桥梁,宋,1267,13世纪,浙江省,建筑结构体系,石梁桥,0.92
829,赤溪五洞桥,桥梁,宋,1267,13世纪,浙江省,建筑材料,石板,0.9
829,赤溪五洞桥,桥梁,宋,1267,13世纪,浙江省,建筑材料,规则石块,0.88
829,赤溪五洞桥,桥梁,宋,1267,13世纪,浙江省,建筑功能,交通桥梁,0.96
829,赤溪五洞桥,桥梁,宋,1267,13世纪,浙江省,建筑功能,村落通道,0.92
829,赤溪五洞桥,桥梁,宋,1267,13世纪,浙江省,建筑功能,跨溪通行,0.9
829,赤溪五洞桥,桥梁,宋,1267,13世纪,浙江省,营造技艺,船形墩,0.95
829,赤溪五洞桥,桥梁,宋,1267,13世纪,浙江省,营造技艺,分水尖,0.94
829,赤溪五洞桥,桥梁,宋,1267,13世纪,浙江省,营造技艺,石板并铺,0.92
829,赤溪五洞桥,桥梁,宋,1267,13世纪,浙江省,营造技艺,纪年题刻,0.9
829,赤溪五洞桥,桥梁,宋,1267,13世纪,浙江省,建筑空间布局,南北走向,0.9
829,赤溪五洞桥,桥梁,宋,1267,13世纪,浙江省,建筑空间布局,五孔布局,0.89
829,赤溪五洞桥,桥梁,宋,1267,13世纪,浙江省,建筑空间布局,线性桥道,0.87
833,芝堰村建筑群,民居,宋,1174,12世纪,浙江省,建筑结构体系,木构架,0.9
833,芝堰村建筑群,民居,宋,1174,12世纪,浙江省,建筑结构体系,抬梁式,0.85
833,芝堰村建筑群,民居,宋,1174,12世纪,浙江省,建筑材料,青砖,0.85
833,芝堰村建筑群,民居,宋,1174,12世纪,浙江省,建筑材料,木材,0.9
833,芝堰村建筑群,民居,宋,1174,12世纪,浙江省,建筑材料,石材,0.8
833,芝堰村建筑群,民居,宋,1174,12世纪,浙江省,建筑功能,宗祠,0.95
833,芝堰村建筑群,民居,宋,1174,12世纪,浙江省,建筑功能,民居,0.95
833,芝堰村建筑群,民居,宋,1174,12世纪,浙江省,营造技艺,榫卯结构,0.9
833,芝堰村建筑群,民居,宋,1174,12世纪,浙江省,营造技艺,雕花装饰,0.85
833,芝堰村建筑群,民居,宋,1174,12世纪,浙江省,建筑空间布局,中轴线布局,0.9
833,芝堰村建筑群,民居,宋,1174,12世纪,浙江省,建筑空间布局,骑楼,0.9
833,芝堰村建筑群,民居,宋,1174,12世纪,浙江省,建筑空间布局,古街布局,0.9
834,芙蓉村古建筑群,民居,唐,1368,14世纪,浙江省,建筑结构体系,木构架,0.8
834,芙蓉村古建筑群,民居,唐,1368,14世纪,浙江省,建筑结构体系,抬梁式,0.75
834,芙蓉村古建筑群,民居,唐,1368,14世纪,浙江省,建筑材料,青砖,0.8
834,芙蓉村古建筑群,民居,唐,1368,14世纪,浙江省,建筑材料,木材,0.85
834,芙蓉村古建筑群,民居,唐,1368,14世纪,浙江省,建筑材料,石材,0.75
834,芙蓉村古建筑群,民居,唐,1368,14世纪,浙江省,建筑功能,寨墙寨门,0.75
834,芙蓉村古建筑群,民居,唐,1368,14世纪,浙江省,建筑功能,宗祠,0.75
834,芙蓉村古建筑群,民居,唐,1368,14世纪,浙江省,建筑功能,书院,0.75
834,芙蓉村古建筑群,民居,唐,1368,14世纪,浙江省,建筑功能,亭,0.75
834,芙蓉村古建筑群,民居,唐,1368,14世纪,浙江省,建筑功能,大屋,0.75
834,芙蓉村古建筑群,民居,唐,1368,14世纪,浙江省,营造技艺,榫卯结构,0.8
834,芙蓉村古建筑群,民居,唐,1368,14世纪,浙江省,营造技艺,雕花装饰,0.75
834,芙蓉村古建筑群,民居,唐,1368,14世纪,浙江省,建筑空间布局,七星八斗,0.9
834,芙蓉村古建筑群,民居,唐,1368,14世纪,浙江省,建筑空间布局,星斗布局,0.85
834,芙蓉村古建筑群,民居,唐,1368,14世纪,浙江省,建筑空间布局,水井布局,0.8
834,芙蓉村古建筑群,民居,唐,1368,14世纪,浙江省,建筑空间布局,路灯系统,0.8
836,安城城墙,官府,元,1356,14世纪,浙江省,建筑结构体系,梯形断面城墙,0.95
836,安城城墙,官府,元,1356,14世纪,浙江省,建筑结构体系,环城马道,0.93
836,安城城墙,官府,元,1356,14世纪,浙江省,建筑结构体系,城台,0.92
836,安城城墙,官府,元,1356,14世纪,浙江省,建筑结构体系,椭圆形平面,0.91
836,安城城墙,官府,元,1356,14世纪,浙江省,建筑材料,条石包砌,0.93
836,安城城墙,官府,元,1356,14世纪,浙江省,建筑材料,块石包砌,0.92
836,安城城墙,官府,元,1356,14世纪,浙江省,建筑材料,黄土杂石混筑,0.91
836,安城城墙,官府,元,1356,14世纪,浙江省,建筑材料,石城,0.9
836,安城城墙,官府,元,1356,14世纪,浙江省,建筑功能,防御功能,0.96
836,安城城墙,官府,元,1356,14世纪,浙江省,建筑功能,防洪功能,0.96
836,安城城墙,官府,元,1356,14世纪,浙江省,建筑功能,双重功能城墙,0.94
836,安城城墙,官府,元,1356,14世纪,浙江省,营造技艺,石质闸槽,0.85
836,安城城墙,官府,元,1356,14世纪,浙江省,营造技艺,城墙加高,0.84
836,安城城墙,官府,元,1356,14世纪,浙江省,营造技艺,城门改造,0.83
836,安城城墙,官府,元,1356,14世纪,浙江省,建筑空间布局,四门布局,0.94
836,安城城墙,官府,元,1356,14世纪,浙江省,建筑空间布局,桃形平面,0.93
836,安城城墙,官府,元,1356,14世纪,浙江省,建筑空间布局,护城河引水,0.92
836,安城城墙,官府,元,1356,14世纪,浙江省,建筑空间布局,州署居中,0.9
840,王守仁故居和墓,民居,明,1472,15世纪,浙江省,建筑结构体系,重檐硬山,0.95
840,王守仁故居和墓,民居,明,1472,15世纪,浙江省,建筑结构体系,木结构,0.95
840,王守仁故居和墓,民居,明,1472,15世纪,浙江省,建筑结构体系,两层楼房,0.93
840,王守仁故居和墓,民居,明,1472,15世纪,浙江省,建筑结构体系,三开间,0.92
840,王守仁故居和墓,民居,明,1472,15世纪,浙江省,建筑材料,砖雕,0.85
840,王守仁故居和墓,民居,明,1472,15世纪,浙江省,建筑材料,石柱,0.85
840,王守仁故居和墓,民居,明,1472,15世纪,浙江省,建筑材料,仿木结构,0.83
840,王守仁故居和墓,民居,明,1472,15世纪,浙江省,建筑功能,故居,0.9
840,王守仁故居和墓,民居,明,1472,15世纪,浙江省,建筑功能,哲学家宅第,0.88
840,王守仁故居和墓,民居,明,1472,15世纪,浙江省,营造技艺,砖雕工艺,0.82
840,王守仁故居和墓,民居,明,1472,15世纪,浙江省,营造技艺,仿木构作,0.8
840,王守仁故居和墓,民居,明,1472,15世纪,浙江省,营造技艺,中轴对称营造,0.78
840,王守仁故居和墓,民居,明,1472,15世纪,浙江省,建筑空间布局,中轴线布局,0.95
840,王守仁故居和墓,民居,明,1472,15世纪,浙江省,建筑空间布局,门厅-轿厅-大厅-瑞云楼序列,0.94
840,王守仁故居和墓,民居,明,1472,15世纪,浙江省,建筑空间布局,东西侧屋,0.93
840,王守仁故居和墓,民居,明,1472,15世纪,浙江省,建筑空间布局,后罩屋,0.92
841,青藤书屋和徐渭墓,民居,明,1521,16世纪,浙江省,建筑结构体系,木构架,0.8
841,青藤书屋和徐渭墓,民居,明,1521,16世纪,浙江省,建筑结构体系,砖木混合结构,0.75
841,青藤书屋和徐渭墓,民居,明,1521,16世纪,浙江省,建筑材料,砖石,0.55
841,青藤书屋和徐渭墓,民居,明,1521,16世纪,浙江省,建筑材料,木材,0.5
841,青藤书屋和徐渭墓,民居,明,1521,16世纪,浙江省,建筑功能,故居,0.95
841,青藤书屋和徐渭墓,民居,明,1521,16世纪,浙江省,建筑功能,书屋,0.95
841,青藤书屋和徐渭墓,民居,明,1521,16世纪,浙江省,建筑功能,墓葬,0.9
841,青藤书屋和徐渭墓,民居,明,1521,16世纪,浙江省,营造技艺,传统木作,0.7
841,青藤书屋和徐渭墓,民居,明,1521,16世纪,浙江省,营造技艺,江南园林营造,0.65
841,青藤书屋和徐渭墓,民居,明,1521,16世纪,浙江省,建筑空间布局,三开间,0.9
841,青藤书屋和徐渭墓,民居,明,1521,16世纪,浙江省,建筑空间布局,前后两室,0.9
841,青藤书屋和徐渭墓,民居,明,1521,16世纪,浙江省,建筑空间布局,坐北朝南,0.9
841,青藤书屋和徐渭墓,民居,明,1521,16世纪,浙江省,建筑空间布局,天池布局,0.85
841,青藤书屋和徐渭墓,民居,明,1521,16世纪,浙江省,建筑空间布局,方形墓制,0.85
843,泰顺廊桥,桥梁,唐,1673,17世纪,浙江省,建筑结构体系,木拱廊桥,0.95
843,泰顺廊桥,桥梁,唐,1673,17世纪,浙江省,建筑结构体系,八字形拱架,0.94
843,泰顺廊桥,桥梁,唐,1673,17世纪,浙江省,建筑结构体系,三折边,0.93
843,泰顺廊桥,桥梁,唐,1673,17世纪,浙江省,建筑结构体系,五折边,0.92
843,泰顺廊桥,桥梁,唐,1673,17世纪,浙江省,建筑结构体系,剪刀撑,0.91
843,泰顺廊桥,桥梁,唐,1673,17世纪,浙江省,建筑材料,木材,0.85
843,泰顺廊桥,桥梁,唐,1673,17世纪,浙江省,建筑材料,木拱结构,0.84
843,泰顺廊桥,桥梁,唐,1673,17世纪,浙江省,建筑材料,廊屋,0.82
843,泰顺廊桥,桥梁,唐,1673,17世纪,浙江省,建筑功能,交通功能,0.98
843,泰顺廊桥,桥梁,唐,1673,17世纪,浙江省,建筑功能,遮风挡雨,0.97
843,泰顺廊桥,桥梁,唐,1673,17世纪,浙江省,建筑功能,休憩场所,0.96
843,泰顺廊桥,桥梁,唐,1673,17世纪,浙江省,建筑功能,信仰场所,0.95
843,泰顺廊桥,桥梁,唐,1673,17世纪,浙江省,建筑功能,商贸交流,0.94
843,泰顺廊桥,桥梁,唐,1673,17世纪,浙江省,营造技艺,木拱桥传统营造技艺,0.97
843,泰顺廊桥,桥梁,唐,1673,17世纪,浙江省,营造技艺,编木拱技艺,0.96
843,泰顺廊桥,桥梁,唐,1673,17世纪,浙江省,营造技艺,非遗营造工艺,0.95
843,泰顺廊桥,桥梁,唐,1673,17世纪,浙江省,建筑空间布局,集中分布,0.8
843,泰顺廊桥,桥梁,唐,1673,17世纪,浙江省,建筑空间布局,廊桥文化园,0.79
843,泰顺廊桥,桥梁,唐,1673,17世纪,浙江省,建筑空间布局,廊桥博物园,0.78
844,仕水矴步,桥梁,清,1794,18世纪,浙江省,建筑结构体系,一字形布局,0.95
844,仕水矴步,桥梁,清,1794,18世纪,浙江省,建筑结构体系,高低齿状结构,0.94
844,仕水矴步,桥梁,清,1794,18世纪,浙江省,建筑结构体系,桥梁雏形,0.93
844,仕水矴步,桥梁,清,1794,18世纪,浙江省,建筑材料,白色花岗岩,0.98
844,仕水矴步,桥梁,清,1794,18世纪,浙江省,建筑材料,青石,0.98
844,仕水矴步,桥梁,清,1794,18世纪,浙江省,建筑材料,双色石材,0.97
844,仕水矴步,桥梁,清,1794,18世纪,浙江省,建筑功能,双人并行通道,0.93
844,仕水矴步,桥梁,清,1794,18世纪,浙江省,建筑功能,夜间辨识功能,0.92
844,仕水矴步,桥梁,清,1794,18世纪,浙江省,建筑功能,防洪踏步,0.91
844,仕水矴步,桥梁,清,1794,18世纪,浙江省,营造技艺,木质框架护基,0.96
844,仕水矴步,桥梁,清,1794,18世纪,浙江省,营造技艺,卵石砌筑,0.95
844,仕水矴步,桥梁,清,1794,18世纪,浙江省,营造技艺,石材深埋工艺,0.94
844,仕水矴步,桥梁,清,1794,18世纪,浙江省,建筑空间布局,一字形延伸,0.94
844,仕水矴步,桥梁,清,1794,18世纪,浙江省,建筑空间布局,等距齿列,0.93
844,仕水矴步,桥梁,清,1794,18世纪,浙江省,建筑空间布局,碑记附属布局,0.92
847,崇仁村建筑群,民居,宋,1041,11世纪,浙江省,建筑结构体系,抬梁式,0.75
847,崇仁村建筑群,民居,宋,1041,11世纪,浙江省,建筑结构体系,穿斗式,0.7
847,崇仁村建筑群,民居,宋,1041,11世纪,浙江省,建筑材料,木材,0.55
847,崇仁村建筑群,民居,宋,1041,11世纪,浙江省,建筑功能,当铺,0.95
847,崇仁村建筑群,民居,宋,1041,11世纪,浙江省,建筑功能,公共建筑,0.95
847,崇仁村建筑群,民居,宋,1041,11世纪,浙江省,营造技艺,木雕,0.85
847,崇仁村建筑群,民居,宋,1041,11世纪,浙江省,建筑空间布局,台门组合,0.9
847,崇仁村建筑群,民居,宋,1041,11世纪,浙江省,建筑空间布局,宗祠,0.9
849,顺溪古建筑群,民居,清,1736,18世纪,浙江省,建筑结构体系,穿斗式,0.95
849,顺溪古建筑群,民居,清,1736,18世纪,浙江省,建筑结构体系,抬梁式,0.9
849,顺溪古建筑群,民居,清,1736,18世纪,浙江省,建筑材料,粉墙,0.85
849,顺溪古建筑群,民居,清,1736,18世纪,浙江省,建筑材料,黛瓦,0.85
849,顺溪古建筑群,民居,清,1736,18世纪,浙江省,建筑材料,木材,0.8
849,顺溪古建筑群,民居,清,1736,18世纪,浙江省,建筑功能,聚族而居,0.9
849,顺溪古建筑群,民居,清,1736,18世纪,浙江省,建筑功能,宗族空间,0.85
849,顺溪古建筑群,民居,清,1736,18世纪,浙江省,营造技艺,传统木构,0.75
849,顺溪古建筑群,民居,清,1736,18世纪,浙江省,营造技艺,手工砌筑,0.7
849,顺溪古建筑群,民居,清,1736,18世纪,浙江省,建筑空间布局,多院落,0.95
849,顺溪古建筑群,民居,清,1736,18世纪,浙江省,建筑空间布局,大开间,0.95
849,顺溪古建筑群,民居,清,1736,18世纪,浙江省,建筑空间布局,围院结构,0.9
850,莫氏庄园,民居,清,1897,19世纪,浙江省,建筑结构体系,砖石高墙,0.55
850,莫氏庄园,民居,清,1897,19世纪,浙江省,建筑结构体系,围院结构,0.55
850,莫氏庄园,民居,清,1897,19世纪,浙江省,建筑材料,深色油漆,0.95
850,莫氏庄园,民居,清,1897,19世纪,浙江省,建筑材料,白色墙面,0.95
850,莫氏庄园,民居,清,1897,19世纪,浙江省,建筑材料,彩塑屋脊,0.95
850,莫氏庄园,民居,清,1897,19世纪,浙江省,建筑材料,砖石,0.95
850,莫氏庄园,民居,清,1897,19世纪,浙江省,建筑功能,住宅,0.9
850,莫氏庄园,民居,清,1897,19世纪,浙江省,建筑功能,祠堂,0.9
850,莫氏庄园,民居,清,1897,19世纪,浙江省,建筑功能,书房,0.9
850,莫氏庄园,民居,清,1897,19世纪,浙江省,建筑功能,花厅,0.9
850,莫氏庄园,民居,清,1897,19世纪,浙江省,营造技艺,彩塑堆饰,0.85
850,莫氏庄园,民居,清,1897,19世纪,浙江省,营造技艺,传统木构,0.75
850,莫氏庄园,民居,清,1897,19世纪,浙江省,营造技艺,砖石砌筑,0.8
850,莫氏庄园,民居,清,1897,19世纪,浙江省,建筑空间布局,三组四进,0.95
850,莫氏庄园,民居,清,1897,19世纪,浙江省,建筑空间布局,前堂后寝,0.95
850,莫氏庄园,民居,清,1897,19世纪,浙江省,建筑空间布局,备弄,0.95
850,莫氏庄园,民居,清,1897,19世纪,浙江省,建筑空间布局,天井,0.95
850,莫氏庄园,民居,清,1897,19世纪,浙江省,建筑空间布局,回廊,0.95
855,南屏村古建筑群,民居,宋,1368,14世纪,安徽省,建筑结构体系,抬梁式,0.85
855,南屏村古建筑群,民居,宋,1368,14世纪,安徽省,建筑结构体系,穿斗式,0.85
855,南屏村古建筑群,民居,宋,1368,14世纪,安徽省,建筑结构体系,砖木结构,0.9
855,南屏村古建筑群,民居,宋,1368,14世纪,安徽省,建筑材料,木材,0.55
855,南屏村古建筑群,民居,宋,1368,14世纪,安徽省,建筑材料,木雕,0.55
855,南屏村古建筑群,民居,宋,1368,14世纪,安徽省,建筑功能,宗祠,0.95
855,南屏村古建筑群,民居,宋,1368,14世纪,安徽省,建筑功能,支祠,0.95
855,南屏村古建筑群,民居,宋,1368,14世纪,安徽省,建筑功能,家祠,0.95
855,南屏村古建筑群,民居,宋,1368,14世纪,安徽省,建筑功能,古民居,0.95
855,南屏村古建筑群,民居,宋,1368,14世纪,安徽省,建筑功能,染坊,0.95
855,南屏村古建筑群,民居,宋,1368,14世纪,安徽省,营造技艺,木雕,0.75
855,南屏村古建筑群,民居,宋,1368,14世纪,安徽省,营造技艺,匾额制作,0.75
855,南屏村古建筑群,民居,宋,1368,14世纪,安徽省,营造技艺,对联雕刻,0.75
855,南屏村古建筑群,民居,宋,1368,14世纪,安徽省,建筑空间布局,轴线布局,0.9
855,南屏村古建筑群,民居,宋,1368,14世纪,安徽省,建筑空间布局,宗族分治格局,0.9
855,南屏村古建筑群,民居,宋,1368,14世纪,安徽省,建筑空间布局,聚落形态,0.9
856,江村古建筑群,民居,隋,605,7世纪,安徽省,建筑结构体系,石构建筑,0.85
856,江村古建筑群,民居,隋,605,7世纪,安徽省,建筑结构体系,祠堂建筑,0.85
856,江村古建筑群,民居,隋,605,7世纪,安徽省,建筑结构体系,民居建筑,0.85
856,江村古建筑群,民居,隋,605,7世纪,安徽省,建筑结构体系,牌坊,0.85
856,江村古建筑群,民居,隋,605,7世纪,安徽省,建筑材料,石材,0.6
856,江村古建筑群,民居,隋,605,7世纪,安徽省,建筑功能,祠堂,0.9
856,江村古建筑群,民居,隋,605,7世纪,安徽省,建筑功能,民居,0.9
856,江村古建筑群,民居,隋,605,7世纪,安徽省,建筑功能,牌坊,0.9
856,江村古建筑群,民居,隋,605,7世纪,安徽省,建筑功能,书舍,0.9
856,江村古建筑群,民居,隋,605,7世纪,安徽省,营造技艺,传统木作,0.7
856,江村古建筑群,民居,隋,605,7世纪,安徽省,营造技艺,石雕工艺,0.75
856,江村古建筑群,民居,隋,605,7世纪,安徽省,营造技艺,风水布局,0.7
856,江村古建筑群,民居,隋,605,7世纪,安徽省,建筑空间布局,枕山环水,0.8
856,江村古建筑群,民居,隋,605,7世纪,安徽省,建筑空间布局,东北至西南走向,0.8
856,江村古建筑群,民居,隋,605,7世纪,安徽省,建筑空间布局,聚秀湖布局,0.8
862,世太史第,民居,明,1573,16世纪,安徽省,建筑结构体系,砖木结构,0.95
862,世太史第,民居,明,1573,16世纪,安徽省,建筑材料,青砖,0.9
862,世太史第,民居,明,1573,16世纪,安徽省,建筑材料,砖雕,0.9
862,世太史第,民居,明,1573,16世纪,安徽省,建筑功能,翰林宅,0.95
862,世太史第,民居,明,1573,16世纪,安徽省,建筑功能,爱国主义教育基地,0.95
862,世太史第,民居,明,1573,16世纪,安徽省,建筑功能,故居,0.95
862,世太史第,民居,明,1573,16世纪,安徽省,营造技艺,修旧如旧,0.85
862,世太史第,民居,明,1573,16世纪,安徽省,建筑空间布局,中轴线布局,0.95
862,世太史第,民居,明,1573,16世纪,安徽省,建筑空间布局,多进院落,0.95
862,世太史第,民居,明,1573,16世纪,安徽省,建筑空间布局,五开间,0.95
862,世太史第,民居,明,1573,16世纪,安徽省,建筑空间布局,后花园,0.95
878,闽东北廊桥,桥梁,清,1751,18世纪,福建省,建筑结构体系,木拱廊桥,0.92
878,闽东北廊桥,桥梁,清,1751,18世纪,福建省,建筑结构体系,单孔跨度,0.9
878,闽东北廊桥,桥梁,清,1751,18世纪,福建省,建筑材料,木材,0.89
878,闽东北廊桥,桥梁,清,1751,18世纪,福建省,建筑材料,木构,0.87
878,闽东北廊桥,桥梁,清,1751,18世纪,福建省,建筑功能,交通功能,0.95
878,闽东北廊桥,桥梁,清,1751,18世纪,福建省,建筑功能,人文空间,0.92
878,闽东北廊桥,桥梁,清,1751,18世纪,福建省,营造技艺,木拱营造技艺,0.87
878,闽东北廊桥,桥梁,清,1751,18世纪,福建省,营造技艺,浙闽廊桥工艺,0.85
878,闽东北廊桥,桥梁,清,1751,18世纪,福建省,建筑空间布局,廊屋式布局,0.75
878,闽东北廊桥,桥梁,清,1751,18世纪,福建省,建筑空间布局,桥上廊道,0.7
889,鸣水桥,桥梁,宋,1111,12世纪,江西省,建筑结构体系,石砌单孔拱桥,0.95
889,鸣水桥,桥梁,宋,1111,12世纪,江西省,建筑结构体系,拱券结构,0.93
889,鸣水桥,桥梁,宋,1111,12世纪,江西省,建筑材料,石材,0.9
889,鸣水桥,桥梁,宋,1111,12世纪,江西省,建筑材料,石拱,0.88
889,鸣水桥,桥梁,宋,1111,12世纪,江西省,建筑功能,交通桥,0.75
889,鸣水桥,桥梁,宋,1111,12世纪,江西省,建筑功能,山口通道,0.72
889,鸣水桥,桥梁,宋,1111,12世纪,江西省,营造技艺,拱券砌筑,0.85
889,鸣水桥,桥梁,宋,1111,12世纪,江西省,营造技艺,原貌整修,0.82
889,鸣水桥,桥梁,宋,1111,12世纪,江西省,建筑空间布局,桥亭结合,0.8
889,鸣水桥,桥梁,宋,1111,12世纪,江西省,建筑空间布局,峡谷崖口布局,0.78
890,清华彩虹桥,桥梁,宋,1127,12世纪,江西省,建筑结构体系,梁桥,0.95
890,清华彩虹桥,桥梁,宋,1127,12世纪,江西省,建筑结构体系,廊桥,0.95
890,清华彩虹桥,桥梁,宋,1127,12世纪,江西省,建筑结构体系,四墩五孔,0.93
890,清华彩虹桥,桥梁,宋,1127,12世纪,江西省,建筑材料,木材,0.9
890,清华彩虹桥,桥梁,宋,1127,12世纪,江西省,建筑材料,条石,0.88
890,清华彩虹桥,桥梁,宋,1127,12世纪,江西省,建筑功能,廊亭,0.85
890,清华彩虹桥,桥梁,宋,1127,12世纪,江西省,建筑功能,祭祀空间,0.83
890,清华彩虹桥,桥梁,宋,1127,12世纪,江西省,建筑功能,休憩设施,0.82
890,清华彩虹桥,桥梁,宋,1127,12世纪,江西省,营造技艺,分水桥墩,0.9
890,清华彩虹桥,桥梁,宋,1127,12世纪,江西省,营造技艺,木梁架设,0.88
890,清华彩虹桥,桥梁,宋,1127,12世纪,江西省,营造技艺,徽州营造法,0.87
890,清华彩虹桥,桥梁,宋,1127,12世纪,江西省,建筑空间布局,六亭五廊,0.88
890,清华彩虹桥,桥梁,宋,1127,12世纪,江西省,建筑空间布局,引桥-桥墩-廊屋复合布局,0.86
890,清华彩虹桥,桥梁,宋,1127,12世纪,江西省,建筑空间布局,两坡顶廊屋,0.85
891,袁州谯楼,官府,五代十国,944,10世纪,江西省,建筑结构体系,抬梁式,0.95
891,袁州谯楼,官府,五代十国,944,10世纪,江西省,建筑结构体系,重檐歇山顶,0.95
891,袁州谯楼,官府,五代十国,944,10世纪,江西省,建筑材料,木材,0.55
891,袁州谯楼,官府,五代十国,944,10世纪,江西省,建筑功能,测时,0.98
891,袁州谯楼,官府,五代十国,944,10世纪,江西省,建筑功能,守时,0.98
891,袁州谯楼,官府,五代十国,944,10世纪,江西省,建筑功能,授时,0.98
891,袁州谯楼,官府,五代十国,944,10世纪,江西省,建筑功能,天文台,0.98
891,袁州谯楼,官府,五代十国,944,10世纪,江西省,营造技艺,维修,0.55
891,袁州谯楼,官府,五代十国,944,10世纪,江西省,建筑空间布局,π字形布局,0.96
891,袁州谯楼,官府,五代十国,944,10世纪,江西省,建筑空间布局,主台,0.96
891,袁州谯楼,官府,五代十国,944,10世纪,江西省,建筑空间布局,观天台,0.96
891,袁州谯楼,官府,五代十国,944,10世纪,江西省,建筑空间布局,石劵拱门,0.96
894,理坑村民居,民居,明,1368,14世纪,江西省,建筑结构体系,徽派建筑,0.85
894,理坑村民居,民居,明,1368,14世纪,江西省,建筑结构体系,抬梁式,0.7
894,理坑村民居,民居,明,1368,14世纪,江西省,建筑结构体系,穿斗式,0.65
894,理坑村民居,民居,明,1368,14世纪,江西省,建筑材料,砖石,0.55
894,理坑村民居,民居,明,1368,14世纪,江西省,建筑材料,木材,0.5
894,理坑村民居,民居,明,1368,14世纪,江西省,建筑功能,官厅,0.9
894,理坑村民居,民居,明,1368,14世纪,江西省,建筑功能,尚书第,0.88
894,理坑村民居,民居,明,1368,14世纪,江西省,建筑功能,司马第,0.87
894,理坑村民居,民居,明,1368,14世纪,江西省,建筑功能,祠堂,0.85
894,理坑村民居,民居,明,1368,14世纪,江西省,建筑功能,花厅,0.82
894,理坑村民居,民居,明,1368,14世纪,江西省,营造技艺,传统木构,0.4
894,理坑村民居,民居,明,1368,14世纪,江西省,营造技艺,徽州三雕,0.35
894,理坑村民居,民居,明,1368,14世纪,江西省,建筑空间布局,住宅为主体,0.75
894,理坑村民居,民居,明,1368,14世纪,江西省,建筑空间布局,园林式布局,0.7
894,理坑村民居,民居,明,1368,14世纪,江西省,建筑空间布局,围院结构,0.65
898,卞桥,桥梁,唐,618,7世纪,山东省,建筑结构体系,三孔联拱,0.95
898,卞桥,桥梁,唐,618,7世纪,山东省,建筑结构体系,石拱桥,0.95
898,卞桥,桥梁,唐,618,7世纪,山东省,建筑结构体系,梭形迎水墩,0.93
898,卞桥,桥梁,唐,618,7世纪,山东省,建筑材料,石材,0.85
898,卞桥,桥梁,唐,618,7世纪,山东省,建筑材料,透雕龙首,0.85
898,卞桥,桥梁,唐,618,7世纪,山东省,建筑材料,莲花托石,0.84
898,卞桥,桥梁,唐,618,7世纪,山东省,建筑材料,须弥座,0.83
898,卞桥,桥梁,唐,618,7世纪,山东省,建筑功能,景观桥,0.7
898,卞桥,桥梁,唐,618,7世纪,山东省,建筑功能,交通桥,0.68
898,卞桥,桥梁,唐,618,7世纪,山东省,营造技艺,透雕,0.9
898,卞桥,桥梁,唐,618,7世纪,山东省,营造技艺,浮雕,0.88
898,卞桥,桥梁,唐,618,7世纪,山东省,营造技艺,券砌,0.87
898,卞桥,桥梁,唐,618,7世纪,山东省,建筑空间布局,三孔对称布局,0.95
898,卞桥,桥梁,唐,618,7世纪,山东省,建筑空间布局,引桥结构,0.94
898,卞桥,桥梁,唐,618,7世纪,山东省,建筑空间布局,栏板望柱序列,0.93
905,蒲松龄故宅,民居,清,1640,17世纪,山东省,建筑结构体系,土坯墙,0.95
905,蒲松龄故宅,民居,清,1640,17世纪,山东省,建筑结构体系,青石墙基,0.95
905,蒲松龄故宅,民居,清,1640,17世纪,山东省,建筑结构体系,青砖立柱,0.95
905,蒲松龄故宅,民居,清,1640,17世纪,山东省,建筑结构体系,小青瓦顶,0.95
905,蒲松龄故宅,民居,清,1640,17世纪,山东省,建筑结构体系,草顶,0.95
905,蒲松龄故宅,民居,清,1640,17世纪,山东省,建筑材料,青石,0.98
905,蒲松龄故宅,民居,清,1640,17世纪,山东省,建筑材料,土坯,0.98
905,蒲松龄故宅,民居,清,1640,17世纪,山东省,建筑材料,青砖,0.98
905,蒲松龄故宅,民居,清,1640,17世纪,山东省,建筑材料,小青瓦,0.98
905,蒲松龄故宅,民居,清,1640,17世纪,山东省,建筑材料,茅草,0.98
905,蒲松龄故宅,民居,清,1640,17世纪,山东省,建筑功能,书房,0.96
905,蒲松龄故宅,民居,清,1640,17世纪,山东省,建筑功能,卧室,0.96
905,蒲松龄故宅,民居,清,1640,17世纪,山东省,建筑功能,客厅,0.96
905,蒲松龄故宅,民居,清,1640,17世纪,山东省,建筑功能,创作空间,0.96
905,蒲松龄故宅,民居,清,1640,17世纪,山东省,建筑功能,文化研究中心,0.96
905,蒲松龄故宅,民居,清,1640,17世纪,山东省,营造技艺,传统砌筑,0.0
905,蒲松龄故宅,民居,清,1640,17世纪,山东省,营造技艺,手工草顶铺设,0.0
905,蒲松龄故宅,民居,清,1640,17世纪,山东省,建筑空间布局,坐北朝南,0.94
905,蒲松龄故宅,民居,清,1640,17世纪,山东省,建筑空间布局,一正两厢,0.94
905,蒲松龄故宅,民居,清,1640,17世纪,山东省,建筑空间布局,门楼东向,0.94
905,蒲松龄故宅,民居,清,1640,17世纪,山东省,建筑空间布局,三开间,0.94
905,蒲松龄故宅,民居,清,1640,17世纪,山东省,建筑空间布局,院落式布局,0.94
922,叶县县衙,官府,明,1369,14世纪,河南省,建筑结构体系,木构架,0.9
922,叶县县衙,官府,明,1369,14世纪,河南省,建筑结构体系,抬梁式,0.85
922,叶县县衙,官府,明,1369,14世纪,河南省,建筑材料,青砖,0.9
922,叶县县衙,官府,明,1369,14世纪,河南省,建筑材料,灰瓦,0.9
922,叶县县衙,官府,明,1369,14世纪,河南省,建筑材料,木材,0.95
922,叶县县衙,官府,明,1369,14世纪,河南省,建筑功能,监狱,0.95
922,叶县县衙,官府,明,1369,14世纪,河南省,建筑功能,厨院,0.95
922,叶县县衙,官府,明,1369,14世纪,河南省,建筑功能,知县宅,0.95
922,叶县县衙,官府,明,1369,14世纪,河南省,建筑功能,虚受堂,0.95
922,叶县县衙,官府,明,1369,14世纪,河南省,建筑功能,思补斋,0.95
922,叶县县衙,官府,明,1369,14世纪,河南省,营造技艺,榫卯结构,0.85
922,叶县县衙,官府,明,1369,14世纪,河南省,营造技艺,斗拱,0.8
922,叶县县衙,官府,明,1369,14世纪,河南省,建筑空间布局,中轴线布局,0.98
922,叶县县衙,官府,明,1369,14世纪,河南省,建筑空间布局,三路并列,0.98
922,叶县县衙,官府,明,1369,14世纪,河南省,建筑空间布局,东侧副线,0.98
922,叶县县衙,官府,明,1369,14世纪,河南省,建筑空间布局,西侧副线,0.98
922,叶县县衙,官府,明,1369,14世纪,河南省,建筑空间布局,围院结构,0.9
928,阳台宫,宫殿,明,1428,15世纪,河南省,建筑结构体系,抬梁式,0.6
928,阳台宫,宫殿,明,1428,15世纪,河南省,建筑结构体系,穿斗式,0.5
928,阳台宫,宫殿,明,1428,15世纪,河南省,建筑材料,木材,0.55
928,阳台宫,宫殿,明,1428,15世纪,河南省,建筑材料,砖石,0.55
928,阳台宫,宫殿,明,1428,15世纪,河南省,建筑功能,道教宫观,0.85
928,阳台宫,宫殿,明,1428,15世纪,河南省,营造技艺,榫卯结构,0.7
928,阳台宫,宫殿,明,1428,15世纪,河南省,营造技艺,琉璃瓦作,0.6
928,阳台宫,宫殿,明,1428,15世纪,河南省,建筑空间布局,中轴对称,0.75
928,阳台宫,宫殿,明,1428,15世纪,河南省,建筑空间布局,院落式,0.7
930,望京楼,宫殿,明,1591,16世纪,河南省,建筑结构体系,无梁殿,0.98
930,望京楼,宫殿,明,1591,16世纪,河南省,建筑结构体系,砖石结构,0.97
930,望京楼,宫殿,明,1591,16世纪,河南省,建筑结构体系,十字形拱券,0.95
930,望京楼,宫殿,明,1591,16世纪,河南省,建筑材料,青石,0.96
930,望京楼,宫殿,明,1591,16世纪,河南省,建筑材料,白石,0.95
930,望京楼,宫殿,明,1591,16世纪,河南省,建筑材料,砖石,0.94
930,望京楼,宫殿,明,1591,16世纪,河南省,建筑功能,藏书楼,0.96
930,望京楼,宫殿,明,1591,16世纪,河南省,建筑功能,读书楼,0.95
930,望京楼,宫殿,明,1591,16世纪,河南省,营造技艺,拱券结构,0.94
930,望京楼,宫殿,明,1591,16世纪,河南省,营造技艺,无木构造,0.93
930,望京楼,宫殿,明,1591,16世纪,河南省,营造技艺,十字拱,0.92
930,望京楼,宫殿,明,1591,16世纪,河南省,建筑空间布局,坐北朝南,0.97
930,望京楼,宫殿,明,1591,16世纪,河南省,建筑空间布局,长方形平面,0.96
930,望京楼,宫殿,明,1591,16世纪,河南省,建筑空间布局,两层楼阁,0.95
945,鱼木寨,民居,明,1369,14世纪,湖北省,建筑结构体系,寨楼,0.92
945,鱼木寨,民居,明,1369,14世纪,湖北省,建筑结构体系,三阳关,0.92
945,鱼木寨,民居,明,1369,14世纪,湖北省,建筑结构体系,亮梯子,0.92
945,鱼木寨,民居,明,1369,14世纪,湖北省,建筑结构体系,土家古堡,0.92
945,鱼木寨,民居,明,1369,14世纪,湖北省,建筑材料,石材,0.88
945,鱼木寨,民居,明,1369,14世纪,湖北省,建筑材料,石碑,0.88
945,鱼木寨,民居,明,1369,14世纪,湖北省,建筑材料,石作,0.88
945,鱼木寨,民居,明,1369,14世纪,湖北省,建筑功能,军事防御,0.95
945,鱼木寨,民居,明,1369,14世纪,湖北省,建筑功能,政治中心,0.95
945,鱼木寨,民居,明,1369,14世纪,湖北省,建筑功能,文化载体,0.95
945,鱼木寨,民居,明,1369,14世纪,湖北省,建筑功能,土司居所,0.95
945,鱼木寨,民居,明,1369,14世纪,湖北省,营造技艺,石构营造,0.85
945,鱼木寨,民居,明,1369,14世纪,湖北省,营造技艺,穴居营造,0.85
945,鱼木寨,民居,明,1369,14世纪,湖北省,营造技艺,山地垒砌,0.85
945,鱼木寨,民居,明,1369,14世纪,湖北省,建筑空间布局,椭圆寨顶,0.85
945,鱼木寨,民居,明,1369,14世纪,湖北省,建筑空间布局,闭合区域,0.85
945,鱼木寨,民居,明,1369,14世纪,湖北省,建筑空间布局,联体保护,0.85
956,高椅村古建筑群,民居,明,1380,14世纪,湖南省,建筑结构体系,穿斗式,0.65
956,高椅村古建筑群,民居,明,1380,14世纪,湖南省,建筑结构体系,抬梁式,0.6
956,高椅村古建筑群,民居,明,1380,14世纪,湖南省,建筑材料,木材,0.5
956,高椅村古建筑群,民居,明,1380,14世纪,湖南省,建筑材料,生土,0.45
956,高椅村古建筑群,民居,明,1380,14世纪,湖南省,建筑材料,砖石,0.4
956,高椅村古建筑群,民居,明,1380,14世纪,湖南省,建筑功能,文化教育,0.75
956,高椅村古建筑群,民居,明,1380,14世纪,湖南省,建筑功能,政治活动,0.7
956,高椅村古建筑群,民居,明,1380,14世纪,湖南省,建筑功能,宗族聚居,0.65
956,高椅村古建筑群,民居,明,1380,14世纪,湖南省,营造技艺,明代江南营造法式,0.85
956,高椅村古建筑群,民居,明,1380,14世纪,湖南省,营造技艺,沅湘营造技艺,0.8
956,高椅村古建筑群,民居,明,1380,14世纪,湖南省,营造技艺,侗家营造技艺,0.75
956,高椅村古建筑群,民居,明,1380,14世纪,湖南省,建筑空间布局,梅花状布局,0.9
956,高椅村古建筑群,民居,明,1380,14世纪,湖南省,建筑空间布局,中心辐射式,0.85
956,高椅村古建筑群,民居,明,1380,14世纪,湖南省,建筑空间布局,五通庙中心布局,0.8
960,坪坦风雨桥,桥梁,清,1761,18世纪,湖南省,建筑结构体系,迭梁穿斗式,0.95
960,坪坦风雨桥,桥梁,清,1761,18世纪,湖南省,建筑结构体系,伸臂梁式,0.95
960,坪坦风雨桥,桥梁,清,1761,18世纪,湖南省,建筑结构体系,单孔伸臂梁式,0.93
960,坪坦风雨桥,桥梁,清,1761,18世纪,湖南省,建筑结构体系,三墩两孔,0.92
960,坪坦风雨桥,桥梁,清,1761,18世纪,湖南省,建筑材料,青石,0.9
960,坪坦风雨桥,桥梁,清,1761,18世纪,湖南省,建筑材料,砾石,0.9
960,坪坦风雨桥,桥梁,清,1761,18世纪,湖南省,建筑材料,小青瓦,0.9
960,坪坦风雨桥,桥梁,清,1761,18世纪,湖南省,建筑材料,木板,0.88
960,坪坦风雨桥,桥梁,清,1761,18世纪,湖南省,建筑材料,石板,0.88
960,坪坦风雨桥,桥梁,清,1761,18世纪,湖南省,建筑功能,避风雨,0.95
960,坪坦风雨桥,桥梁,清,1761,18世纪,湖南省,建筑功能,乘凉歇息,0.95
960,坪坦风雨桥,桥梁,清,1761,18世纪,湖南省,建筑功能,交通设施,0.94
960,坪坦风雨桥,桥梁,清,1761,18世纪,湖南省,建筑功能,风水构筑物,0.93
960,坪坦风雨桥,桥梁,清,1761,18世纪,湖南省,营造技艺,拱伸臂梁式,0.85
960,坪坦风雨桥,桥梁,清,1761,18世纪,湖南省,营造技艺,双悬臂迭梁式,0.85
960,坪坦风雨桥,桥梁,清,1761,18世纪,湖南省,营造技艺,单悬臂迭梁式,0.85
960,坪坦风雨桥,桥梁,清,1761,18世纪,湖南省,营造技艺,侗族桥梁营造技艺,0.84
960,坪坦风雨桥,桥梁,清,1761,18世纪,湖南省,建筑空间布局,四柱三间排架,0.9
960,坪坦风雨桥,桥梁,清,1761,18世纪,湖南省,建筑空间布局,廊庑式通廊,0.9
960,坪坦风雨桥,桥梁,清,1761,18世纪,湖南省,建筑空间布局,桥亭,0.88
960,坪坦风雨桥,桥梁,清,1761,18世纪,湖南省,建筑空间布局,廊道,0.87
963,凤凰古城堡,官府,清,1644,17世纪,湖南省,建筑结构体系,石砌城墙,0.92
963,凤凰古城堡,官府,清,1644,17世纪,湖南省,建筑结构体系,错缝砌筑,0.9
963,凤凰古城堡,官府,清,1644,17世纪,湖南省,建筑材料,青光岩石,0.95
963,凤凰古城堡,官府,清,1644,17世纪,湖南省,建筑材料,糯米石灰浆,0.94
963,凤凰古城堡,官府,清,1644,17世纪,湖南省,建筑材料,桐油,0.92
963,凤凰古城堡,官府,清,1644,17世纪,湖南省,建筑功能,军事要塞,0.94
963,凤凰古城堡,官府,清,1644,17世纪,湖南省,建筑功能,屯边要塞,0.93
963,凤凰古城堡,官府,清,1644,17世纪,湖南省,建筑功能,防御堡垒,0.91
963,凤凰古城堡,官府,清,1644,17世纪,湖南省,营造技艺,糯米灰浆勾缝,0.89
963,凤凰古城堡,官府,清,1644,17世纪,湖南省,营造技艺,错缝砌筑,0.88
963,凤凰古城堡,官府,清,1644,17世纪,湖南省,建筑空间布局,依险设防,0.87
963,凤凰古城堡,官府,清,1644,17世纪,湖南省,建筑空间布局,围石墙布局,0.86
963,凤凰古城堡,官府,清,1644,17世纪,湖南省,建筑空间布局,多重军事设施布局,0.85
970,道韵楼,民居,明,1477,15世纪,广东省,建筑结构体系,三进围屋,0.98
970,道韵楼,民居,明,1477,15世纪,广东省,建筑结构体系,三层楼房,0.97
970,道韵楼,民居,明,1477,15世纪,广东省,建筑结构体系,八卦形平面,0.96
970,道韵楼,民居,明,1477,15世纪,广东省,建筑材料,三合土,0.97
970,道韵楼,民居,明,1477,15世纪,广东省,建筑材料,竹钉,0.96
970,道韵楼,民居,明,1477,15世纪,广东省,建筑材料,土布瓦砖,0.95
970,道韵楼,民居,明,1477,15世纪,广东省,建筑材料,红糖糯米灰浆,0.95
970,道韵楼,民居,明,1477,15世纪,广东省,建筑功能,八防功能,0.96
970,道韵楼,民居,明,1477,15世纪,广东省,建筑功能,防火攻,0.95
970,道韵楼,民居,明,1477,15世纪,广东省,建筑功能,抗震,0.94
970,道韵楼,民居,明,1477,15世纪,广东省,建筑功能,储粮供水,0.93
970,道韵楼,民居,明,1477,15世纪,广东省,营造技艺,版筑夯土,0.95
970,道韵楼,民居,明,1477,15世纪,广东省,营造技艺,竹钉连接,0.94
970,道韵楼,民居,明,1477,15世纪,广东省,营造技艺,土布包烧制瓦,0.93
970,道韵楼,民居,明,1477,15世纪,广东省,建筑空间布局,八卦布局,0.98
970,道韵楼,民居,明,1477,15世纪,广东省,建筑空间布局,三进三环围,0.97
970,道韵楼,民居,明,1477,15世纪,广东省,建筑空间布局,中心广场,0.96
970,道韵楼,民居,明,1477,15世纪,广东省,建筑空间布局,八巷道,0.95
1005,波日桥,桥梁,元,1644,17世纪,四川省,建筑结构体系,伸臂桥,0.95
1005,波日桥,桥梁,元,1644,17世纪,四川省,建筑结构体系,木构桥梁,0.85
1005,波日桥,桥梁,元,1644,17世纪,四川省,建筑结构体系,悬臂结构,0.8
1005,波日桥,桥梁,元,1644,17世纪,四川省,建筑材料,木材,0.7
1005,波日桥,桥梁,元,1644,17世纪,四川省,建筑材料,原木,0.65
1005,波日桥,桥梁,元,1644,17世纪,四川省,建筑功能,交通桥梁,0.85
1005,波日桥,桥梁,元,1644,17世纪,四川省,建筑功能,跨江桥,0.8
1005,波日桥,桥梁,元,1644,17世纪,四川省,营造技艺,传统木构架技艺,0.75
1005,波日桥,桥梁,元,1644,17世纪,四川省,营造技艺,榫卯结构,0.7
1005,波日桥,桥梁,元,1644,17世纪,四川省,建筑空间布局,线性布局,0.8
1005,波日桥,桥梁,元,1644,17世纪,四川省,建筑空间布局,窄幅长桥,0.75
1012,宝箴塞,民居,清,1910,20世纪,四川省,建筑结构体系,环形炮楼,0.95
1012,宝箴塞,民居,清,1910,20世纪,四川省,建筑结构体系,条石寨墙,0.95
1012,宝箴塞,民居,清,1910,20世纪,四川省,建筑结构体系,银铤状平面,0.93
1012,宝箴塞,民居,清,1910,20世纪,四川省,建筑材料,条石,0.85
1012,宝箴塞,民居,清,1910,20世纪,四川省,建筑材料,石材,0.83
1012,宝箴塞,民居,清,1910,20世纪,四川省,建筑功能,军事防御,0.98
1012,宝箴塞,民居,清,1910,20世纪,四川省,建筑功能,生活起居,0.96
1012,宝箴塞,民居,清,1910,20世纪,四川省,建筑功能,仓储设施,0.94
1012,宝箴塞,民居,清,1910,20世纪,四川省,营造技艺,闽南团城风格,0.9
1012,宝箴塞,民居,清,1910,20世纪,四川省,营造技艺,江南民居特色,0.88
1012,宝箴塞,民居,清,1910,20世纪,四川省,营造技艺,依山而建,0.87
1012,宝箴塞,民居,清,1910,20世纪,四川省,建筑空间布局,七天井四院落,0.96
1012,宝箴塞,民居,清,1910,20世纪,四川省,建筑空间布局,多门系统,0.94
1012,宝箴塞,民居,清,1910,20世纪,四川省,建筑空间布局,地下通道连接,0.92
1017,寨英村古建筑群,民居,明,1385,14世纪,贵州省,建筑结构体系,干栏式,0.95
1017,寨英村古建筑群,民居,明,1385,14世纪,贵州省,建筑结构体系,三合院式,0.95
1017,寨英村古建筑群,民居,明,1385,14世纪,贵州省,建筑结构体系,四合院式,0.95
1017,寨英村古建筑群,民居,明,1385,14世纪,贵州省,建筑结构体系,吊脚楼,0.95
1017,寨英村古建筑群,民居,明,1385,14世纪,贵州省,建筑材料,木材,0.55
1017,寨英村古建筑群,民居,明,1385,14世纪,贵州省,建筑功能,古民居,0.9
1017,寨英村古建筑群,民居,明,1385,14世纪,贵州省,建筑功能,会馆,0.9
1017,寨英村古建筑群,民居,明,1385,14世纪,贵州省,建筑功能,商铺,0.9
1017,寨英村古建筑群,民居,明,1385,14世纪,贵州省,建筑功能,手工作坊,0.9
1017,寨英村古建筑群,民居,明,1385,14世纪,贵州省,建筑功能,军事屯堡,0.9
1017,寨英村古建筑群,民居,明,1385,14世纪,贵州省,营造技艺,自流供排水系统,0.8
1017,寨英村古建筑群,民居,明,1385,14世纪,贵州省,营造技艺,消防系统,0.8
1017,寨英村古建筑群,民居,明,1385,14世纪,贵州省,建筑空间布局,街巷布局,0.9
1017,寨英村古建筑群,民居,明,1385,14世纪,贵州省,建筑空间布局,结构严谨,0.9
1017,寨英村古建筑群,民居,明,1385,14世纪,贵州省,建筑空间布局,布局精巧,0.9
1022,葛镜桥,桥梁,明,1618,17世纪,贵州省,建筑结构体系,变截面圆弧尖拱,0.95
1022,葛镜桥,桥梁,明,1618,17世纪,贵州省,建筑结构体系,三孔联拱,0.94
1022,葛镜桥,桥梁,明,1618,17世纪,贵州省,建筑结构体系,石拱桥,0.93
1022,葛镜桥,桥梁,明,1618,17世纪,贵州省,建筑材料,石材,0.85
1022,葛镜桥,桥梁,明,1618,17世纪,贵州省,建筑材料,石砌,0.84
1022,葛镜桥,桥梁,明,1618,17世纪,贵州省,建筑功能,交通通行,0.75
1022,葛镜桥,桥梁,明,1618,17世纪,贵州省,建筑功能,景观构筑,0.72
1022,葛镜桥,桥梁,明,1618,17世纪,贵州省,营造技艺,依势建桥,0.9
1022,葛镜桥,桥梁,明,1618,17世纪,贵州省,营造技艺,预应力平衡,0.89
1022,葛镜桥,桥梁,明,1618,17世纪,贵州省,营造技艺,传统石作,0.87
1022,葛镜桥,桥梁,明,1618,17世纪,贵州省,建筑空间布局,天人合一,0.88
1022,葛镜桥,桥梁,明,1618,17世纪,贵州省,建筑空间布局,虚实相生,0.86
1022,葛镜桥,桥梁,明,1618,17世纪,贵州省,建筑空间布局,自然融合,0.85
1030,宝山石头城,民居,元,1264,13世纪,云南省,建筑结构体系,石砌结构,0.85
1030,宝山石头城,民居,元,1264,13世纪,云南省,建筑结构体系,山地石构,0.8
1030,宝山石头城,民居,元,1264,13世纪,云南省,建筑材料,石材,0.85
1030,宝山石头城,民居,元,1264,13世纪,云南省,建筑材料,石头,0.8
1030,宝山石头城,民居,元,1264,13世纪,云南省,建筑功能,州治所,0.9
1030,宝山石头城,民居,元,1264,13世纪,云南省,建筑功能,行政中心,0.75
1030,宝山石头城,民居,元,1264,13世纪,云南省,营造技艺,就地取材,0.8
1030,宝山石头城,民居,元,1264,13世纪,云南省,营造技艺,石砌工艺,0.75
1030,宝山石头城,民居,元,1264,13世纪,云南省,营造技艺,山地凿筑,0.7
1030,宝山石头城,民居,元,1264,13世纪,云南省,建筑空间布局,山地聚落,0.85
1030,宝山石头城,民居,元,1264,13世纪,云南省,建筑空间布局,石上村落,0.8
1030,宝山石头城,民居,元,1264,13世纪,云南省,建筑空间布局,依山就势,0.75
1037,朝阳楼,官府,明,1389,14世纪,云南省,建筑结构体系,抬梁式,0.95
1037,朝阳楼,官府,明,1389,14世纪,云南省,建筑结构体系,三重檐歇山式,0.95
1037,朝阳楼,官府,明,1389,14世纪,云南省,建筑结构体系,木构架,0.93
1037,朝阳楼,官府,明,1389,14世纪,云南省,建筑材料,木材,0.92
1037,朝阳楼,官府,明,1389,14世纪,云南省,建筑材料,砖石,0.9
1037,朝阳楼,官府,明,1389,14世纪,云南省,建筑材料,铜,0.85
1037,朝阳楼,官府,明,1389,14世纪,云南省,建筑功能,城门楼,0.85
1037,朝阳楼,官府,明,1389,14世纪,云南省,建筑功能,防御建筑,0.8
1037,朝阳楼,官府,明,1389,14世纪,云南省,营造技艺,分层支撑,0.9
1037,朝阳楼,官府,明,1389,14世纪,云南省,营造技艺,迥廊周通,0.88
1037,朝阳楼,官府,明,1389,14世纪,云南省,营造技艺,三重檐歇山式屋顶,0.87
1037,朝阳楼,官府,明,1389,14世纪,云南省,建筑空间布局,五开间,0.95
1037,朝阳楼,官府,明,1389,14世纪,云南省,建筑空间布局,三进间,0.94
1037,朝阳楼,官府,明,1389,14世纪,云南省,建筑空间布局,迥廊环绕,0.92
1040,金龙桥,桥梁,清,1880,19世纪,云南省,建筑结构体系,铁索桥,0.98
1040,金龙桥,桥梁,清,1880,19世纪,云南省,建筑结构体系,悬索结构,0.97
1040,金龙桥,桥梁,清,1880,19世纪,云南省,建筑结构体系,铁链承重体系,0.96
1040,金龙桥,桥梁,清,1880,19世纪,云南省,建筑材料,铁链,0.95
1040,金龙桥,桥梁,清,1880,19世纪,云南省,建筑材料,木板,0.94
1040,金龙桥,桥梁,清,1880,19世纪,云南省,建筑材料,扁钢条,0.92
1040,金龙桥,桥梁,清,1880,19世纪,云南省,建筑功能,交通通行,0.9
1040,金龙桥,桥梁,清,1880,19世纪,云南省,建筑功能,旅游景点,0.89
1040,金龙桥,桥梁,清,1880,19世纪,云南省,营造技艺,私人捐资营建,0.88
1040,金龙桥,桥梁,清,1880,19世纪,云南省,营造技艺,铁环扣联工艺,0.87
1040,金龙桥,桥梁,清,1880,19世纪,云南省,营造技艺,加固重修技艺,0.86
1040,金龙桥,桥梁,清,1880,19世纪,云南省,建筑空间布局,东西走向桥体,0.92
1040,金龙桥,桥梁,清,1880,19世纪,云南省,建筑空间布局,桥台锚碇系统,0.91
1040,金龙桥,桥梁,清,1880,19世纪,云南省,建筑空间布局,桥廊休息空间,0.9
1041,孟连宣抚司署,官府,明,1406,15世纪,云南省,建筑结构体系,汉式衙署结构,0.95
1041,孟连宣抚司署,官府,明,1406,15世纪,云南省,建筑结构体系,傣汉融合结构,0.95
1041,孟连宣抚司署,官府,明,1406,15世纪,云南省,建筑材料,木材,0.92
1041,孟连宣抚司署,官府,明,1406,15世纪,云南省,建筑材料,青砖,0.9
1041,孟连宣抚司署,官府,明,1406,15世纪,云南省,建筑材料,瓦顶,0.91
1041,孟连宣抚司署,官府,明,1406,15世纪,云南省,建筑功能,土司衙署,0.98
1041,孟连宣抚司署,官府,明,1406,15世纪,云南省,建筑功能,行政司法中心,0.96
1041,孟连宣抚司署,官府,明,1406,15世纪,云南省,建筑功能,仓储生活区,0.94
1041,孟连宣抚司署,官府,明,1406,15世纪,云南省,建筑功能,礼仪祭祀场所,0.93
1041,孟连宣抚司署,官府,明,1406,15世纪,云南省,营造技艺,榫卯结构,0.93
1041,孟连宣抚司署,官府,明,1406,15世纪,云南省,营造技艺,雕花装饰,0.91
1041,孟连宣抚司署,官府,明,1406,15世纪,云南省,营造技艺,抬梁式构架,0.92
1041,孟连宣抚司署,官府,明,1406,15世纪,云南省,建筑空间布局,中轴对称布局,0.97
1041,孟连宣抚司署,官府,明,1406,15世纪,云南省,建筑空间布局,围院结构,0.95
1041,孟连宣抚司署,官府,明,1406,15世纪,云南省,建筑空间布局,坐北朝南,0.97
1041,孟连宣抚司署,官府,明,1406,15世纪,云南省,建筑空间布局,多进院落,0.94
1043,双龙桥,桥梁,清,1736,18世纪,云南省,建筑结构体系,多孔厚墩联拱桥,0.98
1043,双龙桥,桥梁,清,1736,18世纪,云南省,建筑结构体系,尖孔拱,0.96
1043,双龙桥,桥梁,清,1736,18世纪,云南省,建筑结构体系,半圆拱,0.95
1043,双龙桥,桥梁,清,1736,18世纪,云南省,建筑结构体系,石拱桥,0.97
1043,双龙桥,桥梁,清,1736,18世纪,云南省,建筑材料,石块,0.95
1043,双龙桥,桥梁,清,1736,18世纪,云南省,建筑材料,拱券石,0.94
1043,双龙桥,桥梁,清,1736,18世纪,云南省,建筑材料,护拱石,0.93
1043,双龙桥,桥梁,清,1736,18世纪,云南省,建筑材料,石砌护栏,0.92
1043,双龙桥,桥梁,清,1736,18世纪,云南省,建筑功能,交通要道,0.92
1043,双龙桥,桥梁,清,1736,18世纪,云南省,建筑功能,通行桥梁,0.9
1043,双龙桥,桥梁,清,1736,18世纪,云南省,营造技艺,分期扩建,0.9
1043,双龙桥,桥梁,清,1736,18世纪,云南省,营造技艺,十七连环拱,0.89
1043,双龙桥,桥梁,清,1736,18世纪,云南省,营造技艺,多跨不等弧拱,0.88
1043,双龙桥,桥梁,清,1736,18世纪,云南省,建筑空间布局,三层重檐歇山顶楼阁,0.96
1043,双龙桥,桥梁,清,1736,18世纪,云南省,建筑空间布局,八角攒尖顶桥亭,0.95
1043,双龙桥,桥梁,清,1736,18世纪,云南省,建筑空间布局,品字状歇山小顶,0.94
1043,双龙桥,桥梁,清,1736,18世纪,云南省,建筑空间布局,飞阁三座,0.93
1067,吴堡石城,民居,明,1368,14世纪,陕西省,建筑结构体系,硬山顶,0.95
1067,吴堡石城,民居,明,1368,14世纪,陕西省,建筑结构体系,四合院,0.93
1067,吴堡石城,民居,明,1368,14世纪,陕西省,建筑材料,砖石,0.6
1067,吴堡石城,民居,明,1368,14世纪,陕西省,建筑材料,木材,0.55
1067,吴堡石城,民居,明,1368,14世纪,陕西省,建筑功能,办公场所,0.98
1067,吴堡石城,民居,明,1368,14世纪,陕西省,建筑功能,教学空间,0.97
1067,吴堡石城,民居,明,1368,14世纪,陕西省,建筑功能,集会娱乐,0.96
1067,吴堡石城,民居,明,1368,14世纪,陕西省,营造技艺,传统木构,0.4
1067,吴堡石城,民居,明,1368,14世纪,陕西省,营造技艺,合院营造,0.35
1067,吴堡石城,民居,明,1368,14世纪,陕西省,建筑空间布局,三进四合院,0.96
1067,吴堡石城,民居,明,1368,14世纪,陕西省,建筑空间布局,围院结构,0.94
1067,吴堡石城,民居,明,1368,14世纪,陕西省,建筑空间布局,轴线对称,0.92
1069,榆林卫城,官府,明,1437,15世纪,陕西省,建筑结构体系,城墙,0.95
1069,榆林卫城,官府,明,1437,15世纪,陕西省,建筑结构体系,城门,0.93
1069,榆林卫城,官府,明,1437,15世纪,陕西省,建筑结构体系,夯土结构,0.85
1069,榆林卫城,官府,明,1437,15世纪,陕西省,建筑结构体系,包砖墙体,0.8
1069,榆林卫城,官府,明,1437,15世纪,陕西省,建筑材料,生土,0.6
1069,榆林卫城,官府,明,1437,15世纪,陕西省,建筑材料,砖石,0.55
1069,榆林卫城,官府,明,1437,15世纪,陕西省,建筑功能,军事防御,0.9
1069,榆林卫城,官府,明,1437,15世纪,陕西省,建筑功能,卫所城池,0.85
1069,榆林卫城,官府,明,1437,15世纪,陕西省,建筑功能,城门建制,0.8
1069,榆林卫城,官府,明,1437,15世纪,陕西省,营造技艺,传统夯筑,0.4
1069,榆林卫城,官府,明,1437,15世纪,陕西省,营造技艺,城垣砌筑,0.35
1069,榆林卫城,官府,明,1437,15世纪,陕西省,建筑空间布局,依山就势,0.9
1069,榆林卫城,官府,明,1437,15世纪,陕西省,建筑空间布局,东高西低,0.88
1069,榆林卫城,官府,明,1437,15世纪,陕西省,建筑空间布局,临河设防,0.85
1069,榆林卫城,官府,明,1437,15世纪,陕西省,建筑空间布局,半山半川格局,0.8
1076,盘龙山古建筑群,宫殿,明,1643,17世纪,陕西省,建筑结构体系,单檐歇山顶,0.9
1076,盘龙山古建筑群,宫殿,明,1643,17世纪,陕西省,建筑结构体系,五架梁,0.85
1076,盘龙山古建筑群,宫殿,明,1643,17世纪,陕西省,建筑结构体系,通柱做法,0.8
1076,盘龙山古建筑群,宫殿,明,1643,17世纪,陕西省,建筑结构体系,围廊,0.75
1076,盘龙山古建筑群,宫殿,明,1643,17世纪,陕西省,建筑结构体系,腰檐平座,0.7
1076,盘龙山古建筑群,宫殿,明,1643,17世纪,陕西省,建筑材料,木材,0.6
1076,盘龙山古建筑群,宫殿,明,1643,17世纪,陕西省,建筑材料,砖石,0.5
1076,盘龙山古建筑群,宫殿,明,1643,17世纪,陕西省,建筑功能,行宫,0.95
1076,盘龙山古建筑群,宫殿,明,1643,17世纪,陕西省,建筑功能,古建筑群,0.9
1076,盘龙山古建筑群,宫殿,明,1643,17世纪,陕西省,营造技艺,三踩出单昂,0.85
1076,盘龙山古建筑群,宫殿,明,1643,17世纪,陕西省,营造技艺,三彩如意斗拱,0.8
1076,盘龙山古建筑群,宫殿,明,1643,17世纪,陕西省,营造技艺,出昂瘦削尖曲,0.75
1076,盘龙山古建筑群,宫殿,明,1643,17世纪,陕西省,营造技艺,楼阁营造,0.7
1076,盘龙山古建筑群,宫殿,明,1643,17世纪,陕西省,建筑空间布局,院落组合,0.85
1076,盘龙山古建筑群,宫殿,明,1643,17世纪,陕西省,建筑空间布局,轴线序列,0.8
1076,盘龙山古建筑群,宫殿,明,1643,17世纪,陕西省,建筑空间布局,多进建筑,0.75
1077,姜氏庄园,民居,清,1862,19世纪,陕西省,建筑结构体系,明五暗四六厢窑,0.95
1077,姜氏庄园,民居,清,1862,19世纪,陕西省,建筑结构体系,窑洞院落,0.9
1077,姜氏庄园,民居,清,1862,19世纪,陕西省,建筑材料,砖,0.85
1077,姜氏庄园,民居,清,1862,19世纪,陕西省,建筑材料,木,0.85
1077,姜氏庄园,民居,清,1862,19世纪,陕西省,建筑材料,石,0.85
1077,姜氏庄园,民居,清,1862,19世纪,陕西省,建筑功能,私宅,0.9
1077,姜氏庄园,民居,清,1862,19世纪,陕西省,建筑功能,民居,0.85
1077,姜氏庄园,民居,清,1862,19世纪,陕西省,营造技艺,砖雕,0.8
1077,姜氏庄园,民居,清,1862,19世纪,陕西省,营造技艺,木雕,0.8
1077,姜氏庄园,民居,清,1862,19世纪,陕西省,营造技艺,石雕,0.8
1077,姜氏庄园,民居,清,1862,19世纪,陕西省,建筑空间布局,上院,0.95
1077,姜氏庄园,民居,清,1862,19世纪,陕西省,建筑空间布局,中院,0.95
1077,姜氏庄园,民居,清,1862,19世纪,陕西省,建筑空间布局,下院,0.95
1077,姜氏庄园,民居,清,1862,19世纪,陕西省,建筑空间布局,院前,0.95
1077,姜氏庄园,民居,清,1862,19世纪,陕西省,建筑空间布局,合院式布局,0.9
1078,丰图义仓,官府,清,1882,19世纪,陕西省,建筑结构体系,仓墙合一,0.95
1078,丰图义仓,官府,清,1882,19世纪,陕西省,建筑结构体系,城中城,0.94
1078,丰图义仓,官府,清,1882,19世纪,陕西省,建筑结构体系,夯土筑城,0.93
1078,丰图义仓,官府,清,1882,19世纪,陕西省,建筑材料,夯土,0.85
1078,丰图义仓,官府,清,1882,19世纪,陕西省,建筑材料,生土,0.82
1078,丰图义仓,官府,清,1882,19世纪,陕西省,建筑功能,仓储,0.96
1078,丰图义仓,官府,清,1882,19世纪,陕西省,建筑功能,防御,0.95
1078,丰图义仓,官府,清,1882,19世纪,陕西省,建筑功能,粮仓,0.94
1078,丰图义仓,官府,清,1882,19世纪,陕西省,营造技艺,夯土版筑,0.88
1078,丰图义仓,官府,清,1882,19世纪,陕西省,营造技艺,仓城合构,0.85
1078,丰图义仓,官府,清,1882,19世纪,陕西省,建筑空间布局,城中城,0.93
1078,丰图义仓,官府,清,1882,19世纪,陕西省,建筑空间布局,内城外城,0.92
1078,丰图义仓,官府,清,1882,19世纪,陕西省,建筑空间布局,仓墙合一,0.91
1084,张掖鼓楼,官府,明,1507,16世纪,甘肃省,建筑结构体系,重檐四面坡,0.95
1084,张掖鼓楼,官府,明,1507,16世纪,甘肃省,建筑结构体系,攒尖顶,0.95
1084,张掖鼓楼,官府,明,1507,16世纪,甘肃省,建筑结构体系,三层木构塔形,0.94
1084,张掖鼓楼,官府,明,1507,16世纪,甘肃省,建筑结构体系,飞檐翘角,0.93
1084,张掖鼓楼,官府,明,1507,16世纪,甘肃省,建筑材料,青砖,0.93
1084,张掖鼓楼,官府,明,1507,16世纪,甘肃省,建筑材料,青筒瓦,0.92
1084,张掖鼓楼,官府,明,1507,16世纪,甘肃省,建筑材料,琉璃吻兽,0.91
1084,张掖鼓楼,官府,明,1507,16世纪,甘肃省,建筑材料,石条,0.9
1084,张掖鼓楼,官府,明,1507,16世纪,甘肃省,建筑材料,铜合金,0.89
1084,张掖鼓楼,官府,明,1507,16世纪,甘肃省,建筑功能,交通穿行,0.88
1084,张掖鼓楼,官府,明,1507,16世纪,甘肃省,建筑功能,地标性建筑,0.87
1084,张掖鼓楼,官府,明,1507,16世纪,甘肃省,建筑功能,历史纪念,0.86
1084,张掖鼓楼,官府,明,1507,16世纪,甘肃省,营造技艺,砖券砌筑,0.85
1084,张掖鼓楼,官府,明,1507,16世纪,甘肃省,营造技艺,彩绘修复,0.84
1084,张掖鼓楼,官府,明,1507,16世纪,甘肃省,营造技艺,梁架修缮,0.83
1084,张掖鼓楼,官府,明,1507,16世纪,甘肃省,营造技艺,台明修复,0.82
1084,张掖鼓楼,官府,明,1507,16世纪,甘肃省,建筑空间布局,十字型门洞,0.94
1084,张掖鼓楼,官府,明,1507,16世纪,甘肃省,建筑空间布局,中轴对称,0.93
1084,张掖鼓楼,官府,明,1507,16世纪,甘肃省,建筑空间布局,四向通街,0.92
1084,张掖鼓楼,官府,明,1507,16世纪,甘肃省,建筑空间布局,女墙围护,0.9
1087,永昌钟鼓楼,官府,明,1586,16世纪,甘肃省,建筑结构体系,重檐盝顶,0.95
1087,永昌钟鼓楼,官府,明,1586,16世纪,甘肃省,建筑结构体系,重檐庑殿顶,0.94
1087,永昌钟鼓楼,官府,明,1586,16世纪,甘肃省,建筑结构体系,二层三檐,0.93
1087,永昌钟鼓楼,官府,明,1586,16世纪,甘肃省,建筑结构体系,楼阁式,0.92
1087,永昌钟鼓楼,官府,明,1586,16世纪,甘肃省,建筑材料,夯土,0.92
1087,永昌钟鼓楼,官府,明,1586,16世纪,甘肃省,建筑材料,青砖,0.91
1087,永昌钟鼓楼,官府,明,1586,16世纪,甘肃省,建筑材料,明式砖,0.9
1087,永昌钟鼓楼,官府,明,1586,16世纪,甘肃省,建筑材料,铁铸,0.89
1087,永昌钟鼓楼,官府,明,1586,16世纪,甘肃省,建筑功能,钟鼓楼,0.88
1087,永昌钟鼓楼,官府,明,1586,16世纪,甘肃省,建筑功能,声教楼,0.87
1087,永昌钟鼓楼,官府,明,1586,16世纪,甘肃省,建筑功能,交通穿行,0.86
1087,永昌钟鼓楼,官府,明,1586,16世纪,甘肃省,建筑功能,报时设施,0.85
1087,永昌钟鼓楼,官府,明,1586,16世纪,甘肃省,营造技艺,汉式形制,0.85
1087,永昌钟鼓楼,官府,明,1586,16世纪,甘肃省,营造技艺,蒙古族布局,0.84
1087,永昌钟鼓楼,官府,明,1586,16世纪,甘肃省,营造技艺,落架重修,0.83
1087,永昌钟鼓楼,官府,明,1586,16世纪,甘肃省,营造技艺,传统工艺结合现代技术,0.82
1087,永昌钟鼓楼,官府,明,1586,16世纪,甘肃省,建筑空间布局,十字穿心拱洞,0.93
1087,永昌钟鼓楼,官府,明,1586,16世纪,甘肃省,建筑空间布局,方形台基,0.92
1087,永昌钟鼓楼,官府,明,1586,16世纪,甘肃省,建筑空间布局,四向通达,0.91
1087,永昌钟鼓楼,官府,明,1586,16世纪,甘肃省,建筑空间布局,西北登台,0.9
1093,董府,官府,清,1902,20世纪,宁夏回族自治区,建筑结构体系,砖木结构,0.95
1093,董府,官府,清,1902,20世纪,宁夏回族自治区,建筑结构体系,黄土夯筑,0.94
1093,董府,官府,清,1902,20世纪,宁夏回族自治区,建筑结构体系,硬山顶,0.92
1093,董府,官府,清,1902,20世纪,宁夏回族自治区,建筑材料,青砖,0.93
1093,董府,官府,清,1902,20世纪,宁夏回族自治区,建筑材料,黄土,0.93
1093,董府,官府,清,1902,20世纪,宁夏回族自治区,建筑材料,琉璃瓦,0.93
1093,董府,官府,清,1902,20世纪,宁夏回族自治区,建筑材料,甘南木料,0.91
1093,董府,官府,清,1902,20世纪,宁夏回族自治区,建筑材料,陕西石料,0.9
1093,董府,官府,清,1902,20世纪,宁夏回族自治区,建筑功能,祖先堂,0.9
1093,董府,官府,清,1902,20世纪,宁夏回族自治区,建筑功能,宅邸,0.89
1093,董府,官府,清,1902,20世纪,宁夏回族自治区,建筑功能,军事驻防,0.88
1093,董府,官府,清,1902,20世纪,宁夏回族自治区,营造技艺,煤炭地基处理,0.92
1093,董府,官府,清,1902,20世纪,宁夏回族自治区,营造技艺,砖雕,0.91
1093,董府,官府,清,1902,20世纪,宁夏回族自治区,营造技艺,彩绘,0.9
1093,董府,官府,清,1902,20世纪,宁夏回族自治区,营造技艺,硬山顶营造,0.89
1093,董府,官府,清,1902,20世纪,宁夏回族自治区,建筑空间布局,三进院落,0.96
1093,董府,官府,清,1902,20世纪,宁夏回族自治区,建筑空间布局,三宫六院,0.95
1093,董府,官府,清,1902,20世纪,宁夏回族自治区,建筑空间布局,中轴对称,0.94
1093,董府,官府,清,1902,20世纪,宁夏回族自治区,建筑空间布局,双四合院,0.93
1103,琉璃河大桥,桥梁,明,1418,15世纪,北京市,建筑结构体系,石拱桥,0.98
1103,琉璃河大桥,桥梁,明,1418,15世纪,北京市,建筑结构体系,多孔拱券,0.97
1103,琉璃河大桥,桥梁,明,1418,15世纪,北京市,建筑结构体系,桥墩台,0.96
1103,琉璃河大桥,桥梁,明,1418,15世纪,北京市,建筑材料,石材,0.95
1103,琉璃河大桥,桥梁,明,1418,15世纪,北京市,建筑材料,石栏板,0.94
1103,琉璃河大桥,桥梁,明,1418,15世纪,北京市,建筑材料,石望柱,0.93
1103,琉璃河大桥,桥梁,明,1418,15世纪,北京市,建筑功能,交通桥梁,0.96
1103,琉璃河大桥,桥梁,明,1418,15世纪,北京市,建筑功能,古驿道节点,0.95
1103,琉璃河大桥,桥梁,明,1418,15世纪,北京市,建筑功能,公路桥（历史）,0.94
1103,琉璃河大桥,桥梁,明,1418,15世纪,北京市,营造技艺,铁梁镇河,0.92
1103,琉璃河大桥,桥梁,明,1418,15世纪,北京市,营造技艺,石雕工艺,0.91
1103,琉璃河大桥,桥梁,明,1418,15世纪,北京市,营造技艺,车辙留痕,0.9
1103,琉璃河大桥,桥梁,明,1418,15世纪,北京市,建筑空间布局,南北轴线,0.94
1103,琉璃河大桥,桥梁,明,1418,15世纪,北京市,建筑空间布局,对称桥孔,0.93
1103,琉璃河大桥,桥梁,明,1418,15世纪,北京市,建筑空间布局,牌坊入口,0.92
1107,克勤郡王府,官府,清,1644,17世纪,北京市,建筑结构体系,抬梁式,0.92
1107,克勤郡王府,官府,清,1644,17世纪,北京市,建筑结构体系,中轴对称,0.95
1107,克勤郡王府,官府,清,1644,17世纪,北京市,建筑结构体系,多进院落,0.93
1107,克勤郡王府,官府,清,1644,17世纪,北京市,建筑结构体系,翼楼结构,0.9
1107,克勤郡王府,官府,清,1644,17世纪,北京市,建筑材料,青筒灰瓦,0.88
1107,克勤郡王府,官府,清,1644,17世纪,北京市,建筑材料,黄琉璃瓦,0.86
1107,克勤郡王府,官府,清,1644,17世纪,北京市,建筑材料,木材,0.84
1107,克勤郡王府,官府,清,1644,17世纪,北京市,建筑材料,砖石,0.82
1107,克勤郡王府,官府,清,1644,17世纪,北京市,建筑功能,王府住宅,0.93
1107,克勤郡王府,官府,清,1644,17世纪,北京市,建筑功能,祠堂,0.91
1107,克勤郡王府,官府,清,1644,17世纪,北京市,建筑功能,书房,0.9
1107,克勤郡王府,官府,清,1644,17世纪,北京市,建筑功能,仆役用房,0.89
1107,克勤郡王府,官府,清,1644,17世纪,北京市,营造技艺,修旧如旧,0.85
1107,克勤郡王府,官府,清,1644,17世纪,北京市,营造技艺,规制复建,0.83
1107,克勤郡王府,官府,清,1644,17世纪,北京市,营造技艺,传统木作,0.8
1107,克勤郡王府,官府,清,1644,17世纪,北京市,营造技艺,专家指导修复,0.78
1107,克勤郡王府,官府,清,1644,17世纪,北京市,建筑空间布局,三路多进,0.95
1107,克勤郡王府,官府,清,1644,17世纪,北京市,建筑空间布局,中轴线布局,0.94
1107,克勤郡王府,官府,清,1644,17世纪,北京市,建筑空间布局,丹墀前出,0.92
1107,克勤郡王府,官府,清,1644,17世纪,北京市,建筑空间布局,东西配殿,0.93
1107,克勤郡王府,官府,清,1644,17世纪,北京市,建筑空间布局,后罩房,0.91
1131,灵寿石牌坊,官府,明,1641,17世纪,河北省,建筑结构体系,四柱五楼,0.95
1131,灵寿石牌坊,官府,明,1641,17世纪,河北省,建筑结构体系,三重檐,0.95
1131,灵寿石牌坊,官府,明,1641,17世纪,河北省,建筑结构体系,仿木结构,0.95
1131,灵寿石牌坊,官府,明,1641,17世纪,河北省,建筑结构体系,石雕斗拱,0.94
1131,灵寿石牌坊,官府,明,1641,17世纪,河北省,建筑材料,花岗岩,0.98
1131,灵寿石牌坊,官府,明,1641,17世纪,河北省,建筑材料,灵寿绿,0.98
1131,灵寿石牌坊,官府,明,1641,17世纪,河北省,建筑功能,功绩表彰,0.92
1131,灵寿石牌坊,官府,明,1641,17世纪,河北省,建筑功能,敕建牌坊,0.91
1131,灵寿石牌坊,官府,明,1641,17世纪,河北省,营造技艺,透雕,0.96
1131,灵寿石牌坊,官府,明,1641,17世纪,河北省,营造技艺,浮雕,0.95
1131,灵寿石牌坊,官府,明,1641,17世纪,河北省,营造技艺,夹柱石狮,0.94
1131,灵寿石牌坊,官府,明,1641,17世纪,河北省,营造技艺,流云雕刻,0.93
1131,灵寿石牌坊,官府,明,1641,17世纪,河北省,建筑空间布局,坐北朝南,0.9
1131,灵寿石牌坊,官府,明,1641,17世纪,河北省,建筑空间布局,横跨道路,0.89
1131,灵寿石牌坊,官府,明,1641,17世纪,河北省,建筑空间布局,两面一体,0.88
1137,永平府城墙,官府,东汉,207,3世纪,河北省,建筑结构体系,砖石结构,0.95
1137,永平府城墙,官府,东汉,207,3世纪,河北省,建筑结构体系,垛口墙,0.92
1137,永平府城墙,官府,东汉,207,3世纪,河北省,建筑结构体系,瞭望孔,0.9
1137,永平府城墙,官府,东汉,207,3世纪,河北省,建筑材料,青砖,0.93
1137,永平府城墙,官府,东汉,207,3世纪,河北省,建筑材料,夯土,0.91
1137,永平府城墙,官府,东汉,207,3世纪,河北省,建筑功能,军事防御,0.9
1137,永平府城墙,官府,东汉,207,3世纪,河北省,建筑功能,长城防御体系,0.88
1137,永平府城墙,官府,东汉,207,3世纪,河北省,营造技艺,垛口墙砌筑,0.85
1137,永平府城墙,官府,东汉,207,3世纪,河北省,营造技艺,护城河整修,0.83
1137,永平府城墙,官府,东汉,207,3世纪,河北省,建筑空间布局,不规则矩形平面,0.96
1137,永平府城墙,官府,东汉,207,3世纪,河北省,建筑空间布局,四门制,0.94
1137,永平府城墙,官府,东汉,207,3世纪,河北省,建筑空间布局,瓮城,0.92
1138,下胡良桥,桥梁,明,1574,16世纪,河北省,建筑结构体系,石拱桥,0.95
1138,下胡良桥,桥梁,明,1574,16世纪,河北省,建筑结构体系,五孔拱,0.93
1138,下胡良桥,桥梁,明,1574,16世纪,河北省,建筑材料,花岗岩,0.95
1138,下胡良桥,桥梁,明,1574,16世纪,河北省,建筑材料,石材,0.92
1138,下胡良桥,桥梁,明,1574,16世纪,河北省,建筑功能,交通桥梁,0.9
1138,下胡良桥,桥梁,明,1574,16世纪,河北省,建筑功能,京畿要道,0.88
1138,下胡良桥,桥梁,明,1574,16世纪,河北省,营造技艺,望柱雕刻,0.55
1138,下胡良桥,桥梁,明,1574,16世纪,河北省,营造技艺,素面柱身,0.53
1138,下胡良桥,桥梁,明,1574,16世纪,河北省,营造技艺,卷尖叶纹,0.52
1138,下胡良桥,桥梁,明,1574,16世纪,河北省,建筑空间布局,对称栏板,0.85
1138,下胡良桥,桥梁,明,1574,16世纪,河北省,建筑空间布局,双侧望柱,0.83
1138,下胡良桥,桥梁,明,1574,16世纪,河北省,建筑空间布局,线性桥面,0.8
1142,保定钟楼,官府,金,1181,12世纪,河北省,建筑结构体系,重檐歇山顶,0.95
1142,保定钟楼,官府,金,1181,12世纪,河北省,建筑结构体系,抬梁式,0.93
1142,保定钟楼,官府,金,1181,12世纪,河北省,建筑结构体系,六椽三柱,0.92
1142,保定钟楼,官府,金,1181,12世纪,河北省,建筑结构体系,斗拱结构,0.94
1142,保定钟楼,官府,金,1181,12世纪,河北省,建筑材料,木材,0.9
1142,保定钟楼,官府,金,1181,12世纪,河北省,建筑材料,铁,0.88
1142,保定钟楼,官府,金,1181,12世纪,河北省,建筑材料,布瓦,0.87
1142,保定钟楼,官府,金,1181,12世纪,河北省,建筑材料,石柱,0.85
1142,保定钟楼,官府,金,1181,12世纪,河北省,建筑功能,报时,0.85
1142,保定钟楼,官府,金,1181,12世纪,河北省,建筑功能,文物遗存,0.83
1142,保定钟楼,官府,金,1181,12世纪,河北省,建筑功能,声学展示,0.82
1142,保定钟楼,官府,金,1181,12世纪,河北省,营造技艺,斗拱,0.8
1142,保定钟楼,官府,金,1181,12世纪,河北省,营造技艺,彩画,0.78
1142,保定钟楼,官府,金,1181,12世纪,河北省,营造技艺,清水砌墙,0.77
1142,保定钟楼,官府,金,1181,12世纪,河北省,营造技艺,T型枋构,0.76
1142,保定钟楼,官府,金,1181,12世纪,河北省,建筑空间布局,台基式,0.9
1142,保定钟楼,官府,金,1181,12世纪,河北省,建筑空间布局,面阔三间,0.88
1142,保定钟楼,官府,金,1181,12世纪,河北省,建筑空间布局,廊柱环绕,0.87
1142,保定钟楼,官府,金,1181,12世纪,河北省,建筑空间布局,金柱支撑,0.86
1143,正定城墙,官府,东晋,352,4世纪,河北省,建筑结构体系,砖城,0.98
1143,正定城墙,官府,东晋,352,4世纪,河北省,建筑结构体系,瓮城,0.97
1143,正定城墙,官府,东晋,352,4世纪,河北省,建筑结构体系,月城,0.96
1143,正定城墙,官府,东晋,352,4世纪,河北省,建筑结构体系,角楼,0.95
1143,正定城墙,官府,东晋,352,4世纪,河北省,建筑结构体系,护城河,0.94
1143,正定城墙,官府,东晋,352,4世纪,河北省,建筑材料,大青砖,0.95
1143,正定城墙,官府,东晋,352,4世纪,河北省,建筑材料,土墙,0.93
1143,正定城墙,官府,东晋,352,4世纪,河北省,建筑材料,青石,0.92
1143,正定城墙,官府,东晋,352,4世纪,河北省,建筑材料,条石,0.91
1143,正定城墙,官府,东晋,352,4世纪,河北省,建筑功能,防御体系,0.92
1143,正定城墙,官府,东晋,352,4世纪,河北省,建筑功能,拱卫京师,0.9
1143,正定城墙,官府,东晋,352,4世纪,河北省,建筑功能,望河楼,0.89
1143,正定城墙,官府,东晋,352,4世纪,河北省,建筑功能,看花楼,0.88
1143,正定城墙,官府,东晋,352,4世纪,河北省,营造技艺,城砖拱券,0.9
1143,正定城墙,官府,东晋,352,4世纪,河北省,营造技艺,青石铺基,0.89
1143,正定城墙,官府,东晋,352,4世纪,河北省,营造技艺,条石甬道,0.88
1143,正定城墙,官府,东晋,352,4世纪,河北省,营造技艺,垛口,0.87
1143,正定城墙,官府,东晋,352,4世纪,河北省,营造技艺,马面,0.86
1143,正定城墙,官府,东晋,352,4世纪,河北省,建筑空间布局,官帽形制,0.96
1143,正定城墙,官府,东晋,352,4世纪,河北省,建筑空间布局,四门直角瓮城,0.95
1143,正定城墙,官府,东晋,352,4世纪,河北省,建筑空间布局,曲折迂回布局,0.94
1143,正定城墙,官府,东晋,352,4世纪,河北省,建筑空间布局,南北长东西窄,0.93
1146,方顺桥,桥梁,西晋,309,4世纪,河北省,建筑结构体系,单圆拱,0.95
1146,方顺桥,桥梁,西晋,309,4世纪,河北省,建筑结构体系,附拱,0.92
1146,方顺桥,桥梁,西晋,309,4世纪,河北省,建筑结构体系,横向交错砌筑,0.94
1146,方顺桥,桥梁,西晋,309,4世纪,河北省,建筑材料,花岗岩,0.97
1146,方顺桥,桥梁,西晋,309,4世纪,河北省,建筑材料,料石,0.96
1146,方顺桥,桥梁,西晋,309,4世纪,河北省,建筑材料,长条石,0.93
1146,方顺桥,桥梁,西晋,309,4世纪,河北省,建筑材料,汉白玉,0.91
1146,方顺桥,桥梁,西晋,309,4世纪,河北省,建筑功能,泄洪,0.85
1146,方顺桥,桥梁,西晋,309,4世纪,河北省,建筑功能,桥身保护,0.83
1146,方顺桥,桥梁,西晋,309,4世纪,河北省,营造技艺,横向交错砌筑,0.93
1146,方顺桥,桥梁,西晋,309,4世纪,河北省,营造技艺,悬砌,0.91
1146,方顺桥,桥梁,西晋,309,4世纪,河北省,营造技艺,拱券工艺,0.92
1146,方顺桥,桥梁,西晋,309,4世纪,河北省,建筑空间布局,弧形桥面,0.9
1146,方顺桥,桥梁,西晋,309,4世纪,河北省,建筑空间布局,望柱,0.89
1146,方顺桥,桥梁,西晋,309,4世纪,河北省,建筑空间布局,吞水兽,0.88
1146,方顺桥,桥梁,西晋,309,4世纪,河北省,建筑空间布局,桥头雕饰,0.87
1147,登瀛桥,桥梁,明,1368,14世纪,河北省,建筑结构体系,抬梁式,0.45
1147,登瀛桥,桥梁,明,1368,14世纪,河北省,建筑结构体系,穿斗式,0.45
1147,登瀛桥,桥梁,明,1368,14世纪,河北省,建筑材料,木材,0.45
1147,登瀛桥,桥梁,明,1368,14世纪,河北省,建筑材料,砖石,0.45
1147,登瀛桥,桥梁,明,1368,14世纪,河北省,建筑功能,居住,0.45
1147,登瀛桥,桥梁,明,1368,14世纪,河北省,建筑功能,行政办公,0.45
1147,登瀛桥,桥梁,明,1368,14世纪,河北省,营造技艺,榫卯,0.45
1147,登瀛桥,桥梁,明,1368,14世纪,河北省,营造技艺,斗拱,0.45
1147,登瀛桥,桥梁,明,1368,14世纪,河北省,建筑空间布局,围院结构,0.45
1147,登瀛桥,桥梁,明,1368,14世纪,河北省,建筑空间布局,中轴对称,0.45
1154,衡水安济桥,桥梁,明,1457,15世纪,河北省,建筑结构体系,七孔连拱石桥,0.95
1154,衡水安济桥,桥梁,明,1457,15世纪,河北省,建筑结构体系,拱桥结构,0.93
1154,衡水安济桥,桥梁,明,1457,15世纪,河北省,建筑材料,石材,0.85
1154,衡水安济桥,桥梁,明,1457,15世纪,河北省,建筑材料,钢筋水泥,0.85
1154,衡水安济桥,桥梁,明,1457,15世纪,河北省,建筑功能,交通桥梁,0.9
1154,衡水安济桥,桥梁,明,1457,15世纪,河北省,建筑功能,河道跨越,0.88
1154,衡水安济桥,桥梁,明,1457,15世纪,河北省,营造技艺,石雕栏板,0.55
1154,衡水安济桥,桥梁,明,1457,15世纪,河北省,营造技艺,卷云纹雕刻,0.53
1154,衡水安济桥,桥梁,明,1457,15世纪,河北省,建筑空间布局,对称望柱布局,0.8
1154,衡水安济桥,桥梁,明,1457,15世纪,河北省,建筑空间布局,石栏板与望柱组合,0.78
1156,淮军公所,官府,清,1644,17世纪,河北省,建筑结构体系,抬梁式,0.65
1156,淮军公所,官府,清,1644,17世纪,河北省,建筑结构体系,穿斗式,0.55
1156,淮军公所,官府,清,1644,17世纪,河北省,建筑材料,青砖,0.7
1156,淮军公所,官府,清,1644,17世纪,河北省,建筑材料,木材,0.75
1156,淮军公所,官府,清,1644,17世纪,河北省,建筑材料,灰瓦,0.65
1156,淮军公所,官府,清,1644,17世纪,河北省,建筑功能,全国重点文物保护单位,0.6
1156,淮军公所,官府,清,1644,17世纪,河北省,建筑功能,近现代文物,0.6
1156,淮军公所,官府,清,1644,17世纪,河北省,营造技艺,雕花门窗,0.6
1156,淮军公所,官府,清,1644,17世纪,河北省,营造技艺,砖雕,0.65
1156,淮军公所,官府,清,1644,17世纪,河北省,营造技艺,彩绘,0.6
1156,淮军公所,官府,清,1644,17世纪,河北省,建筑空间布局,院落,0.7
1156,淮军公所,官府,清,1644,17世纪,河北省,建筑空间布局,军区院落遗址,0.7
1156,淮军公所,官府,清,1644,17世纪,河北省,建筑空间布局,戏楼,0.7
1157,清河道署,官府,清,1726,18世纪,河北省,建筑结构体系,抬梁式,0.95
1157,清河道署,官府,清,1726,18世纪,河北省,建筑结构体系,硬山顶,0.94
1157,清河道署,官府,清,1726,18世纪,河北省,建筑结构体系,歇山顶,0.92
1157,清河道署,官府,清,1726,18世纪,河北省,建筑结构体系,卷棚顶,0.91
1157,清河道署,官府,清,1726,18世纪,河北省,建筑结构体系,悬山垂花门,0.9
1157,清河道署,官府,清,1726,18世纪,河北省,建筑材料,砖,0.85
1157,清河道署,官府,清,1726,18世纪,河北省,建筑材料,木材,0.84
1157,清河道署,官府,清,1726,18世纪,河北省,建筑材料,磨砖对缝,0.83
1157,清河道署,官府,清,1726,18世纪,河北省,建筑材料,彩绘,0.82
1157,清河道署,官府,清,1726,18世纪,河北省,建筑功能,前衙后邸,0.97
1157,清河道署,官府,清,1726,18世纪,河北省,建筑功能,办公场所,0.95
1157,清河道署,官府,清,1726,18世纪,河北省,建筑功能,官员居所,0.94
1157,清河道署,官府,清,1726,18世纪,河北省,建筑功能,休憩聚会空间,0.93
1157,清河道署,官府,清,1726,18世纪,河北省,营造技艺,砖雕,0.92
1157,清河道署,官府,清,1726,18世纪,河北省,营造技艺,木雕,0.92
1157,清河道署,官府,清,1726,18世纪,河北省,营造技艺,彩绘装饰,0.91
1157,清河道署,官府,清,1726,18世纪,河北省,营造技艺,透雕花罩,0.9
1157,清河道署,官府,清,1726,18世纪,河北省,建筑空间布局,三路轴线对称,0.96
1157,清河道署,官府,清,1726,18世纪,河北省,建筑空间布局,中轴线布局,0.95
1157,清河道署,官府,清,1726,18世纪,河北省,建筑空间布局,院落组合,0.94
1157,清河道署,官府,清,1726,18世纪,河北省,建筑空间布局,一正两厢,0.93
1157,清河道署,官府,清,1726,18世纪,河北省,建筑空间布局,庑廊连接,0.92
1158,深州盈亿义仓,官府,清,1898,19世纪,河北省,建筑结构体系,四合院式,0.92
1158,深州盈亿义仓,官府,清,1898,19世纪,河北省,建筑结构体系,围院结构,0.85
1158,深州盈亿义仓,官府,清,1898,19世纪,河北省,建筑材料,青砖,0.85
1158,深州盈亿义仓,官府,清,1898,19世纪,河北省,建筑材料,木材,0.83
1158,深州盈亿义仓,官府,清,1898,19世纪,河北省,建筑材料,灰瓦,0.8
1158,深州盈亿义仓,官府,清,1898,19世纪,河北省,建筑功能,粮仓,0.96
1158,深州盈亿义仓,官府,清,1898,19世纪,河北省,建筑功能,赈灾仓库,0.94
1158,深州盈亿义仓,官府,清,1898,19世纪,河北省,建筑功能,自救仓储,0.9
1158,深州盈亿义仓,官府,清,1898,19世纪,河北省,营造技艺,防潮技术,0.94
1158,深州盈亿义仓,官府,清,1898,19世纪,河北省,营造技艺,防火设计,0.93
1158,深州盈亿义仓,官府,清,1898,19世纪,河北省,营造技艺,抗震构造,0.92
1158,深州盈亿义仓,官府,清,1898,19世纪,河北省,营造技艺,通风设计,0.91
1158,深州盈亿义仓,官府,清,1898,19世纪,河北省,建筑空间布局,四合院式,0.88
1158,深州盈亿义仓,官府,清,1898,19世纪,河北省,建筑空间布局,围院布局,0.85
1183,襄垣永惠桥,桥梁,金,1131,12世纪,山西省,建筑结构体系,单孔石拱桥,0.95
1183,襄垣永惠桥,桥梁,金,1131,12世纪,山西省,建筑结构体系,石拱结构,0.9
1183,襄垣永惠桥,桥梁,金,1131,12世纪,山西省,建筑材料,条石,0.85
1183,襄垣永惠桥,桥梁,金,1131,12世纪,山西省,建筑材料,石材,0.8
1183,襄垣永惠桥,桥梁,金,1131,12世纪,山西省,建筑功能,交通通道,0.9
1183,襄垣永惠桥,桥梁,金,1131,12世纪,山西省,建筑功能,城门连接桥,0.85
1183,襄垣永惠桥,桥梁,金,1131,12世纪,山西省,营造技艺,纵联式砌筑法,0.9
1183,襄垣永惠桥,桥梁,金,1131,12世纪,山西省,营造技艺,拱券技术,0.85
1183,襄垣永惠桥,桥梁,金,1131,12世纪,山西省,建筑空间布局,跨河桥位,0.85
1183,襄垣永惠桥,桥梁,金,1131,12世纪,山西省,建筑空间布局,城门间布局,0.8
1242,隰县鼓楼,官府,明,1617,17世纪,山西省,建筑结构体系,重檐十字歇山顶,0.95
1242,隰县鼓楼,官府,明,1617,17世纪,山西省,建筑结构体系,梁架结构,0.95
1242,隰县鼓楼,官府,明,1617,17世纪,山西省,建筑结构体系,墩台结构,0.93
1242,隰县鼓楼,官府,明,1617,17世纪,山西省,建筑材料,青砖,0.9
1242,隰县鼓楼,官府,明,1617,17世纪,山西省,建筑材料,朱红涂料,0.88
1242,隰县鼓楼,官府,明,1617,17世纪,山西省,建筑功能,报时设施,0.6
1242,隰县鼓楼,官府,明,1617,17世纪,山西省,建筑功能,地标建筑,0.55
1242,隰县鼓楼,官府,明,1617,17世纪,山西省,营造技艺,明代原构,0.85
1242,隰县鼓楼,官府,明,1617,17世纪,山西省,营造技艺,修葺可考工艺,0.82
1242,隰县鼓楼,官府,明,1617,17世纪,山西省,建筑空间布局,十字券门洞,0.95
1242,隰县鼓楼,官府,明,1617,17世纪,山西省,建筑空间布局,四面悬匾布局,0.93
1242,隰县鼓楼,官府,明,1617,17世纪,山西省,建筑空间布局,露天梯道,0.9
1261,陈廷敬故居,民居,明,1429,15世纪,山西省,建筑结构体系,城堡式,0.95
1261,陈廷敬故居,民居,明,1429,15世纪,山西省,建筑结构体系,内城外城结构,0.93
1261,陈廷敬故居,民居,明,1429,15世纪,山西省,建筑结构体系,依山就势,0.9
1261,陈廷敬故居,民居,明,1429,15世纪,山西省,建筑材料,石刻,0.55
1261,陈廷敬故居,民居,明,1429,15世纪,山西省,建筑材料,砖石,0.5
1261,陈廷敬故居,民居,明,1429,15世纪,山西省,建筑功能,宗祠,0.9
1261,陈廷敬故居,民居,明,1429,15世纪,山西省,建筑功能,藏兵洞,0.88
1261,陈廷敬故居,民居,明,1429,15世纪,山西省,建筑功能,御书楼,0.87
1261,陈廷敬故居,民居,明,1429,15世纪,山西省,建筑功能,内宅,0.85
1261,陈廷敬故居,民居,明,1429,15世纪,山西省,建筑功能,城墙,0.85
1261,陈廷敬故居,民居,明,1429,15世纪,山西省,营造技艺,砖木结构营造,0.85
1261,陈廷敬故居,民居,明,1429,15世纪,山西省,营造技艺,防御性营造,0.8
1261,陈廷敬故居,民居,明,1429,15世纪,山西省,营造技艺,官式营造,0.75
1261,陈廷敬故居,民居,明,1429,15世纪,山西省,建筑空间布局,内城外城布局,0.95
1261,陈廷敬故居,民居,明,1429,15世纪,山西省,建筑空间布局,院落式,0.93
1261,陈廷敬故居,民居,明,1429,15世纪,山西省,建筑空间布局,依山就势布局,0.92
1261,陈廷敬故居,民居,明,1429,15世纪,山西省,建筑空间布局,附属建筑群,0.9
1276,唱经楼,官府,明,1368,14世纪,山西省,建筑结构体系,歇山顶,0.95
1276,唱经楼,官府,明,1368,14世纪,山西省,建筑结构体系,重檐十字歇山顶,0.95
1276,唱经楼,官府,明,1368,14世纪,山西省,建筑结构体系,悬山式顶,0.95
1276,唱经楼,官府,明,1368,14世纪,山西省,建筑结构体系,拱券窑洞式,0.95
1276,唱经楼,官府,明,1368,14世纪,山西省,建筑结构体系,木构楼阁,0.95
1276,唱经楼,官府,明,1368,14世纪,山西省,建筑材料,孔雀蓝琉璃瓦,0.85
1276,唱经楼,官府,明,1368,14世纪,山西省,建筑功能,科举唱榜场所,0.98
1276,唱经楼,官府,明,1368,14世纪,山西省,建筑功能,宣唱名次建筑,0.98
1276,唱经楼,官府,明,1368,14世纪,山西省,建筑功能,科举文化建筑,0.98
1276,唱经楼,官府,明,1368,14世纪,山西省,营造技艺,落架拆卸维修,0.8
1276,唱经楼,官府,明,1368,14世纪,山西省,营造技艺,整体拆卸复原,0.8
1276,唱经楼,官府,明,1368,14世纪,山西省,建筑空间布局,工字形格局,0.96
1276,唱经楼,官府,明,1368,14世纪,山西省,建筑空间布局,坐南朝北,0.96
1276,唱经楼,官府,明,1368,14世纪,山西省,建筑空间布局,楼阁院落组合,0.96
1291,平遥惠济桥,桥梁,清,1671,17世纪,山西省,建筑结构体系,石拱桥,0.95
1291,平遥惠济桥,桥梁,清,1671,17世纪,山西省,建筑结构体系,九墩联孔,0.95
1291,平遥惠济桥,桥梁,清,1671,17世纪,山西省,建筑材料,石材,0.95
1291,平遥惠济桥,桥梁,清,1671,17世纪,山西省,建筑材料,石砌,0.95
1291,平遥惠济桥,桥梁,清,1671,17世纪,山西省,建筑功能,交通桥梁,0.6
1291,平遥惠济桥,桥梁,清,1671,17世纪,山西省,建筑功能,水利设施,0.5
1291,平遥惠济桥,桥梁,清,1671,17世纪,山西省,营造技艺,拱券砌筑,0.7
1291,平遥惠济桥,桥梁,清,1671,17世纪,山西省,营造技艺,传统石作,0.65
1291,平遥惠济桥,桥梁,清,1671,17世纪,山西省,建筑空间布局,弧形桥面,0.85
1291,平遥惠济桥,桥梁,清,1671,17世纪,山西省,建筑空间布局,线性布局,0.8
1292,雷履泰旧居,民居,清,1821,19世纪,山西省,建筑结构体系,三进两院过道厅,0.95
1292,雷履泰旧居,民居,清,1821,19世纪,山西省,建筑结构体系,窑洞加前廊,0.93
1292,雷履泰旧居,民居,清,1821,19世纪,山西省,建筑结构体系,主院与跨院组合,0.92
1292,雷履泰旧居,民居,清,1821,19世纪,山西省,建筑材料,青砖,0.85
1292,雷履泰旧居,民居,清,1821,19世纪,山西省,建筑材料,灰瓦,0.84
1292,雷履泰旧居,民居,清,1821,19世纪,山西省,建筑材料,木构架,0.86
1292,雷履泰旧居,民居,清,1821,19世纪,山西省,建筑功能,住宅,0.95
1292,雷履泰旧居,民居,清,1821,19世纪,山西省,建筑功能,厨房及佣人生活处,0.9
1292,雷履泰旧居,民居,清,1821,19世纪,山西省,建筑功能,书房,0.88
1292,雷履泰旧居,民居,清,1821,19世纪,山西省,建筑功能,先祖圣龛,0.87
1292,雷履泰旧居,民居,清,1821,19世纪,山西省,营造技艺,抬梁式木构,0.83
1292,雷履泰旧居,民居,清,1821,19世纪,山西省,营造技艺,砖雕装饰,0.82
1292,雷履泰旧居,民居,清,1821,19世纪,山西省,营造技艺,合院布局营造,0.84
1292,雷履泰旧居,民居,清,1821,19世纪,山西省,建筑空间布局,中轴对称布局,0.95
1292,雷履泰旧居,民居,清,1821,19世纪,山西省,建筑空间布局,晋元楼,0.94
1292,雷履泰旧居,民居,清,1821,19世纪,山西省,建筑空间布局,夹道,0.92
1292,雷履泰旧居,民居,清,1821,19世纪,山西省,建筑空间布局,四院贯通,0.93
1302,闫景李家大院,民居,清,1821,19世纪,山西省,建筑结构体系,竖井式四合院,0.95
1302,闫景李家大院,民居,清,1821,19世纪,山西省,建筑结构体系,晋南民居风格,0.95
1302,闫景李家大院,民居,清,1821,19世纪,山西省,建筑结构体系,哥特式门楼,0.92
1302,闫景李家大院,民居,清,1821,19世纪,山西省,建筑材料,砖雕,0.85
1302,闫景李家大院,民居,清,1821,19世纪,山西省,建筑材料,石雕,0.85
1302,闫景李家大院,民居,清,1821,19世纪,山西省,建筑材料,木雕,0.85
1302,闫景李家大院,民居,清,1821,19世纪,山西省,建筑材料,铁艺,0.85
1302,闫景李家大院,民居,清,1821,19世纪,山西省,建筑功能,私塾,0.9
1302,闫景李家大院,民居,清,1821,19世纪,山西省,建筑功能,学校,0.9
1302,闫景李家大院,民居,清,1821,19世纪,山西省,营造技艺,镂空仿木砖雕,0.93
1302,闫景李家大院,民居,清,1821,19世纪,山西省,营造技艺,砖雕善字影壁,0.93
1302,闫景李家大院,民居,清,1821,19世纪,山西省,营造技艺,晋南三雕技艺,0.91
1302,闫景李家大院,民居,清,1821,19世纪,山西省,建筑空间布局,竖井式聚财型四合院,0.96
1302,闫景李家大院,民居,清,1821,19世纪,山西省,建筑空间布局,多院落组合,0.94
1302,闫景李家大院,民居,清,1821,19世纪,山西省,建筑空间布局,祠堂花园配置,0.92
1306,奈曼蒙古王府,宫殿,清,1863,19世纪,内蒙古自治区,建筑结构体系,抬梁式木构架,0.85
1306,奈曼蒙古王府,宫殿,清,1863,19世纪,内蒙古自治区,建筑结构体系,硬山顶,0.8
1306,奈曼蒙古王府,宫殿,清,1863,19世纪,内蒙古自治区,建筑材料,砖石,0.55
1306,奈曼蒙古王府,宫殿,清,1863,19世纪,内蒙古自治区,建筑材料,木材,0.5
1306,奈曼蒙古王府,宫殿,清,1863,19世纪,内蒙古自治区,建筑功能,王府,0.75
1306,奈曼蒙古王府,宫殿,清,1863,19世纪,内蒙古自治区,建筑功能,文物保护单位,0.7
1306,奈曼蒙古王府,宫殿,清,1863,19世纪,内蒙古自治区,营造技艺,榫卯结构,0.8
1306,奈曼蒙古王府,宫殿,清,1863,19世纪,内蒙古自治区,营造技艺,雕花门窗,0.75
1306,奈曼蒙古王府,宫殿,清,1863,19世纪,内蒙古自治区,建筑空间布局,四合院,0.95
1306,奈曼蒙古王府,宫殿,清,1863,19世纪,内蒙古自治区,建筑空间布局,回廊式,0.9
1306,奈曼蒙古王府,宫殿,清,1863,19世纪,内蒙古自治区,建筑空间布局,东院西院分置,0.85
1306,奈曼蒙古王府,宫殿,清,1863,19世纪,内蒙古自治区,建筑空间布局,正殿配殿布局,0.8
1312,四子王旗王府,宫殿,清,1644,17世纪,内蒙古自治区,建筑结构体系,抬梁式木构架,0.85
1312,四子王旗王府,宫殿,清,1644,17世纪,内蒙古自治区,建筑结构体系,硬山顶,0.8
1312,四子王旗王府,宫殿,清,1644,17世纪,内蒙古自治区,建筑材料,琉璃瓦,0.55
1312,四子王旗王府,宫殿,清,1644,17世纪,内蒙古自治区,建筑材料,砖石,0.5
1312,四子王旗王府,宫殿,清,1644,17世纪,内蒙古自治区,建筑功能,理政,0.55
1312,四子王旗王府,宫殿,清,1644,17世纪,内蒙古自治区,建筑功能,居住,0.55
1312,四子王旗王府,宫殿,清,1644,17世纪,内蒙古自治区,营造技艺,逾制营造,0.55
1312,四子王旗王府,宫殿,清,1644,17世纪,内蒙古自治区,营造技艺,规制限制,0.5
1312,四子王旗王府,宫殿,清,1644,17世纪,内蒙古自治区,建筑空间布局,王城,0.55
1312,四子王旗王府,宫殿,清,1644,17世纪,内蒙古自治区,建筑空间布局,四合院,0.55
1312,四子王旗王府,宫殿,清,1644,17世纪,内蒙古自治区,建筑空间布局,城门城墙,0.5
1335,延吉边务督办公署旧址,官府,清,1909,20世纪,吉林省,建筑结构体系,围廊式,0.95
1335,延吉边务督办公署旧址,官府,清,1909,20世纪,吉林省,建筑结构体系,重檐结构,0.93
1335,延吉边务督办公署旧址,官府,清,1909,20世纪,吉林省,建筑结构体系,柱承重结构,0.9
1335,延吉边务督办公署旧址,官府,清,1909,20世纪,吉林省,建筑材料,青砖,0.92
1335,延吉边务督办公署旧址,官府,清,1909,20世纪,吉林省,建筑材料,木材,0.9
1335,延吉边务督办公署旧址,官府,清,1909,20世纪,吉林省,建筑材料,红漆圆柱,0.88
1335,延吉边务督办公署旧址,官府,清,1909,20世纪,吉林省,建筑材料,石鼓,0.85
1335,延吉边务督办公署旧址,官府,清,1909,20世纪,吉林省,建筑功能,行政办公,0.98
1335,延吉边务督办公署旧址,官府,清,1909,20世纪,吉林省,建筑功能,军事机构,0.96
1335,延吉边务督办公署旧址,官府,清,1909,20世纪,吉林省,建筑功能,边务督署,0.95
1335,延吉边务督办公署旧址,官府,清,1909,20世纪,吉林省,营造技艺,石雕,0.92
1335,延吉边务督办公署旧址,官府,清,1909,20世纪,吉林省,营造技艺,木构彩绘,0.9
1335,延吉边务督办公署旧址,官府,清,1909,20世纪,吉林省,营造技艺,几何图案雕刻,0.88
1335,延吉边务督办公署旧址,官府,清,1909,20世纪,吉林省,营造技艺,中式传统装饰,0.87
1335,延吉边务督办公署旧址,官府,清,1909,20世纪,吉林省,建筑空间布局,四面围廊,0.85
1335,延吉边务督办公署旧址,官府,清,1909,20世纪,吉林省,建筑空间布局,通透式布局,0.83
1342,思本桥,桥梁,宋,1253,13世纪,江苏省,建筑结构体系,单孔拱桥,0.95
1342,思本桥,桥梁,宋,1253,13世纪,江苏省,建筑结构体系,分节并列砌筑,0.95
1342,思本桥,桥梁,宋,1253,13世纪,江苏省,建筑结构体系,无横向联系构造,0.94
1342,思本桥,桥梁,宋,1253,13世纪,江苏省,建筑材料,武康石,0.98
1342,思本桥,桥梁,宋,1253,13世纪,江苏省,建筑功能,交通桥梁,0.93
1342,思本桥,桥梁,宋,1253,13世纪,江苏省,建筑功能,村落连通,0.91
1342,思本桥,桥梁,宋,1253,13世纪,江苏省,营造技艺,分节并列砌筑,0.96
1342,思本桥,桥梁,宋,1253,13世纪,江苏省,营造技艺,条石衔接,0.95
1342,思本桥,桥梁,宋,1253,13世纪,江苏省,营造技艺,弧形桥面石,0.94
1342,思本桥,桥梁,宋,1253,13世纪,江苏省,营造技艺,乳钉纹饰,0.93
1342,思本桥,桥梁,宋,1253,13世纪,江苏省,建筑空间布局,东西走向,0.92
1342,思本桥,桥梁,宋,1253,13世纪,江苏省,建筑空间布局,单孔拱形布局,0.91
1343,东庙桥,桥梁,宋,1223,13世纪,江苏省,建筑结构体系,石梁桥,0.95
1343,东庙桥,桥梁,宋,1223,13世纪,江苏省,建筑结构体系,拱形桥面,0.93
1343,东庙桥,桥梁,宋,1223,13世纪,江苏省,建筑材料,武康石,0.98
1343,东庙桥,桥梁,宋,1223,13世纪,江苏省,建筑材料,花岗石,0.96
1343,东庙桥,桥梁,宋,1223,13世纪,江苏省,建筑功能,交通桥,0.65
1343,东庙桥,桥梁,宋,1223,13世纪,江苏省,建筑功能,古桥遗存,0.6
1343,东庙桥,桥梁,宋,1223,13世纪,江苏省,营造技艺,排柱平接,0.92
1343,东庙桥,桥梁,宋,1223,13世纪,江苏省,营造技艺,石雕装饰,0.9
1343,东庙桥,桥梁,宋,1223,13世纪,江苏省,营造技艺,横系石构造,0.89
1343,东庙桥,桥梁,宋,1223,13世纪,江苏省,建筑空间布局,三孔布局,0.88
1343,东庙桥,桥梁,宋,1223,13世纪,江苏省,建筑空间布局,六梁并列,0.86
1349,七桥瓮,桥梁,明,1440,15世纪,江苏省,建筑结构体系,七孔不等跨石拱桥,0.98
1349,七桥瓮,桥梁,明,1440,15世纪,江苏省,建筑结构体系,梭形桥墩,0.97
1349,七桥瓮,桥梁,明,1440,15世纪,江苏省,建筑结构体系,分水尖,0.96
1349,七桥瓮,桥梁,明,1440,15世纪,江苏省,建筑材料,花岗岩,0.97
1349,七桥瓮,桥梁,明,1440,15世纪,江苏省,建筑材料,糯米灰浆,0.96
1349,七桥瓮,桥梁,明,1440,15世纪,江苏省,建筑材料,桐油灰浆,0.95
1349,七桥瓮,桥梁,明,1440,15世纪,江苏省,建筑材料,石灰岩,0.94
1349,七桥瓮,桥梁,明,1440,15世纪,江苏省,建筑功能,交通要道,0.95
1349,七桥瓮,桥梁,明,1440,15世纪,江苏省,建筑功能,水位标识,0.93
1349,七桥瓮,桥梁,明,1440,15世纪,江苏省,建筑功能,军事要冲,0.92
1349,七桥瓮,桥梁,明,1440,15世纪,江苏省,营造技艺,并列砌筑,0.96
1349,七桥瓮,桥梁,明,1440,15世纪,江苏省,营造技艺,素平技法,0.95
1349,七桥瓮,桥梁,明,1440,15世纪,江苏省,营造技艺,半圆拱券,0.94
1349,七桥瓮,桥梁,明,1440,15世纪,江苏省,建筑空间布局,七孔联拱,0.94
1349,七桥瓮,桥梁,明,1440,15世纪,江苏省,建筑空间布局,中孔最大,0.93
1349,七桥瓮,桥梁,明,1440,15世纪,江苏省,建筑空间布局,对称递减跨径,0.92
1350,蒲塘桥,桥梁,明,1508,16世纪,江苏省,建筑结构体系,九孔不等跨连续坦拱桥,0.98
1350,蒲塘桥,桥梁,明,1508,16世纪,江苏省,建筑结构体系,薄墩石拱桥,0.97
1350,蒲塘桥,桥梁,明,1508,16世纪,江苏省,建筑结构体系,分水尖桥墩,0.96
1350,蒲塘桥,桥梁,明,1508,16世纪,江苏省,建筑材料,火山凝灰岩,0.97
1350,蒲塘桥,桥梁,明,1508,16世纪,江苏省,建筑材料,花岗岩,0.95
1350,蒲塘桥,桥梁,明,1508,16世纪,江苏省,建筑材料,仰天石,0.93
1350,蒲塘桥,桥梁,明,1508,16世纪,江苏省,建筑功能,驿路桥,0.95
1350,蒲塘桥,桥梁,明,1508,16世纪,江苏省,建筑功能,公路桥,0.93
1350,蒲塘桥,桥梁,明,1508,16世纪,江苏省,建筑功能,步行桥,0.92
1350,蒲塘桥,桥梁,明,1508,16世纪,江苏省,营造技艺,无铰横联砌置,0.96
1350,蒲塘桥,桥梁,明,1508,16世纪,江苏省,营造技艺,桩木基础,0.94
1350,蒲塘桥,桥梁,明,1508,16世纪,江苏省,营造技艺,条石收分砌筑,0.93
1350,蒲塘桥,桥梁,明,1508,16世纪,江苏省,建筑空间布局,中孔最大两侧递减,0.94
1350,蒲塘桥,桥梁,明,1508,16世纪,江苏省,建筑空间布局,石栏杆与石狮柱,0.92
1350,蒲塘桥,桥梁,明,1508,16世纪,江苏省,建筑空间布局,燕翅墙,0.91
1352,玉燕堂,民居,明,1436,15世纪,江苏省,建筑结构体系,抬梁式,0.92
1352,玉燕堂,民居,明,1436,15世纪,江苏省,建筑结构体系,穿斗式,0.88
1352,玉燕堂,民居,明,1436,15世纪,江苏省,建筑结构体系,五进院落,0.95
1352,玉燕堂,民居,明,1436,15世纪,江苏省,建筑材料,木材,0.75
1352,玉燕堂,民居,明,1436,15世纪,江苏省,建筑材料,砖石,0.7
1352,玉燕堂,民居,明,1436,15世纪,江苏省,建筑功能,门厅,0.85
1352,玉燕堂,民居,明,1436,15世纪,江苏省,建筑功能,轿厅,0.85
1352,玉燕堂,民居,明,1436,15世纪,江苏省,建筑功能,正厅,0.87
1352,玉燕堂,民居,明,1436,15世纪,江苏省,建筑功能,堂楼,0.84
1352,玉燕堂,民居,明,1436,15世纪,江苏省,建筑功能,备弄,0.86
1352,玉燕堂,民居,明,1436,15世纪,江苏省,营造技艺,糯米灰浆,0.65
1352,玉燕堂,民居,明,1436,15世纪,江苏省,营造技艺,木构架,0.6
1352,玉燕堂,民居,明,1436,15世纪,江苏省,建筑空间布局,坐东朝西,0.96
1352,玉燕堂,民居,明,1436,15世纪,江苏省,建筑空间布局,前后五进,0.98
1352,玉燕堂,民居,明,1436,15世纪,江苏省,建筑空间布局,临街面河,0.94
1352,玉燕堂,民居,明,1436,15世纪,江苏省,建筑空间布局,桥从门前进，船自家中过,0.93
1357,日涉园,民居,明,1574,16世纪,江苏省,建筑结构体系,歇山半亭,0.85
1357,日涉园,民居,明,1574,16世纪,江苏省,建筑结构体系,山响草堂,0.85
1357,日涉园,民居,明,1574,16世纪,江苏省,建筑结构体系,来青阁,0.85
1357,日涉园,民居,明,1574,16世纪,江苏省,建筑材料,石笋,0.65
1357,日涉园,民居,明,1574,16世纪,江苏省,建筑材料,古柏,0.65
1357,日涉园,民居,明,1574,16世纪,江苏省,建筑功能,私人住宅园林,0.85
1357,日涉园,民居,明,1574,16世纪,江苏省,建筑功能,下榻场所,0.85
1357,日涉园,民居,明,1574,16世纪,江苏省,营造技艺,依图复建,0.7
1357,日涉园,民居,明,1574,16世纪,江苏省,营造技艺,明代风貌保留,0.7
1357,日涉园,民居,明,1574,16世纪,江苏省,建筑空间布局,前后两园,0.95
1357,日涉园,民居,明,1574,16世纪,江苏省,建筑空间布局,东西分隔,0.95
1357,日涉园,民居,明,1574,16世纪,江苏省,建筑空间布局,山响草堂为中心,0.95
1357,日涉园,民居,明,1574,16世纪,江苏省,建筑空间布局,来青阁连接,0.95
1361,近园,民居,清,1668,17世纪,江苏省,建筑结构体系,硬山顶,0.95
1361,近园,民居,清,1668,17世纪,江苏省,建筑结构体系,爬山廊,0.92
1361,近园,民居,清,1668,17世纪,江苏省,建筑结构体系,民居风格,0.9
1361,近园,民居,清,1668,17世纪,江苏省,建筑材料,黄石,0.85
1361,近园,民居,清,1668,17世纪,江苏省,建筑材料,假山石,0.83
1361,近园,民居,清,1668,17世纪,江苏省,建筑功能,厅堂,0.9
1361,近园,民居,清,1668,17世纪,江苏省,建筑功能,书斋,0.88
1361,近园,民居,清,1668,17世纪,江苏省,建筑功能,轩馆,0.87
1361,近园,民居,清,1668,17世纪,江苏省,营造技艺,一隔,0.93
1361,近园,民居,清,1668,17世纪,江苏省,营造技艺,虚实结合,0.91
1361,近园,民居,清,1668,17世纪,江苏省,营造技艺,对比手法,0.9
1361,近园,民居,清,1668,17世纪,江苏省,建筑空间布局,西宅东园,0.97
1361,近园,民居,清,1668,17世纪,江苏省,建筑空间布局,中有大池,0.96
1361,近园,民居,清,1668,17世纪,江苏省,建筑空间布局,池周环建,0.95
1361,近园,民居,清,1668,17世纪,江苏省,建筑空间布局,池中一岛,0.94
1362,杨柳村古建筑群,民居,明,1572,16世纪,江苏省,建筑结构体系,穿斗式,0.95
1362,杨柳村古建筑群,民居,明,1572,16世纪,江苏省,建筑结构体系,抬梁式,0.93
1362,杨柳村古建筑群,民居,明,1572,16世纪,江苏省,建筑结构体系,混合式木构架,0.9
1362,杨柳村古建筑群,民居,明,1572,16世纪,江苏省,建筑材料,青石,0.92
1362,杨柳村古建筑群,民居,明,1572,16世纪,江苏省,建筑材料,雕砖,0.9
1362,杨柳村古建筑群,民居,明,1572,16世纪,江苏省,建筑材料,石板,0.88
1362,杨柳村古建筑群,民居,明,1572,16世纪,江苏省,建筑功能,宗祠,0.87
1362,杨柳村古建筑群,民居,明,1572,16世纪,江苏省,建筑功能,民俗博物馆,0.85
1362,杨柳村古建筑群,民居,明,1572,16世纪,江苏省,建筑功能,客厅,0.83
1362,杨柳村古建筑群,民居,明,1572,16世纪,江苏省,建筑功能,书房,0.82
1362,杨柳村古建筑群,民居,明,1572,16世纪,江苏省,营造技艺,传统木构营造,0.78
1362,杨柳村古建筑群,民居,明,1572,16世纪,江苏省,营造技艺,地方建筑工艺,0.75
1362,杨柳村古建筑群,民居,明,1572,16世纪,江苏省,建筑空间布局,多进院落,0.95
1362,杨柳村古建筑群,民居,明,1572,16世纪,江苏省,建筑空间布局,中轴对称,0.94
1362,杨柳村古建筑群,民居,明,1572,16世纪,江苏省,建筑空间布局,三纵列院落,0.92
1362,杨柳村古建筑群,民居,明,1572,16世纪,江苏省,建筑空间布局,高墙深院,0.9
1363,苏州织造署旧址,官府,明,1645,17世纪,江苏省,建筑结构体系,砖石照壁,0.85
1363,苏州织造署旧址,官府,明,1645,17世纪,江苏省,建筑结构体系,房廊,0.85
1363,苏州织造署旧址,官府,明,1645,17世纪,江苏省,建筑结构体系,头门,0.85
1363,苏州织造署旧址,官府,明,1645,17世纪,江苏省,建筑结构体系,仪门,0.85
1363,苏州织造署旧址,官府,明,1645,17世纪,江苏省,建筑材料,砖石,0.65
1363,苏州织造署旧址,官府,明,1645,17世纪,江苏省,建筑材料,太湖石,0.65
1363,苏州织造署旧址,官府,明,1645,17世纪,江苏省,建筑功能,织造衙门,0.95
1363,苏州织造署旧址,官府,明,1645,17世纪,江苏省,建筑功能,行宫,0.95
1363,苏州织造署旧址,官府,明,1645,17世纪,江苏省,建筑功能,机房,0.95
1363,苏州织造署旧址,官府,明,1645,17世纪,江苏省,建筑功能,吏舍,0.95
1363,苏州织造署旧址,官府,明,1645,17世纪,江苏省,营造技艺,增建修理,0.75
1363,苏州织造署旧址,官府,明,1645,17世纪,江苏省,营造技艺,围墙砌筑,0.7
1363,苏州织造署旧址,官府,明,1645,17世纪,江苏省,营造技艺,碑刻镌制,0.7
1363,苏州织造署旧址,官府,明,1645,17世纪,江苏省,建筑空间布局,围院结构,0.9
1363,苏州织造署旧址,官府,明,1645,17世纪,江苏省,建筑空间布局,三门布局,0.9
1363,苏州织造署旧址,官府,明,1645,17世纪,江苏省,建筑空间布局,前后两所,0.9
1363,苏州织造署旧址,官府,明,1645,17世纪,江苏省,建筑空间布局,多局分设,0.9
1364,卫道观前潘宅,民居,清,1787,18世纪,江苏省,建筑结构体系,木构架,0.85
1364,卫道观前潘宅,民居,清,1787,18世纪,江苏省,建筑结构体系,抬梁式,0.8
1364,卫道观前潘宅,民居,清,1787,18世纪,江苏省,建筑材料,砖,0.75
1364,卫道观前潘宅,民居,清,1787,18世纪,江苏省,建筑材料,砖雕,0.75
1364,卫道观前潘宅,民居,清,1787,18世纪,江苏省,建筑功能,住宅,0.95
1364,卫道观前潘宅,民居,清,1787,18世纪,江苏省,建筑功能,民居,0.9
1364,卫道观前潘宅,民居,清,1787,18世纪,江苏省,营造技艺,砖雕技艺,0.8
1364,卫道观前潘宅,民居,清,1787,18世纪,江苏省,营造技艺,雕刻工巧,0.8
1364,卫道观前潘宅,民居,清,1787,18世纪,江苏省,建筑空间布局,五路六进,0.95
1364,卫道观前潘宅,民居,清,1787,18世纪,江苏省,建筑空间布局,多进院落,0.9
1364,卫道观前潘宅,民居,清,1787,18世纪,江苏省,建筑空间布局,礼耕堂布局,0.85
1365,杨氏宅第,民居,清,1644,17世纪,江苏省,建筑结构体系,清代仿明建筑,0.75
1365,杨氏宅第,民居,清,1644,17世纪,江苏省,建筑材料,石刻,0.55
1365,杨氏宅第,民居,清,1644,17世纪,江苏省,建筑材料,砖石,0.5
1365,杨氏宅第,民居,清,1644,17世纪,江苏省,建筑功能,孝子祠,0.85
1365,杨氏宅第,民居,清,1644,17世纪,江苏省,建筑功能,孝子坊,0.85
1365,杨氏宅第,民居,清,1644,17世纪,江苏省,建筑功能,榜眼府,0.8
1365,杨氏宅第,民居,清,1644,17世纪,江苏省,营造技艺,石雕,0.7
1365,杨氏宅第,民居,清,1644,17世纪,江苏省,营造技艺,木构架,0.65
1365,杨氏宅第,民居,清,1644,17世纪,江苏省,营造技艺,镂空雕刻,0.6
1365,杨氏宅第,民居,清,1644,17世纪,江苏省,建筑空间布局,一进院落,0.8
1365,杨氏宅第,民居,清,1644,17世纪,江苏省,建筑空间布局,二进正厅,0.8
1366,燕园,宫殿,金,1644,17世纪,江苏省,建筑结构体系,木构架,0.8
1366,燕园,宫殿,金,1644,17世纪,江苏省,建筑结构体系,台基结构,0.75
1366,燕园,宫殿,金,1644,17世纪,江苏省,建筑材料,青砖,0.85
1366,燕园,宫殿,金,1644,17世纪,江苏省,建筑材料,木材,0.85
1366,燕园,宫殿,金,1644,17世纪,江苏省,建筑材料,太湖石,0.8
1366,燕园,宫殿,金,1644,17世纪,江苏省,建筑功能,皇家园林,0.85
1366,燕园,宫殿,金,1644,17世纪,江苏省,建筑功能,校园环境,0.85
1366,燕园,宫殿,金,1644,17世纪,江苏省,建筑功能,古典园林,0.85
1366,燕园,宫殿,金,1644,17世纪,江苏省,营造技艺,叠山理水,0.9
1366,燕园,宫殿,金,1644,17世纪,江苏省,营造技艺,借景,0.85
1366,燕园,宫殿,金,1644,17世纪,江苏省,营造技艺,传统园林造景,0.8
1366,燕园,宫殿,金,1644,17世纪,江苏省,建筑空间布局,北方园林,0.9
1366,燕园,宫殿,金,1644,17世纪,江苏省,建筑空间布局,江南山水园林,0.9
1366,燕园,宫殿,金,1644,17世纪,江苏省,建筑空间布局,园林化布局,0.9
1366,燕园,宫殿,金,1644,17世纪,江苏省,建筑空间布局,多园组合,0.9
1367,敬业堂,民居,清,1742,18世纪,江苏省,建筑结构体系,走马楼,0.95
1367,敬业堂,民居,清,1742,18世纪,江苏省,建筑结构体系,多进院落,0.93
1367,敬业堂,民居,清,1742,18世纪,江苏省,建筑材料,上等木料,0.9
1367,敬业堂,民居,清,1742,18世纪,江苏省,建筑材料,木材,0.88
1367,敬业堂,民居,清,1742,18世纪,江苏省,建筑功能,正厅,0.85
1367,敬业堂,民居,清,1742,18世纪,江苏省,建筑功能,门厅,0.83
1367,敬业堂,民居,清,1742,18世纪,江苏省,建筑功能,茶厅,0.82
1367,敬业堂,民居,清,1742,18世纪,江苏省,营造技艺,木雕,0.9
1367,敬业堂,民居,清,1742,18世纪,江苏省,营造技艺,砖雕,0.9
1367,敬业堂,民居,清,1742,18世纪,江苏省,营造技艺,斗拱,0.88
1367,敬业堂,民居,清,1742,18世纪,江苏省,营造技艺,马头墙,0.87
1367,敬业堂,民居,清,1742,18世纪,江苏省,建筑空间布局,七进五门楼,0.95
1367,敬业堂,民居,清,1742,18世纪,江苏省,建筑空间布局,坐东朝西,0.94
1367,敬业堂,民居,清,1742,18世纪,江苏省,建筑空间布局,多进院落布局,0.92
1369,耕乐堂,民居,明,1436,15世纪,江苏省,建筑结构体系,硬山顶,0.95
1369,耕乐堂,民居,明,1436,15世纪,江苏省,建筑结构体系,三明两暗合院,0.93
1369,耕乐堂,民居,明,1436,15世纪,江苏省,建筑结构体系,前宅后园,0.92
1369,耕乐堂,民居,明,1436,15世纪,江苏省,建筑结构体系,抬梁式,0.85
1369,耕乐堂,民居,明,1436,15世纪,江苏省,建筑材料,青砖,0.85
1369,耕乐堂,民居,明,1436,15世纪,江苏省,建筑材料,竹丝板门,0.84
1369,耕乐堂,民居,明,1436,15世纪,江苏省,建筑材料,白皮松,0.82
1369,耕乐堂,民居,明,1436,15世纪,江苏省,建筑功能,堂楼,0.9
1369,耕乐堂,民居,明,1436,15世纪,江苏省,建筑功能,绣楼,0.88
1369,耕乐堂,民居,明,1436,15世纪,江苏省,建筑功能,鸳鸯厅,0.87
1369,耕乐堂,民居,明,1436,15世纪,江苏省,建筑功能,备弄,0.86
1369,耕乐堂,民居,明,1436,15世纪,江苏省,营造技艺,鹤胜三弯椽,0.9
1369,耕乐堂,民居,明,1436,15世纪,江苏省,营造技艺,大坡屋顶,0.88
1369,耕乐堂,民居,明,1436,15世纪,江苏省,营造技艺,传统修缮,0.85
1369,耕乐堂,民居,明,1436,15世纪,江苏省,建筑空间布局,前宅后园,0.95
1369,耕乐堂,民居,明,1436,15世纪,江苏省,建筑空间布局,备弄分界,0.93
1369,耕乐堂,民居,明,1436,15世纪,江苏省,建筑空间布局,回廊连接,0.91
1369,耕乐堂,民居,明,1436,15世纪,江苏省,建筑空间布局,池心布局,0.9
1370,学政试院,官府,五代十国,1644,17世纪,江苏省,建筑结构体系,抬梁式木构架,0.88
1370,学政试院,官府,五代十国,1644,17世纪,江苏省,建筑结构体系,硬山顶,0.85
1370,学政试院,官府,五代十国,1644,17世纪,江苏省,建筑材料,青砖,0.92
1370,学政试院,官府,五代十国,1644,17世纪,江苏省,建筑材料,木材,0.94
1370,学政试院,官府,五代十国,1644,17世纪,江苏省,建筑材料,灰瓦,0.9
1370,学政试院,官府,五代十国,1644,17世纪,江苏省,建筑功能,院试场所,0.95
1370,学政试院,官府,五代十国,1644,17世纪,江苏省,建筑功能,办公场所,0.93
1370,学政试院,官府,五代十国,1644,17世纪,江苏省,建筑功能,科举博物馆,0.95
1370,学政试院,官府,五代十国,1644,17世纪,江苏省,营造技艺,榫卯结构,0.87
1370,学政试院,官府,五代十国,1644,17世纪,江苏省,营造技艺,雕花门窗,0.84
1370,学政试院,官府,五代十国,1644,17世纪,江苏省,建筑空间布局,中轴对称布局,0.98
1370,学政试院,官府,五代十国,1644,17世纪,江苏省,建筑空间布局,围合式广场,0.96
1370,学政试院,官府,五代十国,1644,17世纪,江苏省,建筑空间布局,考棚对列,0.97
1370,学政试院,官府,五代十国,1644,17世纪,江苏省,建筑空间布局,多进院落,0.98
1370,学政试院,官府,五代十国,1644,17世纪,江苏省,建筑空间布局,辅助用房环绕,0.95
1373,汪氏盐商住宅,民居,清,1875,19世纪,江苏省,建筑结构体系,硬山顶,0.95
1373,汪氏盐商住宅,民居,清,1875,19世纪,江苏省,建筑结构体系,多进院落,0.93
1373,汪氏盐商住宅,民居,清,1875,19世纪,江苏省,建筑材料,汉白玉,0.92
1373,汪氏盐商住宅,民居,清,1875,19世纪,江苏省,建筑材料,砖雕,0.9
1373,汪氏盐商住宅,民居,清,1875,19世纪,江苏省,建筑材料,木雕,0.9
1373,汪氏盐商住宅,民居,清,1875,19世纪,江苏省,建筑材料,石雕,0.9
1373,汪氏盐商住宅,民居,清,1875,19世纪,江苏省,建筑功能,盐商住宅,0.85
1373,汪氏盐商住宅,民居,清,1875,19世纪,江苏省,建筑功能,文化研究实物,0.83
1373,汪氏盐商住宅,民居,清,1875,19世纪,江苏省,营造技艺,砖雕浮雕,0.91
1373,汪氏盐商住宅,民居,清,1875,19世纪,江苏省,营造技艺,木格窗,0.9
1373,汪氏盐商住宅,民居,清,1875,19世纪,江苏省,营造技艺,雕花栏杆,0.9
1373,汪氏盐商住宅,民居,清,1875,19世纪,江苏省,建筑空间布局,双轴线布局,0.95
1373,汪氏盐商住宅,民居,清,1875,19世纪,江苏省,建筑空间布局,火巷分隔,0.94
1373,汪氏盐商住宅,民居,清,1875,19世纪,江苏省,建筑空间布局,坐北朝南,0.95
1373,汪氏盐商住宅,民居,清,1875,19世纪,江苏省,建筑空间布局,多进院落,0.93
1374,贾氏盐商住宅,民居,清,1821,19世纪,江苏省,建筑结构体系,抬梁式木构架,0.8
1374,贾氏盐商住宅,民居,清,1821,19世纪,江苏省,建筑结构体系,穿斗式木构架,0.7
1374,贾氏盐商住宅,民居,清,1821,19世纪,江苏省,建筑结构体系,砖木混合结构,0.85
1374,贾氏盐商住宅,民居,清,1821,19世纪,江苏省,建筑材料,黄石,0.85
1374,贾氏盐商住宅,民居,清,1821,19世纪,江苏省,建筑材料,砖石,0.6
1374,贾氏盐商住宅,民居,清,1821,19世纪,江苏省,建筑功能,前客厅,0.95
1374,贾氏盐商住宅,民居,清,1821,19世纪,江苏省,建筑功能,花厅,0.95
1374,贾氏盐商住宅,民居,清,1821,19世纪,江苏省,建筑功能,大厅,0.95
1374,贾氏盐商住宅,民居,清,1821,19世纪,江苏省,建筑功能,住宅楼,0.95
1374,贾氏盐商住宅,民居,清,1821,19世纪,江苏省,建筑功能,会客楼,0.9
1374,贾氏盐商住宅,民居,清,1821,19世纪,江苏省,营造技艺,早园水做,0.85
1374,贾氏盐商住宅,民居,清,1821,19世纪,江苏省,建筑空间布局,东西两轴,0.98
1374,贾氏盐商住宅,民居,清,1821,19世纪,江苏省,建筑空间布局,坐北朝南,0.98
1374,贾氏盐商住宅,民居,清,1821,19世纪,江苏省,建筑空间布局,四进院落,0.95
1374,贾氏盐商住宅,民居,清,1821,19世纪,江苏省,建筑空间布局,住宅园林分置,0.98
1375,卢氏盐商住宅,民居,清,1897,19世纪,江苏省,建筑结构体系,前宅后院,0.95
1375,卢氏盐商住宅,民居,清,1897,19世纪,江苏省,建筑结构体系,多进厅堂,0.93
1375,卢氏盐商住宅,民居,清,1897,19世纪,江苏省,建筑结构体系,七间主厅,0.9
1375,卢氏盐商住宅,民居,清,1897,19世纪,江苏省,建筑结构体系,五间大门,0.88
1375,卢氏盐商住宅,民居,清,1897,19世纪,江苏省,建筑材料,紫藤,0.55
1375,卢氏盐商住宅,民居,清,1897,19世纪,江苏省,建筑材料,石舫,0.5
1375,卢氏盐商住宅,民居,清,1897,19世纪,江苏省,建筑材料,曲桥,0.5
1375,卢氏盐商住宅,民居,清,1897,19世纪,江苏省,建筑功能,会客,0.9
1375,卢氏盐商住宅,民居,清,1897,19世纪,江苏省,建筑功能,读书,0.9
1375,卢氏盐商住宅,民居,清,1897,19世纪,江苏省,建筑功能,藏书,0.88
1375,卢氏盐商住宅,民居,清,1897,19世纪,江苏省,建筑功能,景点兼饭店,0.85
1375,卢氏盐商住宅,民居,清,1897,19世纪,江苏省,营造技艺,木构架,0.85
1375,卢氏盐商住宅,民居,清,1897,19世纪,江苏省,营造技艺,砖雕装饰,0.8
1375,卢氏盐商住宅,民居,清,1897,19世纪,江苏省,营造技艺,假山叠石,0.78
1375,卢氏盐商住宅,民居,清,1897,19世纪,江苏省,建筑空间布局,前宅后院,0.95
1375,卢氏盐商住宅,民居,清,1897,19世纪,江苏省,建筑空间布局,九进建筑,0.95
1375,卢氏盐商住宅,民居,清,1897,19世纪,江苏省,建筑空间布局,天井花园,0.92
1375,卢氏盐商住宅,民居,清,1897,19世纪,江苏省,建筑空间布局,长廊曲桥,0.9
1376,逸圃,民居,清,1910,20世纪,江苏省,建筑结构体系,五山封火墙,0.95
1376,逸圃,民居,清,1910,20世纪,江苏省,建筑结构体系,七檩结构,0.93
1376,逸圃,民居,清,1910,20世纪,江苏省,建筑结构体系,步廊木栏杆,0.92
1376,逸圃,民居,清,1910,20世纪,江苏省,建筑材料,木材,0.85
1376,逸圃,民居,清,1910,20世纪,江苏省,建筑材料,瓷板,0.84
1376,逸圃,民居,清,1910,20世纪,江苏省,建筑功能,大厅,0.9
1376,逸圃,民居,清,1910,20世纪,江苏省,建筑功能,书斋,0.89
1376,逸圃,民居,清,1910,20世纪,江苏省,建筑功能,读书楼,0.88
1376,逸圃,民居,清,1910,20世纪,江苏省,营造技艺,木雕,0.88
1376,逸圃,民居,清,1910,20世纪,江苏省,营造技艺,贴璧叠山,0.87
1376,逸圃,民居,清,1910,20世纪,江苏省,营造技艺,复道廊,0.86
1376,逸圃,民居,清,1910,20世纪,江苏省,建筑空间布局,西宅东园,0.97
1376,逸圃,民居,清,1910,20世纪,江苏省,建筑空间布局,火巷分隔,0.96
1376,逸圃,民居,清,1910,20世纪,江苏省,建筑空间布局,曲尺隙地造园,0.95
1376,逸圃,民居,清,1910,20世纪,江苏省,建筑空间布局,后花园,0.94
1392,八卦桥和河西桥,桥梁,宋,1174,12世纪,浙江省,建筑结构体系,五孔梁式石桥,0.95
1392,八卦桥和河西桥,桥梁,宋,1174,12世纪,浙江省,建筑结构体系,八字斜撑,0.93
1392,八卦桥和河西桥,桥梁,宋,1174,12世纪,浙江省,建筑结构体系,副墩加固,0.91
1392,八卦桥和河西桥,桥梁,宋,1174,12世纪,浙江省,建筑材料,花岗岩,0.94
1392,八卦桥和河西桥,桥梁,宋,1174,12世纪,浙江省,建筑材料,桥面石板,0.92
1392,八卦桥和河西桥,桥梁,宋,1174,12世纪,浙江省,建筑材料,方形石柱,0.9
1392,八卦桥和河西桥,桥梁,宋,1174,12世纪,浙江省,建筑功能,交通通行,0.6
1392,八卦桥和河西桥,桥梁,宋,1174,12世纪,浙江省,建筑功能,跨河连接,0.55
1392,八卦桥和河西桥,桥梁,宋,1174,12世纪,浙江省,营造技艺,石板磨光刻花,0.9
1392,八卦桥和河西桥,桥梁,宋,1174,12世纪,浙江省,营造技艺,八字斜撑结构,0.89
1392,八卦桥和河西桥,桥梁,宋,1174,12世纪,浙江省,营造技艺,副墩架梁加固,0.87
1392,八卦桥和河西桥,桥梁,宋,1174,12世纪,浙江省,建筑空间布局,南北走向,0.88
1392,八卦桥和河西桥,桥梁,宋,1174,12世纪,浙江省,建筑空间布局,东西横跨,0.87
1392,八卦桥和河西桥,桥梁,宋,1174,12世纪,浙江省,建筑空间布局,跨河布局,0.85
1394,西山桥,桥梁,宋,1265,13世纪,浙江省,建筑结构体系,条石折边单拱桥,0.95
1394,西山桥,桥梁,宋,1265,13世纪,浙江省,建筑结构体系,单拱桥,0.93
1394,西山桥,桥梁,宋,1265,13世纪,浙江省,建筑结构体系,折边拱,0.9
1394,西山桥,桥梁,宋,1265,13世纪,浙江省,建筑材料,青石,0.9
1394,西山桥,桥梁,宋,1265,13世纪,浙江省,建筑材料,条石,0.88
1394,西山桥,桥梁,宋,1265,13世纪,浙江省,建筑材料,石板,0.85
1394,西山桥,桥梁,宋,1265,13世纪,浙江省,建筑功能,交通桥,0.85
1394,西山桥,桥梁,宋,1265,13世纪,浙江省,建筑功能,民用桥梁,0.82
1394,西山桥,桥梁,宋,1265,13世纪,浙江省,营造技艺,联锁式砌法,0.8
1394,西山桥,桥梁,宋,1265,13世纪,浙江省,营造技艺,石砌拱券,0.78
1394,西山桥,桥梁,宋,1265,13世纪,浙江省,建筑空间布局,线性布局,0.6
1394,西山桥,桥梁,宋,1265,13世纪,浙江省,建筑空间布局,单跨布局,0.55
1398,金昭牌坊和宪台牌坊,官府,明,1505,16世纪,浙江省,建筑结构体系,六柱三楼式,0.95
1398,金昭牌坊和宪台牌坊,官府,明,1505,16世纪,浙江省,建筑结构体系,单间加擎檐柱式,0.94
1398,金昭牌坊和宪台牌坊,官府,明,1505,16世纪,浙江省,建筑结构体系,木构架,0.93
1398,金昭牌坊和宪台牌坊,官府,明,1505,16世纪,浙江省,建筑结构体系,官式牌坊,0.92
1398,金昭牌坊和宪台牌坊,官府,明,1505,16世纪,浙江省,建筑材料,花岗岩,0.93
1398,金昭牌坊和宪台牌坊,官府,明,1505,16世纪,浙江省,建筑材料,木材,0.92
1398,金昭牌坊和宪台牌坊,官府,明,1505,16世纪,浙江省,建筑材料,薄砖,0.91
1398,金昭牌坊和宪台牌坊,官府,明,1505,16世纪,浙江省,建筑材料,方石柱,0.9
1398,金昭牌坊和宪台牌坊,官府,明,1505,16世纪,浙江省,建筑功能,进士及第纪念坊,0.9
1398,金昭牌坊和宪台牌坊,官府,明,1505,16世纪,浙江省,建筑功能,官员功德坊,0.89
1398,金昭牌坊和宪台牌坊,官府,明,1505,16世纪,浙江省,营造技艺,偷心造插栱,0.88
1398,金昭牌坊和宪台牌坊,官府,明,1505,16世纪,浙江省,营造技艺,雀替,0.87
1398,金昭牌坊和宪台牌坊,官府,明,1505,16世纪,浙江省,营造技艺,丁头栱,0.86
1398,金昭牌坊和宪台牌坊,官府,明,1505,16世纪,浙江省,营造技艺,双落翼式悬山顶,0.85
1398,金昭牌坊和宪台牌坊,官府,明,1505,16世纪,浙江省,建筑空间布局,横长方形平面,0.92
1398,金昭牌坊和宪台牌坊,官府,明,1505,16世纪,浙江省,建筑空间布局,南北走向,0.91
1399,七家厅,民居,明,1368,14世纪,浙江省,建筑结构体系,结构简练,0.85
1399,七家厅,民居,明,1368,14世纪,浙江省,建筑结构体系,用材规整,0.85
1399,七家厅,民居,明,1368,14世纪,浙江省,建筑材料,木材,0.6
1399,七家厅,民居,明,1368,14世纪,浙江省,建筑材料,砖石,0.55
1399,七家厅,民居,明,1368,14世纪,浙江省,建筑功能,前厅,0.4
1399,七家厅,民居,明,1368,14世纪,浙江省,建筑功能,后厅,0.4
1399,七家厅,民居,明,1368,14世纪,浙江省,建筑功能,厢房,0.4
1399,七家厅,民居,明,1368,14世纪,浙江省,营造技艺,传统木构,0.55
1399,七家厅,民居,明,1368,14世纪,浙江省,营造技艺,规整营造,0.5
1399,七家厅,民居,明,1368,14世纪,浙江省,建筑空间布局,方形布局,0.95
1399,七家厅,民居,明,1368,14世纪,浙江省,建筑空间布局,围院结构,0.9
1399,七家厅,民居,明,1368,14世纪,浙江省,建筑空间布局,天井,0.95
1399,七家厅,民居,明,1368,14世纪,浙江省,建筑空间布局,照壁,0.95
1404,寺平村乡土建筑,民居,明,1368,14世纪,浙江省,建筑结构体系,木构架,0.8
1404,寺平村乡土建筑,民居,明,1368,14世纪,浙江省,建筑结构体系,穿斗式,0.75
1404,寺平村乡土建筑,民居,明,1368,14世纪,浙江省,建筑结构体系,抬梁式,0.7
1404,寺平村乡土建筑,民居,明,1368,14世纪,浙江省,建筑材料,砖雕,0.75
1404,寺平村乡土建筑,民居,明,1368,14世纪,浙江省,建筑材料,砖石,0.7
1404,寺平村乡土建筑,民居,明,1368,14世纪,浙江省,建筑功能,民居,0.7
1404,寺平村乡土建筑,民居,明,1368,14世纪,浙江省,建筑功能,厅堂,0.7
1404,寺平村乡土建筑,民居,明,1368,14世纪,浙江省,营造技艺,徽派建筑风格,0.8
1404,寺平村乡土建筑,民居,明,1368,14世纪,浙江省,营造技艺,砖雕技艺,0.75
1404,寺平村乡土建筑,民居,明,1368,14世纪,浙江省,建筑空间布局,民居格局,0.85
1404,寺平村乡土建筑,民居,明,1368,14世纪,浙江省,建筑空间布局,厅堂布局,0.8
1405,㹧𱮒湖避塘,桥梁,明,1621,17世纪,浙江省,建筑结构体系,实体塘堤,0.95
1405,㹧𱮒湖避塘,桥梁,明,1621,17世纪,浙江省,建筑结构体系,单孔平梁石桥,0.94
1405,㹧𱮒湖避塘,桥梁,明,1621,17世纪,浙江省,建筑结构体系,三孔平梁石桥,0.93
1405,㹧𱮒湖避塘,桥梁,明,1621,17世纪,浙江省,建筑结构体系,石路亭,0.92
1405,㹧𱮒湖避塘,桥梁,明,1621,17世纪,浙江省,建筑材料,条石,0.9
1405,㹧𱮒湖避塘,桥梁,明,1621,17世纪,浙江省,建筑材料,大块石板,0.89
1405,㹧𱮒湖避塘,桥梁,明,1621,17世纪,浙江省,建筑材料,石碑,0.87
1405,㹧𱮒湖避塘,桥梁,明,1621,17世纪,浙江省,建筑功能,避风浪,0.98
1405,㹧𱮒湖避塘,桥梁,明,1621,17世纪,浙江省,建筑功能,交通连接,0.96
1405,㹧𱮒湖避塘,桥梁,明,1621,17世纪,浙江省,建筑功能,护田,0.95
1405,㹧𱮒湖避塘,桥梁,明,1621,17世纪,浙江省,营造技艺,顺丁叠砌,0.85
1405,㹧𱮒湖避塘,桥梁,明,1621,17世纪,浙江省,营造技艺,顺叠砌筑,0.84
1405,㹧𱮒湖避塘,桥梁,明,1621,17世纪,浙江省,营造技艺,收分工艺,0.83
1405,㹧𱮒湖避塘,桥梁,明,1621,17世纪,浙江省,建筑空间布局,南北向S形布局,0.92
1405,㹧𱮒湖避塘,桥梁,明,1621,17世纪,浙江省,建筑空间布局,桥亭间隔布局,0.9
1405,㹧𱮒湖避塘,桥梁,明,1621,17世纪,浙江省,建筑空间布局,坐东朝西,0.89
1408,河阳村乡土建筑,民居,五代十国,1368,14世纪,浙江省,建筑结构体系,木构架,0.85
1408,河阳村乡土建筑,民居,五代十国,1368,14世纪,浙江省,建筑结构体系,穿斗式,0.75
1408,河阳村乡土建筑,民居,五代十国,1368,14世纪,浙江省,建筑材料,砖石,0.65
1408,河阳村乡土建筑,民居,五代十国,1368,14世纪,浙江省,建筑材料,木材,0.6
1408,河阳村乡土建筑,民居,五代十国,1368,14世纪,浙江省,建筑功能,古民居,0.9
1408,河阳村乡土建筑,民居,五代十国,1368,14世纪,浙江省,建筑功能,宗祠,0.88
1408,河阳村乡土建筑,民居,五代十国,1368,14世纪,浙江省,建筑功能,寺庙,0.82
1408,河阳村乡土建筑,民居,五代十国,1368,14世纪,浙江省,建筑功能,古井,0.8
1408,河阳村乡土建筑,民居,五代十国,1368,14世纪,浙江省,营造技艺,榫卯结构,0.8
1408,河阳村乡土建筑,民居,五代十国,1368,14世纪,浙江省,营造技艺,雕花装饰,0.75
1408,河阳村乡土建筑,民居,五代十国,1368,14世纪,浙江省,建筑空间布局,棋盘式格局,0.95
1408,河阳村乡土建筑,民居,五代十国,1368,14世纪,浙江省,建筑空间布局,四纵五横,0.93
1408,河阳村乡土建筑,民居,五代十国,1368,14世纪,浙江省,建筑空间布局,中轴线布局,0.9
1408,河阳村乡土建筑,民居,五代十国,1368,14世纪,浙江省,建筑空间布局,一溪二坑,0.88
1409,潘公桥及潘孝墓,桥梁,明,1585,16世纪,浙江省,建筑结构体系,三孔石拱桥,0.95
1409,潘公桥及潘孝墓,桥梁,明,1585,16世纪,浙江省,建筑结构体系,石室墓圹,0.93
1409,潘公桥及潘孝墓,桥梁,明,1585,16世纪,浙江省,建筑结构体系,三合土墓圹,0.92
1409,潘公桥及潘孝墓,桥梁,明,1585,16世纪,浙江省,建筑材料,石材,0.85
1409,潘公桥及潘孝墓,桥梁,明,1585,16世纪,浙江省,建筑材料,三合土,0.85
1409,潘公桥及潘孝墓,桥梁,明,1585,16世纪,浙江省,建筑功能,交通要道,0.9
1409,潘公桥及潘孝墓,桥梁,明,1585,16世纪,浙江省,建筑功能,墓葬,0.88
1409,潘公桥及潘孝墓,桥梁,明,1585,16世纪,浙江省,营造技艺,石拱砌筑,0.7
1409,潘公桥及潘孝墓,桥梁,明,1585,16世纪,浙江省,营造技艺,三合土夯筑,0.65
1409,潘公桥及潘孝墓,桥梁,明,1585,16世纪,浙江省,建筑空间布局,轴线式墓道,0.9
1409,潘公桥及潘孝墓,桥梁,明,1585,16世纪,浙江省,建筑空间布局,垣墉围合,0.88
1409,潘公桥及潘孝墓,桥梁,明,1585,16世纪,浙江省,建筑空间布局,西北—东南向布局,0.85
1415,余庆堂,民居,明,1368,14世纪,浙江省,建筑结构体系,砖木结构,0.95
1415,余庆堂,民居,明,1368,14世纪,浙江省,建筑结构体系,硬山顶,0.95
1415,余庆堂,民居,明,1368,14世纪,浙江省,建筑结构体系,阴阳瓦,0.95
1415,余庆堂,民居,明,1368,14世纪,浙江省,建筑材料,花岗岩,0.9
1415,余庆堂,民居,明,1368,14世纪,浙江省,建筑材料,山石,0.9
1415,余庆堂,民居,明,1368,14世纪,浙江省,建筑材料,清水墙,0.9
1415,余庆堂,民居,明,1368,14世纪,浙江省,建筑功能,神龛,0.95
1415,余庆堂,民居,明,1368,14世纪,浙江省,建筑功能,祭祖空间,0.95
1415,余庆堂,民居,明,1368,14世纪,浙江省,营造技艺,石条砌筑,0.55
1415,余庆堂,民居,明,1368,14世纪,浙江省,营造技艺,券拱门,0.55
1415,余庆堂,民居,明,1368,14世纪,浙江省,营造技艺,砖木结构营造,0.55
1415,余庆堂,民居,明,1368,14世纪,浙江省,建筑空间布局,三进一穿堂,0.95
1415,余庆堂,民居,明,1368,14世纪,浙江省,建筑空间布局,面阔五间,0.95
1415,余庆堂,民居,明,1368,14世纪,浙江省,建筑空间布局,角楼,0.95
1415,余庆堂,民居,明,1368,14世纪,浙江省,建筑空间布局,禾坪,0.95
1415,余庆堂,民居,明,1368,14世纪,浙江省,建筑空间布局,半月形池塘,0.95
1420,林宅,民居,清,1862,19世纪,浙江省,建筑结构体系,结构轻巧,0.85
1420,林宅,民居,清,1862,19世纪,浙江省,建筑结构体系,抬梁式,0.7
1420,林宅,民居,清,1862,19世纪,浙江省,建筑结构体系,穿斗式,0.65
1420,林宅,民居,清,1862,19世纪,浙江省,建筑材料,木材,0.6
1420,林宅,民居,清,1862,19世纪,浙江省,建筑材料,砖石,0.55
1420,林宅,民居,清,1862,19世纪,浙江省,建筑功能,住宅,0.95
1420,林宅,民居,清,1862,19世纪,浙江省,建筑功能,民居,0.9
1420,林宅,民居,清,1862,19世纪,浙江省,营造技艺,雕刻精致,0.75
1420,林宅,民居,清,1862,19世纪,浙江省,营造技艺,封闭式布局,0.7
1420,林宅,民居,清,1862,19世纪,浙江省,营造技艺,轴线对称,0.65
1420,林宅,民居,清,1862,19世纪,浙江省,建筑空间布局,围院结构,0.95
1420,林宅,民居,清,1862,19世纪,浙江省,建筑空间布局,纵轴布局,0.9
1420,林宅,民居,清,1862,19世纪,浙江省,建筑空间布局,厢房对称,0.85
1420,林宅,民居,清,1862,19世纪,浙江省,建筑空间布局,封闭式院落,0.8
1421,雪溪胡氏大院,民居,清,1832,19世纪,浙江省,建筑结构体系,二进院落,0.95
1421,雪溪胡氏大院,民居,清,1832,19世纪,浙江省,建筑结构体系,中轴对称,0.93
1421,雪溪胡氏大院,民居,清,1832,19世纪,浙江省,建筑结构体系,宗族建筑群,0.95
1421,雪溪胡氏大院,民居,清,1832,19世纪,浙江省,建筑结构体系,台门体系,0.9
1421,雪溪胡氏大院,民居,清,1832,19世纪,浙江省,建筑材料,麻石,0.85
1421,雪溪胡氏大院,民居,清,1832,19世纪,浙江省,建筑材料,石材墙体,0.82
1421,雪溪胡氏大院,民居,清,1832,19世纪,浙江省,建筑功能,厅堂,0.95
1421,雪溪胡氏大院,民居,清,1832,19世纪,浙江省,建筑功能,宗祠,0.95
1421,雪溪胡氏大院,民居,清,1832,19世纪,浙江省,建筑功能,书斋,0.92
1421,雪溪胡氏大院,民居,清,1832,19世纪,浙江省,建筑功能,祭祀空间,0.9
1421,雪溪胡氏大院,民居,清,1832,19世纪,浙江省,营造技艺,月梁,0.9
1421,雪溪胡氏大院,民居,清,1832,19世纪,浙江省,营造技艺,牛腿,0.9
1421,雪溪胡氏大院,民居,清,1832,19世纪,浙江省,营造技艺,斗拱,0.9
1421,雪溪胡氏大院,民居,清,1832,19世纪,浙江省,营造技艺,法式与乡土融合工艺,0.88
1421,雪溪胡氏大院,民居,清,1832,19世纪,浙江省,建筑空间布局,二进台门,0.95
1421,雪溪胡氏大院,民居,清,1832,19世纪,浙江省,建筑空间布局,上堂下堂,0.93
1421,雪溪胡氏大院,民居,清,1832,19世纪,浙江省,建筑空间布局,南北厢房,0.92
1421,雪溪胡氏大院,民居,清,1832,19世纪,浙江省,建筑空间布局,面阔五/七间,0.9
1422,陈阁老宅,官府,明,1644,17世纪,浙江省,建筑结构体系,抬梁式,0.85
1422,陈阁老宅,官府,明,1644,17世纪,浙江省,建筑结构体系,穿斗式,0.75
1422,陈阁老宅,官府,明,1644,17世纪,浙江省,建筑材料,砖石,0.55
1422,陈阁老宅,官府,明,1644,17世纪,浙江省,建筑材料,木材,0.5
1422,陈阁老宅,官府,明,1644,17世纪,浙江省,建筑功能,书斋,0.85
1422,陈阁老宅,官府,明,1644,17世纪,浙江省,建筑功能,花厅,0.85
1422,陈阁老宅,官府,明,1644,17世纪,浙江省,建筑功能,戏楼,0.8
1422,陈阁老宅,官府,明,1644,17世纪,浙江省,建筑功能,库房,0.75
1422,陈阁老宅,官府,明,1644,17世纪,浙江省,建筑功能,祠堂,0.8
1422,陈阁老宅,官府,明,1644,17世纪,浙江省,营造技艺,雕花装饰,0.8
1422,陈阁老宅,官府,明,1644,17世纪,浙江省,营造技艺,榫卯结构,0.75
1422,陈阁老宅,官府,明,1644,17世纪,浙江省,建筑空间布局,三轴线布局,0.95
1422,陈阁老宅,官府,明,1644,17世纪,浙江省,建筑空间布局,后花园,0.9
1422,陈阁老宅,官府,明,1644,17世纪,浙江省,建筑空间布局,坐南朝北,0.85
1422,陈阁老宅,官府,明,1644,17世纪,浙江省,建筑空间布局,坐北朝南,0.85
1422,陈阁老宅,官府,明,1644,17世纪,浙江省,建筑空间布局,院落序列,0.8
1423,双林三桥,桥梁,元,1314,14世纪,浙江省,建筑结构体系,三孔薄墩薄拱实腹石拱桥,0.98
1423,双林三桥,桥梁,元,1314,14世纪,浙江省,建筑结构体系,联拱石拱桥,0.97
1423,双林三桥,桥梁,元,1314,14世纪,浙江省,建筑材料,花岗岩,0.95
1423,双林三桥,桥梁,元,1314,14世纪,浙江省,建筑材料,青石,0.94
1423,双林三桥,桥梁,元,1314,14世纪,浙江省,建筑功能,交通桥梁,0.96
1423,双林三桥,桥梁,元,1314,14世纪,浙江省,建筑功能,跨河通道,0.95
1423,双林三桥,桥梁,元,1314,14世纪,浙江省,营造技艺,纵联分节并列砌置法,0.96
1423,双林三桥,桥梁,元,1314,14世纪,浙江省,营造技艺,靴钉式砌置法,0.95
1423,双林三桥,桥梁,元,1314,14世纪,浙江省,营造技艺,券睑石,0.94
1423,双林三桥,桥梁,元,1314,14世纪,浙江省,营造技艺,系梁,0.93
1423,双林三桥,桥梁,元,1314,14世纪,浙江省,营造技艺,间壁石,0.93
1423,双林三桥,桥梁,元,1314,14世纪,浙江省,建筑空间布局,线性排列,0.97
1423,双林三桥,桥梁,元,1314,14世纪,浙江省,建筑空间布局,等距分布,0.95
1425,马上桥花厅,民居,清,1820,19世纪,浙江省,建筑结构体系,抬梁式,0.85
1425,马上桥花厅,民居,清,1820,19世纪,浙江省,建筑结构体系,穿斗式,0.75
1425,马上桥花厅,民居,清,1820,19世纪,浙江省,建筑材料,木材,0.55
1425,马上桥花厅,民居,清,1820,19世纪,浙江省,建筑功能,住宅,0.95
1425,马上桥花厅,民居,清,1820,19世纪,浙江省,营造技艺,东阳木雕,0.98
1425,马上桥花厅,民居,清,1820,19世纪,浙江省,营造技艺,木雕,0.98
1425,马上桥花厅,民居,清,1820,19世纪,浙江省,建筑空间布局,四进院落,0.97
1425,马上桥花厅,民居,清,1820,19世纪,浙江省,建筑空间布局,门楼,0.97
1425,马上桥花厅,民居,清,1820,19世纪,浙江省,建筑空间布局,照壁,0.97
1425,马上桥花厅,民居,清,1820,19世纪,浙江省,建筑空间布局,正厅,0.97
1425,马上桥花厅,民居,清,1820,19世纪,浙江省,建筑空间布局,厢房,0.97
1428,三门源叶氏民居,民居,清,1846,19世纪,浙江省,建筑结构体系,一进院落,0.92
1428,三门源叶氏民居,民居,清,1846,19世纪,浙江省,建筑结构体系,三进二明堂,0.95
1428,三门源叶氏民居,民居,清,1846,19世纪,浙江省,建筑结构体系,一字形布局,0.93
1428,三门源叶氏民居,民居,清,1846,19世纪,浙江省,建筑材料,考究木材,0.65
1428,三门源叶氏民居,民居,清,1846,19世纪,浙江省,建筑材料,青砖,0.6
1428,三门源叶氏民居,民居,清,1846,19世纪,浙江省,建筑功能,民居,0.85
1428,三门源叶氏民居,民居,清,1846,19世纪,浙江省,建筑功能,庭院生活,0.75
1428,三门源叶氏民居,民居,清,1846,19世纪,浙江省,营造技艺,砖雕,0.98
1428,三门源叶氏民居,民居,清,1846,19世纪,浙江省,营造技艺,戏曲题材雕刻,0.97
1428,三门源叶氏民居,民居,清,1846,19世纪,浙江省,营造技艺,门楼装饰工艺,0.96
1428,三门源叶氏民居,民居,清,1846,19世纪,浙江省,建筑空间布局,坐东朝西,0.97
1428,三门源叶氏民居,民居,清,1846,19世纪,浙江省,建筑空间布局,依山临水,0.96
1428,三门源叶氏民居,民居,清,1846,19世纪,浙江省,建筑空间布局,江南民居布局,0.97
1428,三门源叶氏民居,民居,清,1846,19世纪,浙江省,建筑空间布局,一字形排列,0.95
1431,泰顺土楼,民居,清,1851,19世纪,浙江省,建筑结构体系,夯土墙,0.95
1431,泰顺土楼,民居,清,1851,19世纪,浙江省,建筑结构体系,木构架,0.95
1431,泰顺土楼,民居,清,1851,19世纪,浙江省,建筑结构体系,多层结构,0.93
1431,泰顺土楼,民居,清,1851,19世纪,浙江省,建筑材料,生土,0.97
1431,泰顺土楼,民居,清,1851,19世纪,浙江省,建筑材料,条石,0.96
1431,泰顺土楼,民居,清,1851,19世纪,浙江省,建筑材料,木材,0.95
1431,泰顺土楼,民居,清,1851,19世纪,浙江省,建筑材料,黄土,0.94
1431,泰顺土楼,民居,清,1851,19世纪,浙江省,建筑功能,防御功能,0.96
1431,泰顺土楼,民居,清,1851,19世纪,浙江省,建筑功能,住宅,0.95
1431,泰顺土楼,民居,清,1851,19世纪,浙江省,建筑功能,仓储,0.94
1431,泰顺土楼,民居,清,1851,19世纪,浙江省,建筑功能,城堡式建筑,0.93
1431,泰顺土楼,民居,清,1851,19世纪,浙江省,营造技艺,夯筑,0.85
1431,泰顺土楼,民居,清,1851,19世纪,浙江省,营造技艺,条石砌基,0.84
1431,泰顺土楼,民居,清,1851,19世纪,浙江省,建筑空间布局,口字形平面,0.94
1431,泰顺土楼,民居,清,1851,19世纪,浙江省,建筑空间布局,天井,0.93
1431,泰顺土楼,民居,清,1851,19世纪,浙江省,建筑空间布局,两坡顶,0.92
1431,泰顺土楼,民居,清,1851,19世纪,浙江省,建筑空间布局,面阔五间,0.91
1438,程大位故居,民居,明,1506,16世纪,安徽省,建筑结构体系,砖木结构,0.95
1438,程大位故居,民居,明,1506,16世纪,安徽省,建筑结构体系,一脊两堂,0.94
1438,程大位故居,民居,明,1506,16世纪,安徽省,建筑结构体系,马头山墙,0.93
1438,程大位故居,民居,明,1506,16世纪,安徽省,建筑材料,砖,0.9
1438,程大位故居,民居,明,1506,16世纪,安徽省,建筑材料,木材,0.89
1438,程大位故居,民居,明,1506,16世纪,安徽省,建筑功能,居室,0.93
1438,程大位故居,民居,明,1506,16世纪,安徽省,建筑功能,祭祖楼,0.92
1438,程大位故居,民居,明,1506,16世纪,安徽省,建筑功能,纪念馆,0.91
1438,程大位故居,民居,明,1506,16世纪,安徽省,营造技艺,曲梁斗拱,0.88
1438,程大位故居,民居,明,1506,16世纪,安徽省,营造技艺,挑檐,0.87
1438,程大位故居,民居,明,1506,16世纪,安徽省,营造技艺,马头山墙,0.86
1438,程大位故居,民居,明,1506,16世纪,安徽省,建筑空间布局,三开间两进,0.96
1438,程大位故居,民居,明,1506,16世纪,安徽省,建筑空间布局,前后厢房,0.95
1438,程大位故居,民居,明,1506,16世纪,安徽省,建筑空间布局,主体建筑与偏房组合,0.94
1438,程大位故居,民居,明,1506,16世纪,安徽省,建筑空间布局,庭院布局,0.93
1439,黄村进士第,官府,明,1532,16世纪,安徽省,建筑结构体系,封闭式布局,0.95
1439,黄村进士第,官府,明,1532,16世纪,安徽省,建筑结构体系,四进院落,0.93
1439,黄村进士第,官府,明,1532,16世纪,安徽省,建筑结构体系,坐南朝北,0.9
1439,黄村进士第,官府,明,1532,16世纪,安徽省,建筑材料,白墙,0.85
1439,黄村进士第,官府,明,1532,16世纪,安徽省,建筑材料,青瓦,0.85
1439,黄村进士第,官府,明,1532,16世纪,安徽省,建筑材料,木材,0.8
1439,黄村进士第,官府,明,1532,16世纪,安徽省,建筑功能,纪念性建筑,0.9
1439,黄村进士第,官府,明,1532,16世纪,安徽省,建筑功能,宗族礼制建筑,0.88
1439,黄村进士第,官府,明,1532,16世纪,安徽省,建筑功能,进士府第,0.85
1439,黄村进士第,官府,明,1532,16世纪,安徽省,营造技艺,徽派建筑技艺,0.95
1439,黄村进士第,官府,明,1532,16世纪,安徽省,营造技艺,木雕,0.92
1439,黄村进士第,官府,明,1532,16世纪,安徽省,营造技艺,石雕,0.92
1439,黄村进士第,官府,明,1532,16世纪,安徽省,营造技艺,彩绘,0.9
1439,黄村进士第,官府,明,1532,16世纪,安徽省,建筑空间布局,四进五开间,0.95
1439,黄村进士第,官府,明,1532,16世纪,安徽省,建筑空间布局,纵轴线布局,0.93
1439,黄村进士第,官府,明,1532,16世纪,安徽省,建筑空间布局,天井院落,0.9
1439,黄村进士第,官府,明,1532,16世纪,安徽省,建筑空间布局,门楼—门屋—享堂—寝楼序列,0.88
1447,棠樾古民居,民居,宋,1127,12世纪,安徽省,建筑结构体系,木构架,0.85
1447,棠樾古民居,民居,宋,1127,12世纪,安徽省,建筑结构体系,穿斗式,0.75
1447,棠樾古民居,民居,宋,1127,12世纪,安徽省,建筑结构体系,抬梁式,0.7
1447,棠樾古民居,民居,宋,1127,12世纪,安徽省,建筑材料,砖石,0.65
1447,棠樾古民居,民居,宋,1127,12世纪,安徽省,建筑材料,木材,0.55
1447,棠樾古民居,民居,宋,1127,12世纪,安徽省,建筑功能,住宅,0.85
1447,棠樾古民居,民居,宋,1127,12世纪,安徽省,建筑功能,祠堂,0.8
1447,棠樾古民居,民居,宋,1127,12世纪,安徽省,建筑功能,药店,0.7
1447,棠樾古民居,民居,宋,1127,12世纪,安徽省,建筑功能,墓园,0.75
1447,棠樾古民居,民居,宋,1127,12世纪,安徽省,营造技艺,徽州三雕,0.9
1447,棠樾古民居,民居,宋,1127,12世纪,安徽省,营造技艺,天井院落,0.85
1447,棠樾古民居,民居,宋,1127,12世纪,安徽省,营造技艺,马头墙砌筑,0.8
1447,棠樾古民居,民居,宋,1127,12世纪,安徽省,建筑空间布局,二横主干道,0.9
1447,棠樾古民居,民居,宋,1127,12世纪,安徽省,建筑空间布局,小巷连接,0.85
1447,棠樾古民居,民居,宋,1127,12世纪,安徽省,建筑空间布局,枕山环水面屏,0.95
1449,上庄古建筑群,民居,明,1368,14世纪,安徽省,建筑结构体系,抬梁式,0.65
1449,上庄古建筑群,民居,明,1368,14世纪,安徽省,建筑结构体系,穿斗式,0.6
1449,上庄古建筑群,民居,明,1368,14世纪,安徽省,建筑材料,木材,0.7
1449,上庄古建筑群,民居,明,1368,14世纪,安徽省,建筑材料,砖石,0.65
1449,上庄古建筑群,民居,明,1368,14世纪,安徽省,建筑材料,生土,0.6
1449,上庄古建筑群,民居,明,1368,14世纪,安徽省,建筑功能,民居,0.8
1449,上庄古建筑群,民居,明,1368,14世纪,安徽省,建筑功能,祠堂,0.75
1449,上庄古建筑群,民居,明,1368,14世纪,安徽省,营造技艺,榫卯结构,0.6
1449,上庄古建筑群,民居,明,1368,14世纪,安徽省,营造技艺,糯米灰浆,0.55
1449,上庄古建筑群,民居,明,1368,14世纪,安徽省,建筑空间布局,围院结构,0.65
1449,上庄古建筑群,民居,明,1368,14世纪,安徽省,建筑空间布局,合院式,0.6
1460,北岸廊桥,桥梁,清,1644,17世纪,安徽省,建筑结构体系,石拱桥,0.95
1460,北岸廊桥,桥梁,清,1644,17世纪,安徽省,建筑结构体系,三孔两墩,0.93
1460,北岸廊桥,桥梁,清,1644,17世纪,安徽省,建筑结构体系,廊屋,0.9
1460,北岸廊桥,桥梁,清,1644,17世纪,安徽省,建筑材料,石材,0.85
1460,北岸廊桥,桥梁,清,1644,17世纪,安徽省,建筑材料,砖木结构,0.85
1460,北岸廊桥,桥梁,清,1644,17世纪,安徽省,建筑材料,木材,0.8
1460,北岸廊桥,桥梁,清,1644,17世纪,安徽省,建筑材料,砖,0.78
1460,北岸廊桥,桥梁,清,1644,17世纪,安徽省,建筑功能,风雨廊桥,0.9
1460,北岸廊桥,桥梁,清,1644,17世纪,安徽省,建筑功能,美人靠,0.85
1460,北岸廊桥,桥梁,清,1644,17世纪,安徽省,建筑功能,交通通行,0.8
1460,北岸廊桥,桥梁,清,1644,17世纪,安徽省,建筑功能,休憩空间,0.75
1460,北岸廊桥,桥梁,清,1644,17世纪,安徽省,营造技艺,传统石作,0.6
1460,北岸廊桥,桥梁,清,1644,17世纪,安徽省,营造技艺,木构架搭建,0.55
1460,北岸廊桥,桥梁,清,1644,17世纪,安徽省,建筑空间布局,十一开间,0.95
1460,北岸廊桥,桥梁,清,1644,17世纪,安徽省,建筑空间布局,对称布局,0.9
1460,北岸廊桥,桥梁,清,1644,17世纪,安徽省,建筑空间布局,佛龛设置,0.85
1460,北岸廊桥,桥梁,清,1644,17世纪,安徽省,建筑空间布局,风洞窗,0.8
1460,北岸廊桥,桥梁,清,1644,17世纪,安徽省,建筑空间布局,桥门额题,0.75
1468,宁海桥,桥梁,元,1334,14世纪,福建省,建筑结构体系,石墩石梁桥,0.95
1468,宁海桥,桥梁,元,1334,14世纪,福建省,建筑结构体系,船形墩,0.93
1468,宁海桥,桥梁,元,1334,14世纪,福建省,建筑材料,巨石,0.9
1468,宁海桥,桥梁,元,1334,14世纪,福建省,建筑材料,石雕,0.88
1468,宁海桥,桥梁,元,1334,14世纪,福建省,建筑材料,石材,0.85
1468,宁海桥,桥梁,元,1334,14世纪,福建省,建筑功能,交通要道,0.95
1468,宁海桥,桥梁,元,1334,14世纪,福建省,建筑功能,经济枢纽,0.92
1468,宁海桥,桥梁,元,1334,14世纪,福建省,建筑功能,文化通道,0.9
1468,宁海桥,桥梁,元,1334,14世纪,福建省,营造技艺,宋代福建桥式,0.8
1468,宁海桥,桥梁,元,1334,14世纪,福建省,建筑空间布局,桥侧佛塔,0.85
1468,宁海桥,桥梁,元,1334,14世纪,福建省,建筑空间布局,对称布局,0.82
1476,大田土堡群,民居,宋,1368,14世纪,福建省,建筑结构体系,防御设施,0.95
1476,大田土堡群,民居,宋,1368,14世纪,福建省,建筑结构体系,居住堂屋,0.95
1476,大田土堡群,民居,宋,1368,14世纪,福建省,建筑结构体系,堡垒式结构,0.9
1476,大田土堡群,民居,宋,1368,14世纪,福建省,建筑材料,生土,0.7
1476,大田土堡群,民居,宋,1368,14世纪,福建省,建筑材料,砖石,0.6
1476,大田土堡群,民居,宋,1368,14世纪,福建省,建筑功能,防御为主,0.9
1476,大田土堡群,民居,宋,1368,14世纪,福建省,建筑功能,居住为主,0.85
1476,大田土堡群,民居,宋,1368,14世纪,福建省,建筑功能,堡垒性功能,0.8
1476,大田土堡群,民居,宋,1368,14世纪,福建省,营造技艺,糯米灰浆,0.65
1476,大田土堡群,民居,宋,1368,14世纪,福建省,营造技艺,夯土技术,0.6
1476,大田土堡群,民居,宋,1368,14世纪,福建省,建筑空间布局,前方后圆,0.85
1476,大田土堡群,民居,宋,1368,14世纪,福建省,建筑空间布局,方型土堡,0.8
1476,大田土堡群,民居,宋,1368,14世纪,福建省,建筑空间布局,逐级升高布局,0.75
1476,大田土堡群,民居,宋,1368,14世纪,福建省,建筑空间布局,府第式布局,0.7
1482,蓝廷珍府第,官府,清,1644,17世纪,福建省,建筑结构体系,抬梁式,0.75
1482,蓝廷珍府第,官府,清,1644,17世纪,福建省,建筑结构体系,穿斗式,0.7
1482,蓝廷珍府第,官府,清,1644,17世纪,福建省,建筑材料,木材,0.8
1482,蓝廷珍府第,官府,清,1644,17世纪,福建省,建筑材料,砖石,0.75
1482,蓝廷珍府第,官府,清,1644,17世纪,福建省,建筑材料,生土,0.7
1482,蓝廷珍府第,官府,清,1644,17世纪,福建省,建筑功能,府第,0.9
1482,蓝廷珍府第,官府,清,1644,17世纪,福建省,建筑功能,官邸,0.85
1482,蓝廷珍府第,官府,清,1644,17世纪,福建省,营造技艺,榫卯结构,0.7
1482,蓝廷珍府第,官府,清,1644,17世纪,福建省,营造技艺,糯米灰浆,0.65
1482,蓝廷珍府第,官府,清,1644,17世纪,福建省,建筑空间布局,围院结构,0.8
1482,蓝廷珍府第,官府,清,1644,17世纪,福建省,建筑空间布局,中轴对称,0.75
1483,九头马民居,民居,清,1796,18世纪,福建省,建筑结构体系,穿斗式,0.93
1483,九头马民居,民居,清,1796,18世纪,福建省,建筑结构体系,抬梁式,0.89
1483,九头马民居,民居,清,1796,18世纪,福建省,建筑结构体系,防火墙,0.95
1483,九头马民居,民居,清,1796,18世纪,福建省,建筑结构体系,高墙围合,0.92
1483,九头马民居,民居,清,1796,18世纪,福建省,建筑材料,杉木,0.98
1483,九头马民居,民居,清,1796,18世纪,福建省,建筑材料,楠木,0.97
1483,九头马民居,民居,清,1796,18世纪,福建省,建筑材料,柯木,0.96
1483,九头马民居,民居,清,1796,18世纪,福建省,建筑材料,石质柱础,0.95
1483,九头马民居,民居,清,1796,18世纪,福建省,建筑功能,五落透后,0.92
1483,九头马民居,民居,清,1796,18世纪,福建省,建筑功能,广场,0.9
1483,九头马民居,民居,清,1796,18世纪,福建省,建筑功能,水井,0.89
1483,九头马民居,民居,清,1796,18世纪,福建省,建筑功能,望楼,0.88
1483,九头马民居,民居,清,1796,18世纪,福建省,营造技艺,木雕,0.94
1483,九头马民居,民居,清,1796,18世纪,福建省,营造技艺,石刻,0.93
1483,九头马民居,民居,清,1796,18世纪,福建省,营造技艺,浮雕,0.92
1483,九头马民居,民居,清,1796,18世纪,福建省,建筑空间布局,五列布局,0.96
1483,九头马民居,民居,清,1796,18世纪,福建省,建筑空间布局,坐北朝南,0.95
1483,九头马民居,民居,清,1796,18世纪,福建省,建筑空间布局,夹弄,0.94
1483,九头马民居,民居,清,1796,18世纪,福建省,建筑空间布局,框门相通,0.92
1483,九头马民居,民居,清,1796,18世纪,福建省,建筑空间布局,方形平面,0.93
1484,亭店杨氏民居,民居,清,1894,19世纪,福建省,建筑结构体系,抬梁式,0.92
1484,亭店杨氏民居,民居,清,1894,19世纪,福建省,建筑结构体系,穿斗式,0.9
1484,亭店杨氏民居,民居,清,1894,19世纪,福建省,建筑结构体系,三进院落,0.95
1484,亭店杨氏民居,民居,清,1894,19世纪,福建省,建筑结构体系,五开间,0.95
1484,亭店杨氏民居,民居,清,1894,19世纪,福建省,建筑结构体系,双护厝,0.95
1484,亭店杨氏民居,民居,清,1894,19世纪,福建省,建筑材料,青石,0.85
1484,亭店杨氏民居,民居,清,1894,19世纪,福建省,建筑材料,砖石,0.8
1484,亭店杨氏民居,民居,清,1894,19世纪,福建省,建筑材料,木材,0.75
1484,亭店杨氏民居,民居,清,1894,19世纪,福建省,建筑材料,生土,0.7
1484,亭店杨氏民居,民居,清,1894,19世纪,福建省,建筑功能,侨商住宅,0.9
1484,亭店杨氏民居,民居,清,1894,19世纪,福建省,建筑功能,民居,0.95
1484,亭店杨氏民居,民居,清,1894,19世纪,福建省,营造技艺,平雕,0.93
1484,亭店杨氏民居,民居,清,1894,19世纪,福建省,营造技艺,浮雕,0.93
1484,亭店杨氏民居,民居,清,1894,19世纪,福建省,营造技艺,透雕,0.93
1484,亭店杨氏民居,民居,清,1894,19世纪,福建省,营造技艺,闽南营造技艺,0.95
1484,亭店杨氏民居,民居,清,1894,19世纪,福建省,建筑空间布局,五开间,0.95
1484,亭店杨氏民居,民居,清,1894,19世纪,福建省,建筑空间布局,三进院落,0.95
1484,亭店杨氏民居,民居,清,1894,19世纪,福建省,建筑空间布局,双护厝,0.95
1484,亭店杨氏民居,民居,清,1894,19世纪,福建省,建筑空间布局,围院结构,0.9
1485,南安林氏民居,民居,清,1908,20世纪,福建省,建筑结构体系,硬山顶,0.95
1485,南安林氏民居,民居,清,1908,20世纪,福建省,建筑结构体系,四合院,0.95
1485,南安林氏民居,民居,清,1908,20世纪,福建省,建筑结构体系,护厝,0.95
1485,南安林氏民居,民居,清,1908,20世纪,福建省,建筑结构体系,角楼,0.9
1485,南安林氏民居,民居,清,1908,20世纪,福建省,建筑材料,泉州红砖,0.9
1485,南安林氏民居,民居,清,1908,20世纪,福建省,建筑材料,进口水泥花砖,0.9
1485,南安林氏民居,民居,清,1908,20世纪,福建省,建筑功能,宗祠,0.95
1485,南安林氏民居,民居,清,1908,20世纪,福建省,建筑功能,住宅,0.95
1485,南安林氏民居,民居,清,1908,20世纪,福建省,建筑功能,书房,0.95
1485,南安林氏民居,民居,清,1908,20世纪,福建省,建筑功能,宗亲纽带,0.9
1485,南安林氏民居,民居,清,1908,20世纪,福建省,营造技艺,南洋风格融合,0.85
1485,南安林氏民居,民居,清,1908,20世纪,福建省,营造技艺,红砖砌筑,0.85
1485,南安林氏民居,民居,清,1908,20世纪,福建省,营造技艺,中西合璧装饰,0.8
1485,南安林氏民居,民居,清,1908,20世纪,福建省,建筑空间布局,坐北朝南,0.95
1485,南安林氏民居,民居,清,1908,20世纪,福建省,建筑空间布局,并列式布局,0.95
1485,南安林氏民居,民居,清,1908,20世纪,福建省,建筑空间布局,石埕,0.95
1485,南安林氏民居,民居,清,1908,20世纪,福建省,建筑空间布局,水塘,0.9
1486,南安中宪第,民居,清,1644,17世纪,福建省,建筑结构体系,穿斗式,0.7
1486,南安中宪第,民居,清,1644,17世纪,福建省,建筑结构体系,抬梁式,0.65
1486,南安中宪第,民居,清,1644,17世纪,福建省,建筑材料,砖石,0.65
1486,南安中宪第,民居,清,1644,17世纪,福建省,建筑材料,木材,0.6
1486,南安中宪第,民居,清,1644,17世纪,福建省,建筑功能,家族宅第,0.85
1486,南安中宪第,民居,清,1644,17世纪,福建省,营造技艺,雕花装饰,0.7
1486,南安中宪第,民居,清,1644,17世纪,福建省,营造技艺,砖木结合,0.65
1486,南安中宪第,民居,清,1644,17世纪,福建省,建筑空间布局,九十九间,0.75
1486,南安中宪第,民居,清,1644,17世纪,福建省,建筑空间布局,围院结构,0.7
1488,玉井坊郑氏大厝,民居,清,1644,17世纪,福建省,建筑结构体系,抬梁式,0.95
1488,玉井坊郑氏大厝,民居,清,1644,17世纪,福建省,建筑结构体系,穿斗式,0.93
1488,玉井坊郑氏大厝,民居,清,1644,17世纪,福建省,建筑材料,木材,0.96
1488,玉井坊郑氏大厝,民居,清,1644,17世纪,福建省,建筑材料,生土,0.92
1488,玉井坊郑氏大厝,民居,清,1644,17世纪,福建省,建筑材料,砖石,0.9
1488,玉井坊郑氏大厝,民居,清,1644,17世纪,福建省,建筑功能,居住,0.88
1488,玉井坊郑氏大厝,民居,清,1644,17世纪,福建省,建筑功能,祭祀,0.85
1488,玉井坊郑氏大厝,民居,清,1644,17世纪,福建省,营造技艺,糯米灰浆,0.91
1488,玉井坊郑氏大厝,民居,清,1644,17世纪,福建省,营造技艺,榫卯结构,0.89
1488,玉井坊郑氏大厝,民居,清,1644,17世纪,福建省,建筑空间布局,围院结构,0.94
1488,玉井坊郑氏大厝,民居,清,1644,17世纪,福建省,建筑空间布局,中轴对称,0.9
1492,凤岐吴氏大宅,民居,清,1736,18世纪,福建省,建筑结构体系,中轴对称格局,0.95
1492,凤岐吴氏大宅,民居,清,1736,18世纪,福建省,建筑结构体系,三进院落,0.93
1492,凤岐吴氏大宅,民居,清,1736,18世纪,福建省,建筑结构体系,三路布局,0.92
1492,凤岐吴氏大宅,民居,清,1736,18世纪,福建省,建筑结构体系,围院结构,0.9
1492,凤岐吴氏大宅,民居,清,1736,18世纪,福建省,建筑材料,原木,0.9
1492,凤岐吴氏大宅,民居,清,1736,18世纪,福建省,建筑材料,原砖,0.9
1492,凤岐吴氏大宅,民居,清,1736,18世纪,福建省,建筑材料,原色材料,0.85
1492,凤岐吴氏大宅,民居,清,1736,18世纪,福建省,建筑功能,一村一屋,0.85
1492,凤岐吴氏大宅,民居,清,1736,18世纪,福建省,建筑功能,主从有序,0.83
1492,凤岐吴氏大宅,民居,清,1736,18世纪,福建省,建筑功能,功能分明,0.82
1492,凤岐吴氏大宅,民居,清,1736,18世纪,福建省,营造技艺,依山就势,0.88
1492,凤岐吴氏大宅,民居,清,1736,18世纪,福建省,营造技艺,围合式营造,0.85
1492,凤岐吴氏大宅,民居,清,1736,18世纪,福建省,营造技艺,中轴对称施工,0.83
1492,凤岐吴氏大宅,民居,清,1736,18世纪,福建省,建筑空间布局,中轴对称格局,0.95
1492,凤岐吴氏大宅,民居,清,1736,18世纪,福建省,建筑空间布局,依山而建,0.94
1492,凤岐吴氏大宅,民居,清,1736,18世纪,福建省,建筑空间布局,前后二院,0.93
1492,凤岐吴氏大宅,民居,清,1736,18世纪,福建省,建筑空间布局,由内向外分布,0.92
1492,凤岐吴氏大宅,民居,清,1736,18世纪,福建省,建筑空间布局,坐东北朝西南,0.9
1497,逢渠桥,桥梁,宋,1098,11世纪,江西省,建筑结构体系,陡拱,0.95
1497,逢渠桥,桥梁,宋,1098,11世纪,江西省,建筑结构体系,纵向单券并列,0.93
1497,逢渠桥,桥梁,宋,1098,11世纪,江西省,建筑结构体系,石拱桥,0.92
1497,逢渠桥,桥梁,宋,1098,11世纪,江西省,建筑材料,花岗石,0.9
1497,逢渠桥,桥梁,宋,1098,11世纪,江西省,建筑材料,矩形石,0.88
1497,逢渠桥,桥梁,宋,1098,11世纪,江西省,建筑功能,纪念性桥梁,0.85
1497,逢渠桥,桥梁,宋,1098,11世纪,江西省,建筑功能,宗教纪念建筑,0.83
1497,逢渠桥,桥梁,宋,1098,11世纪,江西省,营造技艺,石券砌筑,0.9
1497,逢渠桥,桥梁,宋,1098,11世纪,江西省,营造技艺,纵横通缝工艺,0.88
1497,逢渠桥,桥梁,宋,1098,11世纪,江西省,营造技艺,承重拱板构造,0.87
1497,逢渠桥,桥梁,宋,1098,11世纪,江西省,建筑空间布局,单跨布局,0.6
1497,逢渠桥,桥梁,宋,1098,11世纪,江西省,建筑空间布局,线性通道,0.55
1500,万安城墙,官府,宋,1071,11世纪,江西省,建筑结构体系,梯形城墙,0.95
1500,万安城墙,官府,宋,1071,11世纪,江西省,建筑结构体系,垛口结构,0.93
1500,万安城墙,官府,宋,1071,11世纪,江西省,建筑材料,青砖,0.98
1500,万安城墙,官府,宋,1071,11世纪,江西省,建筑材料,红米石,0.98
1500,万安城墙,官府,宋,1071,11世纪,江西省,建筑功能,军事防御,0.92
1500,万安城墙,官府,宋,1071,11世纪,江西省,建筑功能,革命遗址,0.9
1500,万安城墙,官府,宋,1071,11世纪,江西省,营造技艺,一丁一顺砌法,0.92
1500,万安城墙,官府,宋,1071,11世纪,江西省,营造技艺,平摆顺砌,0.9
1500,万安城墙,官府,宋,1071,11世纪,江西省,建筑空间布局,六门布局,0.94
1500,万安城墙,官府,宋,1071,11世纪,江西省,建筑空间布局,临江段城墙,0.93
1500,万安城墙,官府,宋,1071,11世纪,江西省,建筑空间布局,观澜门,0.94
1500,万安城墙,官府,宋,1071,11世纪,江西省,建筑空间布局,五云门,0.94
1501,紫阳堤,桥梁,宋,982,10世纪,江西省,建筑结构体系,石砌堤坝,0.95
1501,紫阳堤,桥梁,宋,982,10世纪,江西省,建筑结构体系,拱洞桥,0.92
1501,紫阳堤,桥梁,宋,982,10世纪,江西省,建筑材料,石条,0.98
1501,紫阳堤,桥梁,宋,982,10世纪,江西省,建筑材料,石材,0.96
1501,紫阳堤,桥梁,宋,982,10世纪,江西省,建筑功能,港口石堤,0.93
1501,紫阳堤,桥梁,宋,982,10世纪,江西省,建筑功能,渔舟通道,0.91
1501,紫阳堤,桥梁,宋,982,10世纪,江西省,营造技艺,石条叠砌,0.85
1501,紫阳堤,桥梁,宋,982,10世纪,江西省,营造技艺,干砌石工,0.82
1501,紫阳堤,桥梁,宋,982,10世纪,江西省,建筑空间布局,弧形堤体,0.9
1501,紫阳堤,桥梁,宋,982,10世纪,江西省,建筑空间布局,石桥连接,0.88
1501,紫阳堤,桥梁,宋,982,10世纪,江西省,建筑空间布局,内港围合,0.85
1503,明园,民居,明,1522,16世纪,江西省,建筑结构体系,三进院落,0.75
1503,明园,民居,明,1522,16世纪,江西省,建筑结构体系,抬梁式,0.65
1503,明园,民居,明,1522,16世纪,江西省,建筑材料,木材,0.4
1503,明园,民居,明,1522,16世纪,江西省,建筑材料,砖石,0.35
1503,明园,民居,明,1522,16世纪,江西省,建筑功能,祠堂,0.9
1503,明园,民居,明,1522,16世纪,江西省,建筑功能,商铺,0.85
1503,明园,民居,明,1522,16世纪,江西省,建筑功能,宅院,0.85
1503,明园,民居,明,1522,16世纪,江西省,营造技艺,明代营造法,0.55
1503,明园,民居,明,1522,16世纪,江西省,营造技艺,传统木构,0.5
1503,明园,民居,明,1522,16世纪,江西省,建筑空间布局,三进布局,0.8
1503,明园,民居,明,1522,16世纪,江西省,建筑空间布局,门厅-享堂-后寝序列,0.75
1503,明园,民居,明,1522,16世纪,江西省,建筑空间布局,中轴对称,0.7
1515,太平桥,桥梁,清,1805,19世纪,江西省,建筑结构体系,拱券结构,0.9
1515,太平桥,桥梁,清,1805,19世纪,江西省,建筑结构体系,双孔石拱,0.85
1515,太平桥,桥梁,清,1805,19世纪,江西省,建筑材料,石拱,0.9
1515,太平桥,桥梁,清,1805,19世纪,江西省,建筑材料,石材,0.85
1515,太平桥,桥梁,清,1805,19世纪,江西省,建筑功能,交通要道,0.95
1515,太平桥,桥梁,清,1805,19世纪,江西省,建筑功能,府际桥梁,0.9
1515,太平桥,桥梁,清,1805,19世纪,江西省,建筑功能,公路桥,0.85
1515,太平桥,桥梁,清,1805,19世纪,江西省,营造技艺,干砌石工,0.8
1515,太平桥,桥梁,清,1805,19世纪,江西省,营造技艺,拱券砌筑,0.85
1515,太平桥,桥梁,清,1805,19世纪,江西省,建筑空间布局,单跨拱桥,0.85
1515,太平桥,桥梁,清,1805,19世纪,江西省,建筑空间布局,矩形平面,0.8
1516,羽琌山馆和云亭别墅,民居,清,1863,19世纪,江西省,建筑结构体系,抬梁式木构架,0.8
1516,羽琌山馆和云亭别墅,民居,清,1863,19世纪,江西省,建筑结构体系,穿斗式木构架,0.75
1516,羽琌山馆和云亭别墅,民居,清,1863,19世纪,江西省,建筑材料,青砖,0.85
1516,羽琌山馆和云亭别墅,民居,清,1863,19世纪,江西省,建筑材料,木材,0.9
1516,羽琌山馆和云亭别墅,民居,清,1863,19世纪,江西省,建筑材料,灰瓦,0.8
1516,羽琌山馆和云亭别墅,民居,清,1863,19世纪,江西省,建筑功能,治经室,0.85
1516,羽琌山馆和云亭别墅,民居,清,1863,19世纪,江西省,建筑功能,宝俭庐,0.85
1516,羽琌山馆和云亭别墅,民居,清,1863,19世纪,江西省,建筑功能,还读楼,0.85
1516,羽琌山馆和云亭别墅,民居,清,1863,19世纪,江西省,建筑功能,恋春阁,0.85
1516,羽琌山馆和云亭别墅,民居,清,1863,19世纪,江西省,建筑功能,磨砚山房,0.85
1516,羽琌山馆和云亭别墅,民居,清,1863,19世纪,江西省,营造技艺,雕花门窗,0.75
1516,羽琌山馆和云亭别墅,民居,清,1863,19世纪,江西省,营造技艺,马头墙砌筑,0.7
1516,羽琌山馆和云亭别墅,民居,清,1863,19世纪,江西省,营造技艺,天井排水系统,0.7
1516,羽琌山馆和云亭别墅,民居,清,1863,19世纪,江西省,建筑空间布局,西庄园,0.9
1516,羽琌山馆和云亭别墅,民居,清,1863,19世纪,江西省,建筑空间布局,东庄园,0.9
1516,羽琌山馆和云亭别墅,民居,清,1863,19世纪,江西省,建筑空间布局,庄园式布局,0.85
1516,羽琌山馆和云亭别墅,民居,清,1863,19世纪,江西省,建筑空间布局,院落组合,0.8
1517,永镇桥,桥梁,清,1652,17世纪,江西省,建筑结构体系,石墩木梁悬臂式廊桥,0.98
1517,永镇桥,桥梁,清,1652,17世纪,江西省,建筑结构体系,三孔二墩二台,0.97
1517,永镇桥,桥梁,清,1652,17世纪,江西省,建筑结构体系,悬臂梁结构,0.96
1517,永镇桥,桥梁,清,1652,17世纪,江西省,建筑材料,花岗岩条石,0.97
1517,永镇桥,桥梁,清,1652,17世纪,江西省,建筑材料,石灰砂浆,0.96
1517,永镇桥,桥梁,清,1652,17世纪,江西省,建筑材料,杉条木,0.95
1517,永镇桥,桥梁,清,1652,17世纪,江西省,建筑功能,桥梁演变实物资料,0.85
1517,永镇桥,桥梁,清,1652,17世纪,江西省,营造技艺,悬臂梁叠建,0.96
1517,永镇桥,桥梁,清,1652,17世纪,江西省,营造技艺,疏排法,0.94
1517,永镇桥,桥梁,清,1652,17世纪,江西省,营造技艺,密排法,0.93
1517,永镇桥,桥梁,清,1652,17世纪,江西省,营造技艺,纵横交错叠梁,0.92
1517,永镇桥,桥梁,清,1652,17世纪,江西省,建筑空间布局,长廊叠梁式屋架,0.92
1517,永镇桥,桥梁,清,1652,17世纪,江西省,建筑空间布局,九间廊屋,0.9
1518,玉带桥,桥梁,清,1644,17世纪,江西省,建筑结构体系,拱券结构,0.95
1518,玉带桥,桥梁,清,1644,17世纪,江西省,建筑结构体系,石拱桥,0.93
1518,玉带桥,桥梁,清,1644,17世纪,江西省,建筑材料,石材,0.96
1518,玉带桥,桥梁,清,1644,17世纪,江西省,建筑材料,青石,0.92
1518,玉带桥,桥梁,清,1644,17世纪,江西省,建筑材料,糯米灰浆,0.85
1518,玉带桥,桥梁,清,1644,17世纪,江西省,建筑功能,交通通行,0.94
1518,玉带桥,桥梁,清,1644,17世纪,江西省,建筑功能,景观装饰,0.88
1518,玉带桥,桥梁,清,1644,17世纪,江西省,营造技艺,干砌法,0.87
1518,玉带桥,桥梁,清,1644,17世纪,江西省,营造技艺,拱券砌筑,0.91
1518,玉带桥,桥梁,清,1644,17世纪,江西省,建筑空间布局,单孔跨河,0.9
1518,玉带桥,桥梁,清,1644,17世纪,江西省,建筑空间布局,弧形桥面,0.89
1521,驿前石屋里民宅,民居,清,1716,18世纪,江西省,建筑结构体系,三厅式,0.95
1521,驿前石屋里民宅,民居,清,1716,18世纪,江西省,建筑结构体系,连幢布局,0.93
1521,驿前石屋里民宅,民居,清,1716,18世纪,江西省,建筑材料,石材,0.98
1521,驿前石屋里民宅,民居,清,1716,18世纪,江西省,建筑材料,青石,0.96
1521,驿前石屋里民宅,民居,清,1716,18世纪,江西省,建筑材料,磨光石砌,0.95
1521,驿前石屋里民宅,民居,清,1716,18世纪,江西省,建筑功能,民居,0.85
1521,驿前石屋里民宅,民居,清,1716,18世纪,江西省,营造技艺,水磨砖铺地,0.92
1521,驿前石屋里民宅,民居,清,1716,18世纪,江西省,营造技艺,暗沟排水,0.9
1521,驿前石屋里民宅,民居,清,1716,18世纪,江西省,营造技艺,石雕盖板,0.89
1521,驿前石屋里民宅,民居,清,1716,18世纪,江西省,建筑空间布局,三进院落,0.96
1521,驿前石屋里民宅,民居,清,1716,18世纪,江西省,建筑空间布局,坐北朝南,0.95
1521,驿前石屋里民宅,民居,清,1716,18世纪,江西省,建筑空间布局,长方形平面,0.94
1521,驿前石屋里民宅,民居,清,1716,18世纪,江西省,建筑空间布局,天井布局,0.93
1527,东生围,民居,清,1842,19世纪,江西省,建筑结构体系,土木结构,0.95
1527,东生围,民居,清,1842,19世纪,江西省,建筑结构体系,全砖结构,0.94
1527,东生围,民居,清,1842,19世纪,江西省,建筑结构体系,实心炮楼,0.93
1527,东生围,民居,清,1842,19世纪,江西省,建筑材料,卵石,0.9
1527,东生围,民居,清,1842,19世纪,江西省,建筑材料,砖,0.88
1527,东生围,民居,清,1842,19世纪,江西省,建筑材料,生土,0.85
1527,东生围,民居,清,1842,19世纪,江西省,建筑功能,防火,0.93
1527,东生围,民居,清,1842,19世纪,江西省,建筑功能,防水,0.93
1527,东生围,民居,清,1842,19世纪,江西省,建筑功能,防盗,0.93
1527,东生围,民居,清,1842,19世纪,江西省,建筑功能,防御外侵,0.92
1527,东生围,民居,清,1842,19世纪,江西省,营造技艺,实心炮楼做法,0.85
1527,东生围,民居,清,1842,19世纪,江西省,营造技艺,围屋营造,0.83
1527,东生围,民居,清,1842,19世纪,江西省,建筑空间布局,回字形布局,0.96
1527,东生围,民居,清,1842,19世纪,江西省,建筑空间布局,九井十八厅,0.95
1527,东生围,民居,清,1842,19世纪,江西省,建筑空间布局,坐东朝西,0.94
1528,金口坝,桥梁,南北朝,514,6世纪,山东省,建筑结构体系,条石砌筑,0.95
1528,金口坝,桥梁,南北朝,514,6世纪,山东省,建筑结构体系,木桩基础,0.95
1528,金口坝,桥梁,南北朝,514,6世纪,山东省,建筑结构体系,五孔闸坝,0.93
1528,金口坝,桥梁,南北朝,514,6世纪,山东省,建筑材料,条石,0.97
1528,金口坝,桥梁,南北朝,514,6世纪,山东省,建筑功能,交通,0.98
1528,金口坝,桥梁,南北朝,514,6世纪,山东省,建筑功能,灌溉,0.98
1528,金口坝,桥梁,南北朝,514,6世纪,山东省,建筑功能,济运,0.98
1528,金口坝,桥梁,南北朝,514,6世纪,山东省,建筑功能,游览,0.96
1528,金口坝,桥梁,南北朝,514,6世纪,山东省,建筑功能,水闸调控,0.95
1528,金口坝,桥梁,南北朝,514,6世纪,山东省,营造技艺,石砌工艺,0.85
1528,金口坝,桥梁,南北朝,514,6世纪,山东省,营造技艺,木桩地基技术,0.83
1528,金口坝,桥梁,南北朝,514,6世纪,山东省,建筑空间布局,东西走向,0.9
1528,金口坝,桥梁,南北朝,514,6世纪,山东省,建筑空间布局,五洞闸门布局,0.88
1539,平阴永济桥,桥梁,明,1500,15世纪,山东省,建筑结构体系,单孔拱券,0.95
1539,平阴永济桥,桥梁,明,1500,15世纪,山东省,建筑结构体系,石拱桥,0.93
1539,平阴永济桥,桥梁,明,1500,15世纪,山东省,建筑材料,青石,0.9
1539,平阴永济桥,桥梁,明,1500,15世纪,山东省,建筑材料,石栏板,0.88
1539,平阴永济桥,桥梁,明,1500,15世纪,山东省,建筑材料,方体望柱,0.85
1539,平阴永济桥,桥梁,明,1500,15世纪,山东省,建筑功能,交通桥梁,0.85
1539,平阴永济桥,桥梁,明,1500,15世纪,山东省,建筑功能,实用与艺术结合,0.82
1539,平阴永济桥,桥梁,明,1500,15世纪,山东省,营造技艺,拱券砌筑,0.8
1539,平阴永济桥,桥梁,明,1500,15世纪,山东省,营造技艺,浮雕装饰,0.78
1539,平阴永济桥,桥梁,明,1500,15世纪,山东省,建筑空间布局,弧形桥面,0.9
1539,平阴永济桥,桥梁,明,1500,15世纪,山东省,建筑空间布局,对称栏板布局,0.87
1539,平阴永济桥,桥梁,明,1500,15世纪,山东省,建筑空间布局,引桥衔接,0.85
1541,衡王府石坊,宫殿,明,1488,15世纪,山东省,建筑结构体系,四柱三间式,0.95
1541,衡王府石坊,宫殿,明,1488,15世纪,山东省,建筑结构体系,石构架,0.9
1541,衡王府石坊,宫殿,明,1488,15世纪,山东省,建筑材料,巨石,0.85
1541,衡王府石坊,宫殿,明,1488,15世纪,山东省,建筑材料,石材,0.8
1541,衡王府石坊,宫殿,明,1488,15世纪,山东省,建筑功能,王府遗存,0.9
1541,衡王府石坊,宫殿,明,1488,15世纪,山东省,建筑功能,纪念建筑,0.88
1541,衡王府石坊,宫殿,明,1488,15世纪,山东省,营造技艺,圆雕,0.95
1541,衡王府石坊,宫殿,明,1488,15世纪,山东省,营造技艺,剔地阳文,0.93
1541,衡王府石坊,宫殿,明,1488,15世纪,山东省,营造技艺,浮雕,0.92
1541,衡王府石坊,宫殿,明,1488,15世纪,山东省,建筑空间布局,对称布局,0.85
1541,衡王府石坊,宫殿,明,1488,15世纪,山东省,建筑空间布局,轴线排列,0.8
1545,大汶口古石桥,桥梁,明,1567,16世纪,山东省,建筑结构体系,石板梁桥,0.95
1545,大汶口古石桥,桥梁,明,1567,16世纪,山东省,建筑结构体系,简支石梁,0.92
1545,大汶口古石桥,桥梁,明,1567,16世纪,山东省,建筑材料,石材,0.9
1545,大汶口古石桥,桥梁,明,1567,16世纪,山东省,建筑材料,石板,0.88
1545,大汶口古石桥,桥梁,明,1567,16世纪,山东省,建筑功能,交通桥梁,0.85
1545,大汶口古石桥,桥梁,明,1567,16世纪,山东省,建筑功能,跨河通道,0.83
1545,大汶口古石桥,桥梁,明,1567,16世纪,山东省,营造技艺,干砌石工,0.6
1545,大汶口古石桥,桥梁,明,1567,16世纪,山东省,营造技艺,石板铺装,0.55
1545,大汶口古石桥,桥梁,明,1567,16世纪,山东省,建筑空间布局,线性布局,0.9
1545,大汶口古石桥,桥梁,明,1567,16世纪,山东省,建筑空间布局,跨河轴线,0.87
1545,大汶口古石桥,桥梁,明,1567,16世纪,山东省,建筑空间布局,南北走向,0.85
1578,襄城城墙,官府,东周,-540,公元前6世纪,河南省,建筑结构体系,夯土城墙,0.95
1578,襄城城墙,官府,东周,-540,公元前6世纪,河南省,建筑结构体系,砖券拱形,0.93
1578,襄城城墙,官府,东周,-540,公元前6世纪,河南省,建筑结构体系,瓮城,0.92
1578,襄城城墙,官府,东周,-540,公元前6世纪,河南省,建筑材料,黄土,0.97
1578,襄城城墙,官府,东周,-540,公元前6世纪,河南省,建筑材料,青砖,0.96
1578,襄城城墙,官府,东周,-540,公元前6世纪,河南省,建筑材料,红石,0.95
1578,襄城城墙,官府,东周,-540,公元前6世纪,河南省,建筑材料,砖石,0.94
1578,襄城城墙,官府,东周,-540,公元前6世纪,河南省,建筑功能,军事防御,0.6
1578,襄城城墙,官府,东周,-540,公元前6世纪,河南省,建筑功能,城池驻守,0.55
1578,襄城城墙,官府,东周,-540,公元前6世纪,河南省,营造技艺,夯土技术,0.9
1578,襄城城墙,官府,东周,-540,公元前6世纪,河南省,营造技艺,砖券砌筑,0.88
1578,襄城城墙,官府,东周,-540,公元前6世纪,河南省,营造技艺,砖石包砌,0.87
1578,襄城城墙,官府,东周,-540,公元前6世纪,河南省,建筑空间布局,瓮城布局,0.85
1578,襄城城墙,官府,东周,-540,公元前6世纪,河南省,建筑空间布局,半圆形瓮城,0.84
1582,永济桥,桥梁,明,1574,16世纪,河南省,建筑结构体系,九孔石桥,0.95
1582,永济桥,桥梁,明,1574,16世纪,河南省,建筑结构体系,分水尖,0.93
1582,永济桥,桥梁,明,1574,16世纪,河南省,建筑结构体系,引桥,0.92
1582,永济桥,桥梁,明,1574,16世纪,河南省,建筑结构体系,涵洞,0.9
1582,永济桥,桥梁,明,1574,16世纪,河南省,建筑材料,长方巨石,0.98
1582,永济桥,桥梁,明,1574,16世纪,河南省,建筑材料,汉白玉,0.97
1582,永济桥,桥梁,明,1574,16世纪,河南省,建筑材料,条形方石,0.96
1582,永济桥,桥梁,明,1574,16世纪,河南省,建筑材料,铸铁,0.94
1582,永济桥,桥梁,明,1574,16世纪,河南省,建筑功能,跨河交通,0.85
1582,永济桥,桥梁,明,1574,16世纪,河南省,建筑功能,破冰防凌,0.84
1582,永济桥,桥梁,明,1574,16世纪,河南省,营造技艺,起拱技法,0.92
1582,永济桥,桥梁,明,1574,16世纪,河南省,营造技艺,石砌拱券,0.9
1582,永济桥,桥梁,明,1574,16世纪,河南省,建筑空间布局,主桥-引桥组合,0.9
1582,永济桥,桥梁,明,1574,16世纪,河南省,建筑空间布局,轴线对称,0.88
1582,永济桥,桥梁,明,1574,16世纪,河南省,建筑空间布局,多孔连拱,0.87
1591,寨卜昌村古建筑群,民居,明,1368,14世纪,河南省,建筑结构体系,干栏式,0.95
1591,寨卜昌村古建筑群,民居,明,1368,14世纪,河南省,建筑结构体系,木结构,0.95
1591,寨卜昌村古建筑群,民居,明,1368,14世纪,河南省,建筑材料,木材,0.9
1591,寨卜昌村古建筑群,民居,明,1368,14世纪,河南省,建筑功能,人畜分居,0.95
1591,寨卜昌村古建筑群,民居,明,1368,14世纪,河南省,建筑功能,居住,0.95
1591,寨卜昌村古建筑群,民居,明,1368,14世纪,河南省,建筑功能,牲畜圈养,0.95
1591,寨卜昌村古建筑群,民居,明,1368,14世纪,河南省,营造技艺,穿斗式构架,0.8
1591,寨卜昌村古建筑群,民居,明,1368,14世纪,河南省,营造技艺,榫卯结构,0.85
1591,寨卜昌村古建筑群,民居,明,1368,14世纪,河南省,营造技艺,木作技艺,0.75
1591,寨卜昌村古建筑群,民居,明,1368,14世纪,河南省,建筑空间布局,背山面水,0.95
1591,寨卜昌村古建筑群,民居,明,1368,14世纪,河南省,建筑空间布局,依山而建,0.95
1591,寨卜昌村古建筑群,民居,明,1368,14世纪,河南省,建筑空间布局,公共活动广场,0.95
1591,寨卜昌村古建筑群,民居,明,1368,14世纪,河南省,建筑空间布局,风雨桥,0.95
1595,密县县衙,官府,隋,616,7世纪,河南省,建筑结构体系,硬山式,0.95
1595,密县县衙,官府,隋,616,7世纪,河南省,建筑结构体系,五进院落,0.93
1595,密县县衙,官府,隋,616,7世纪,河南省,建筑结构体系,卷棚,0.92
1595,密县县衙,官府,隋,616,7世纪,河南省,建筑结构体系,两层阁楼,0.9
1595,密县县衙,官府,隋,616,7世纪,河南省,建筑材料,青砖,0.9
1595,密县县衙,官府,隋,616,7世纪,河南省,建筑材料,灰瓦,0.9
1595,密县县衙,官府,隋,616,7世纪,河南省,建筑材料,砖石,0.88
1595,密县县衙,官府,隋,616,7世纪,河南省,建筑功能,大堂,0.98
1595,密县县衙,官府,隋,616,7世纪,河南省,建筑功能,二堂,0.97
1595,密县县衙,官府,隋,616,7世纪,河南省,建筑功能,三堂,0.96
1595,密县县衙,官府,隋,616,7世纪,河南省,建筑功能,监狱,0.95
1595,密县县衙,官府,隋,616,7世纪,河南省,营造技艺,券洞,0.6
1595,密县县衙,官府,隋,616,7世纪,河南省,营造技艺,甬道排水,0.55
1595,密县县衙,官府,隋,616,7世纪,河南省,建筑空间布局,座北朝南,0.96
1595,密县县衙,官府,隋,616,7世纪,河南省,建筑空间布局,五进院落,0.95
1595,密县县衙,官府,隋,616,7世纪,河南省,建筑空间布局,莲池对称,0.92
1595,密县县衙,官府,隋,616,7世纪,河南省,建筑空间布局,监狱分院,0.9
1601,邓城叶氏庄园,民居,清,1662,17世纪,河南省,建筑结构体系,硬山式,0.95
1601,邓城叶氏庄园,民居,清,1662,17世纪,河南省,建筑结构体系,四合院组群,0.93
1601,邓城叶氏庄园,民居,清,1662,17世纪,河南省,建筑结构体系,三进院落,0.92
1601,邓城叶氏庄园,民居,清,1662,17世纪,河南省,建筑材料,青砖,0.9
1601,邓城叶氏庄园,民居,清,1662,17世纪,河南省,建筑材料,石板,0.88
1601,邓城叶氏庄园,民居,清,1662,17世纪,河南省,建筑材料,手工烧制砖瓦,0.87
1601,邓城叶氏庄园,民居,清,1662,17世纪,河南省,建筑材料,青灰色调材料,0.85
1601,邓城叶氏庄园,民居,清,1662,17世纪,河南省,建筑功能,当铺院,0.85
1601,邓城叶氏庄园,民居,清,1662,17世纪,河南省,建筑功能,粮库,0.84
1601,邓城叶氏庄园,民居,清,1662,17世纪,河南省,建筑功能,民俗博物馆,0.83
1601,邓城叶氏庄园,民居,清,1662,17世纪,河南省,营造技艺,砖雕,0.8
1601,邓城叶氏庄园,民居,清,1662,17世纪,河南省,营造技艺,木刻雕花,0.78
1601,邓城叶氏庄园,民居,清,1662,17世纪,河南省,建筑空间布局,三进堂楼院,0.95
1601,邓城叶氏庄园,民居,清,1662,17世纪,河南省,建筑空间布局,五门照,0.94
1601,邓城叶氏庄园,民居,清,1662,17世纪,河南省,建筑空间布局,高门台,0.93
1601,邓城叶氏庄园,民居,清,1662,17世纪,河南省,建筑空间布局,坐北朝南,0.92
1603,西蒋村马氏庄园,民居,清,1875,19世纪,河南省,建筑结构体系,砖木结构,0.95
1603,西蒋村马氏庄园,民居,清,1875,19世纪,河南省,建筑材料,砖,0.95
1603,西蒋村马氏庄园,民居,清,1875,19世纪,河南省,建筑材料,木材,0.95
1603,西蒋村马氏庄园,民居,清,1875,19世纪,河南省,建筑材料,灰瓦,0.95
1603,西蒋村马氏庄园,民居,清,1875,19世纪,河南省,建筑功能,住宅,0.85
1603,西蒋村马氏庄园,民居,清,1875,19世纪,河南省,建筑功能,教育空间,0.85
1603,西蒋村马氏庄园,民居,清,1875,19世纪,河南省,营造技艺,四合院营造,0.8
1603,西蒋村马氏庄园,民居,清,1875,19世纪,河南省,营造技艺,多路院落布局,0.8
1603,西蒋村马氏庄园,民居,清,1875,19世纪,河南省,营造技艺,传统木构架,0.8
1603,西蒋村马氏庄园,民居,清,1875,19世纪,河南省,建筑空间布局,四合院,0.95
1603,西蒋村马氏庄园,民居,清,1875,19世纪,河南省,建筑空间布局,多路院落,0.95
1603,西蒋村马氏庄园,民居,清,1875,19世纪,河南省,建筑空间布局,三区布局,0.95
1612,杨家湾老屋,民居,清,1787,18世纪,湖北省,建筑结构体系,穿斗式,0.95
1612,杨家湾老屋,民居,清,1787,18世纪,湖北省,建筑结构体系,硬山搁檩式,0.95
1612,杨家湾老屋,民居,清,1787,18世纪,湖北省,建筑材料,砖木混合结构,0.85
1612,杨家湾老屋,民居,清,1787,18世纪,湖北省,建筑材料,木材,0.8
1612,杨家湾老屋,民居,清,1787,18世纪,湖北省,建筑材料,砖,0.75
1612,杨家湾老屋,民居,清,1787,18世纪,湖北省,建筑功能,民居,0.55
1612,杨家湾老屋,民居,清,1787,18世纪,湖北省,营造技艺,穿斗式木构架,0.9
1612,杨家湾老屋,民居,清,1787,18世纪,湖北省,营造技艺,硬山搁檩,0.85
1612,杨家湾老屋,民居,清,1787,18世纪,湖北省,建筑空间布局,对称布局,0.98
1612,杨家湾老屋,民居,清,1787,18世纪,湖北省,建筑空间布局,天井院落,0.95
1612,杨家湾老屋,民居,清,1787,18世纪,湖北省,建筑空间布局,纵深两进,0.93
1612,杨家湾老屋,民居,清,1787,18世纪,湖北省,建筑空间布局,横连十一屋,0.9
1613,百宝寨岩屋,民居,清,1644,17世纪,湖北省,建筑结构体系,岩洞结构,0.85
1613,百宝寨岩屋,民居,清,1644,17世纪,湖北省,建筑结构体系,人工开凿结构,0.83
1613,百宝寨岩屋,民居,清,1644,17世纪,湖北省,建筑结构体系,自然洞穴改建,0.82
1613,百宝寨岩屋,民居,清,1644,17世纪,湖北省,建筑材料,岩石,0.65
1613,百宝寨岩屋,民居,清,1644,17世纪,湖北省,建筑材料,生土,0.55
1613,百宝寨岩屋,民居,清,1644,17世纪,湖北省,建筑功能,防御功能,0.95
1613,百宝寨岩屋,民居,清,1644,17世纪,湖北省,建筑功能,避难功能,0.93
1613,百宝寨岩屋,民居,清,1644,17世纪,湖北省,建筑功能,宗教功能,0.9
1613,百宝寨岩屋,民居,清,1644,17世纪,湖北省,建筑功能,生活功能,0.88
1613,百宝寨岩屋,民居,清,1644,17世纪,湖北省,营造技艺,人工开凿,0.8
1613,百宝寨岩屋,民居,清,1644,17世纪,湖北省,营造技艺,洞穴改建,0.78
1613,百宝寨岩屋,民居,清,1644,17世纪,湖北省,营造技艺,岩壁雕凿,0.75
1613,百宝寨岩屋,民居,清,1644,17世纪,湖北省,建筑空间布局,岩屋群布局,0.9
1613,百宝寨岩屋,民居,清,1644,17世纪,湖北省,建筑空间布局,分散式布局,0.88
1613,百宝寨岩屋,民居,清,1644,17世纪,湖北省,建筑空间布局,多点聚落,0.85
1615,大丰仓,官府,清,1881,19世纪,湖北省,建筑结构体系,木构架,0.95
1615,大丰仓,官府,清,1881,19世纪,湖北省,建筑结构体系,框架结构,0.94
1615,大丰仓,官府,清,1881,19世纪,湖北省,建筑材料,青砖,0.9
1615,大丰仓,官府,清,1881,19世纪,湖北省,建筑材料,黑瓦,0.89
1615,大丰仓,官府,清,1881,19世纪,湖北省,建筑功能,粮仓,0.98
1615,大丰仓,官府,清,1881,19世纪,湖北省,建筑功能,仓储建筑,0.97
1615,大丰仓,官府,清,1881,19世纪,湖北省,营造技艺,通风窗,0.92
1615,大丰仓,官府,清,1881,19世纪,湖北省,营造技艺,百叶窗式通风,0.91
1615,大丰仓,官府,清,1881,19世纪,湖北省,营造技艺,排水沟系统,0.9
1615,大丰仓,官府,清,1881,19世纪,湖北省,建筑空间布局,丁字形布局,0.96
1615,大丰仓,官府,清,1881,19世纪,湖北省,建筑空间布局,主副仓布局,0.95
1618,沈鸿宾故居,民居,清,1896,19世纪,湖北省,建筑结构体系,一进三重,0.95
1618,沈鸿宾故居,民居,清,1896,19世纪,湖北省,建筑结构体系,中轴对称,0.93
1618,沈鸿宾故居,民居,清,1896,19世纪,湖北省,建筑材料,砖石,0.85
1618,沈鸿宾故居,民居,清,1896,19世纪,湖北省,建筑材料,木材,0.82
1618,沈鸿宾故居,民居,清,1896,19世纪,湖北省,建筑功能,涉台文物,0.8
1618,沈鸿宾故居,民居,清,1896,19世纪,湖北省,建筑功能,乡土建筑研究实例,0.78
1618,沈鸿宾故居,民居,清,1896,19世纪,湖北省,营造技艺,飞檐翘尾,0.75
1618,沈鸿宾故居,民居,清,1896,19世纪,湖北省,建筑空间布局,中轴对称布局,0.95
1618,沈鸿宾故居,民居,清,1896,19世纪,湖北省,建筑空间布局,天井院落,0.93
1618,沈鸿宾故居,民居,清,1896,19世纪,湖北省,建筑空间布局,鄂东南民居格局,0.9
1619,王明璠府第,民居,清,1644,17世纪,湖北省,建筑结构体系,抬梁式木构架,0.85
1619,王明璠府第,民居,清,1644,17世纪,湖北省,建筑结构体系,穿斗式木构架,0.75
1619,王明璠府第,民居,清,1644,17世纪,湖北省,建筑材料,砖石,0.55
1619,王明璠府第,民居,清,1644,17世纪,湖北省,建筑材料,木材,0.5
1619,王明璠府第,民居,清,1644,17世纪,湖北省,建筑功能,宗祠,0.75
1619,王明璠府第,民居,清,1644,17世纪,湖北省,建筑功能,府第,0.7
1619,王明璠府第,民居,清,1644,17世纪,湖北省,建筑功能,住宅,0.65
1619,王明璠府第,民居,清,1644,17世纪,湖北省,营造技艺,榫卯结构,0.8
1619,王明璠府第,民居,清,1644,17世纪,湖北省,营造技艺,雕花装饰,0.75
1619,王明璠府第,民居,清,1644,17世纪,湖北省,营造技艺,青砖砌筑,0.7
1619,王明璠府第,民居,清,1644,17世纪,湖北省,建筑空间布局,中轴对称,0.95
1619,王明璠府第,民居,清,1644,17世纪,湖北省,建筑空间布局,棋盘格布局,0.9
1619,王明璠府第,民居,清,1644,17世纪,湖北省,建筑空间布局,多进院落,0.85
1619,王明璠府第,民居,清,1644,17世纪,湖北省,建筑空间布局,座北朝南,0.8
1620,彭家寨古建筑群,民居,清,1644,17世纪,湖北省,建筑结构体系,吊脚楼,0.95
1620,彭家寨古建筑群,民居,清,1644,17世纪,湖北省,建筑结构体系,风雨桥,0.95
1620,彭家寨古建筑群,民居,清,1644,17世纪,湖北省,建筑材料,木材,0.6
1620,彭家寨古建筑群,民居,清,1644,17世纪,湖北省,建筑材料,生土,0.55
1620,彭家寨古建筑群,民居,清,1644,17世纪,湖北省,建筑功能,居住,0.75
1620,彭家寨古建筑群,民居,清,1644,17世纪,湖北省,建筑功能,村落聚居,0.7
1620,彭家寨古建筑群,民居,清,1644,17世纪,湖北省,营造技艺,干栏式营造,0.65
1620,彭家寨古建筑群,民居,清,1644,17世纪,湖北省,营造技艺,榫卯结构,0.6
1620,彭家寨古建筑群,民居,清,1644,17世纪,湖北省,建筑空间布局,依山临水,0.9
1620,彭家寨古建筑群,民居,清,1644,17世纪,湖北省,建筑空间布局,聚落布局,0.85
1620,彭家寨古建筑群,民居,清,1644,17世纪,湖北省,建筑空间布局,吊脚楼群,0.9
1632,龙溪李家大院,民居,明,1498,15世纪,湖南省,建筑结构体系,木构架,0.85
1632,龙溪李家大院,民居,明,1498,15世纪,湖南省,建筑结构体系,穿斗式,0.8
1632,龙溪李家大院,民居,明,1498,15世纪,湖南省,建筑材料,青砖,0.85
1632,龙溪李家大院,民居,明,1498,15世纪,湖南省,建筑材料,木材,0.9
1632,龙溪李家大院,民居,明,1498,15世纪,湖南省,建筑材料,石材,0.8
1632,龙溪李家大院,民居,明,1498,15世纪,湖南省,建筑功能,祠堂,0.85
1632,龙溪李家大院,民居,明,1498,15世纪,湖南省,建筑功能,仓廪,0.85
1632,龙溪李家大院,民居,明,1498,15世纪,湖南省,建筑功能,花厅,0.85
1632,龙溪李家大院,民居,明,1498,15世纪,湖南省,建筑功能,闺房,0.85
1632,龙溪李家大院,民居,明,1498,15世纪,湖南省,建筑功能,囚房,0.85
1632,龙溪李家大院,民居,明,1498,15世纪,湖南省,营造技艺,榫卯结构,0.85
1632,龙溪李家大院,民居,明,1498,15世纪,湖南省,营造技艺,雕花装饰,0.8
1632,龙溪李家大院,民居,明,1498,15世纪,湖南省,建筑空间布局,围院结构,0.9
1632,龙溪李家大院,民居,明,1498,15世纪,湖南省,建筑空间布局,长方形布局,0.9
1632,龙溪李家大院,民居,明,1498,15世纪,湖南省,建筑空间布局,品字书屋,0.9
1632,龙溪李家大院,民居,明,1498,15世纪,湖南省,建筑空间布局,上院下院,0.9
1633,涧岩头周家大院古建筑群,民居,明,1550,16世纪,湖南省,建筑结构体系,木构架,0.85
1633,涧岩头周家大院古建筑群,民居,明,1550,16世纪,湖南省,建筑结构体系,穿斗式,0.75
1633,涧岩头周家大院古建筑群,民居,明,1550,16世纪,湖南省,建筑结构体系,抬梁式,0.7
1633,涧岩头周家大院古建筑群,民居,明,1550,16世纪,湖南省,建筑材料,木材,0.55
1633,涧岩头周家大院古建筑群,民居,明,1550,16世纪,湖南省,建筑材料,砖石,0.55
1633,涧岩头周家大院古建筑群,民居,明,1550,16世纪,湖南省,建筑功能,民居,0.85
1633,涧岩头周家大院古建筑群,民居,明,1550,16世纪,湖南省,营造技艺,砖雕,0.8
1633,涧岩头周家大院古建筑群,民居,明,1550,16世纪,湖南省,营造技艺,木雕,0.75
1633,涧岩头周家大院古建筑群,民居,明,1550,16世纪,湖南省,营造技艺,传统合院营造,0.7
1633,涧岩头周家大院古建筑群,民居,明,1550,16世纪,湖南省,建筑空间布局,北斗七星状布局,0.95
1633,涧岩头周家大院古建筑群,民居,明,1550,16世纪,湖南省,建筑空间布局,宅院组合,0.9
1635,濂溪故里古建筑群,民居,明,1368,14世纪,湖南省,建筑结构体系,天井式院落,0.95
1635,濂溪故里古建筑群,民居,明,1368,14世纪,湖南省,建筑材料,青砖,0.9
1635,濂溪故里古建筑群,民居,明,1368,14世纪,湖南省,建筑材料,清水墙,0.85
1635,濂溪故里古建筑群,民居,明,1368,14世纪,湖南省,建筑功能,门楼,0.85
1635,濂溪故里古建筑群,民居,明,1368,14世纪,湖南省,建筑功能,祠堂,0.85
1635,濂溪故里古建筑群,民居,明,1368,14世纪,湖南省,建筑功能,爱莲堂,0.8
1635,濂溪故里古建筑群,民居,明,1368,14世纪,湖南省,营造技艺,木构架,0.8
1635,濂溪故里古建筑群,民居,明,1368,14世纪,湖南省,营造技艺,砖木结构,0.75
1635,濂溪故里古建筑群,民居,明,1368,14世纪,湖南省,营造技艺,石刻工艺,0.7
1635,濂溪故里古建筑群,民居,明,1368,14世纪,湖南省,建筑空间布局,四房三门格局,0.95
1635,濂溪故里古建筑群,民居,明,1368,14世纪,湖南省,建筑空间布局,门楼组团聚居,0.9
1635,濂溪故里古建筑群,民居,明,1368,14世纪,湖南省,建筑空间布局,五横一纵路网,0.9
1639,龙家大院,民居,宋,1078,11世纪,湖南省,建筑结构体系,穿斗式木构架,0.85
1639,龙家大院,民居,宋,1078,11世纪,湖南省,建筑结构体系,抬梁式木构架,0.8
1639,龙家大院,民居,宋,1078,11世纪,湖南省,建筑结构体系,砖木混合结构,0.85
1639,龙家大院,民居,宋,1078,11世纪,湖南省,建筑材料,木材,0.75
1639,龙家大院,民居,宋,1078,11世纪,湖南省,建筑材料,石材,0.75
1639,龙家大院,民居,宋,1078,11世纪,湖南省,建筑材料,泥塑材料,0.7
1639,龙家大院,民居,宋,1078,11世纪,湖南省,建筑材料,彩绘颜料,0.7
1639,龙家大院,民居,宋,1078,11世纪,湖南省,建筑功能,私塾,0.9
1639,龙家大院,民居,宋,1078,11世纪,湖南省,建筑功能,书楼,0.9
1639,龙家大院,民居,宋,1078,11世纪,湖南省,建筑功能,长工房,0.9
1639,龙家大院,民居,宋,1078,11世纪,湖南省,建筑功能,库房,0.9
1639,龙家大院,民居,宋,1078,11世纪,湖南省,建筑功能,马厩,0.85
1639,龙家大院,民居,宋,1078,11世纪,湖南省,营造技艺,木雕,0.8
1639,龙家大院,民居,宋,1078,11世纪,湖南省,营造技艺,石刻,0.8
1639,龙家大院,民居,宋,1078,11世纪,湖南省,营造技艺,泥塑,0.8
1639,龙家大院,民居,宋,1078,11世纪,湖南省,营造技艺,彩绘,0.8
1639,龙家大院,民居,宋,1078,11世纪,湖南省,建筑空间布局,围院结构,0.85
1639,龙家大院,民居,宋,1078,11世纪,湖南省,建筑空间布局,堂屋,0.8
1639,龙家大院,民居,宋,1078,11世纪,湖南省,建筑空间布局,亭,0.8
1639,龙家大院,民居,宋,1078,11世纪,湖南省,建筑空间布局,榭楼,0.8
1639,龙家大院,民居,宋,1078,11世纪,湖南省,建筑空间布局,池塘布局,0.75
1645,荫家堂,民居,清,1823,19世纪,湖南省,建筑结构体系,砖木结构,0.95
1645,荫家堂,民居,清,1823,19世纪,湖南省,建筑结构体系,外庭院内天井,0.93
1645,荫家堂,民居,清,1823,19世纪,湖南省,建筑结构体系,封火山墙,0.85
1645,荫家堂,民居,清,1823,19世纪,湖南省,建筑材料,青砖,0.92
1645,荫家堂,民居,清,1823,19世纪,湖南省,建筑材料,木材,0.9
1645,荫家堂,民居,清,1823,19世纪,湖南省,建筑材料,石材,0.88
1645,荫家堂,民居,清,1823,19世纪,湖南省,建筑材料,糯米灰浆,0.8
1645,荫家堂,民居,清,1823,19世纪,湖南省,建筑功能,祠堂,0.96
1645,荫家堂,民居,清,1823,19世纪,湖南省,建筑功能,天井采光通风,0.94
1645,荫家堂,民居,清,1823,19世纪,湖南省,建筑功能,家族祭祀,0.95
1645,荫家堂,民居,清,1823,19世纪,湖南省,建筑功能,公共交流空间,0.9
1645,荫家堂,民居,清,1823,19世纪,湖南省,营造技艺,四水归堂,0.87
1645,荫家堂,民居,清,1823,19世纪,湖南省,营造技艺,原工艺修缮,0.85
1645,荫家堂,民居,清,1823,19世纪,湖南省,营造技艺,天井排水系统,0.83
1645,荫家堂,民居,清,1823,19世纪,湖南省,建筑空间布局,纵四进横十一排,0.98
1645,荫家堂,民居,清,1823,19世纪,湖南省,建筑空间布局,中轴对称,0.96
1645,荫家堂,民居,清,1823,19世纪,湖南省,建筑空间布局,天井院落群,0.94
1645,荫家堂,民居,清,1823,19世纪,湖南省,建筑空间布局,连廊交通系统,0.92
1655,兵书阁与文星桥,桥梁,清,1664,17世纪,湖南省,建筑结构体系,木构架,0.85
1655,兵书阁与文星桥,桥梁,清,1664,17世纪,湖南省,建筑结构体系,穿斗式,0.75
1655,兵书阁与文星桥,桥梁,清,1664,17世纪,湖南省,建筑材料,石材,0.55
1655,兵书阁与文星桥,桥梁,清,1664,17世纪,湖南省,建筑材料,木材,0.55
1655,兵书阁与文星桥,桥梁,清,1664,17世纪,湖南省,建筑功能,交通枢纽,0.55
1655,兵书阁与文星桥,桥梁,清,1664,17世纪,湖南省,建筑功能,历史文化名城,0.55
1655,兵书阁与文星桥,桥梁,清,1664,17世纪,湖南省,营造技艺,榫卯结构,0.85
1655,兵书阁与文星桥,桥梁,清,1664,17世纪,湖南省,营造技艺,雕花装饰,0.8
1655,兵书阁与文星桥,桥梁,清,1664,17世纪,湖南省,建筑空间布局,轴线对称,0.8
1655,兵书阁与文星桥,桥梁,清,1664,17世纪,湖南省,建筑空间布局,院落组合,0.75
1656,广利桥,桥梁,清,1773,18世纪,湖南省,建筑结构体系,三拱廊桥,0.95
1656,广利桥,桥梁,清,1773,18世纪,湖南省,建筑结构体系,木结构,0.95
1656,广利桥,桥梁,清,1773,18世纪,湖南省,建筑结构体系,石砌拱,0.93
1656,广利桥,桥梁,清,1773,18世纪,湖南省,建筑材料,青石条,0.97
1656,广利桥,桥梁,清,1773,18世纪,湖南省,建筑材料,填土,0.95
1656,广利桥,桥梁,清,1773,18世纪,湖南省,建筑功能,交通通行,0.85
1656,广利桥,桥梁,清,1773,18世纪,湖南省,建筑功能,济民便民,0.83
1656,广利桥,桥梁,清,1773,18世纪,湖南省,营造技艺,金鸡脚,0.96
1656,广利桥,桥梁,清,1773,18世纪,湖南省,营造技艺,豆腐腰,0.96
1656,广利桥,桥梁,清,1773,18世纪,湖南省,营造技艺,薄拱脚,0.94
1656,广利桥,桥梁,清,1773,18世纪,湖南省,营造技艺,尖钩状迎水,0.92
1656,广利桥,桥梁,清,1773,18世纪,湖南省,建筑空间布局,东西走向,0.9
1656,广利桥,桥梁,清,1773,18世纪,湖南省,建筑空间布局,三跨布局,0.88
1656,广利桥,桥梁,清,1773,18世纪,湖南省,建筑空间布局,廊道式,0.87
1659,王船山故居及墓,民居,清,1675,17世纪,湖南省,建筑结构体系,砖木结构,0.95
1659,王船山故居及墓,民居,清,1675,17世纪,湖南省,建筑结构体系,一进三间,0.9
1659,王船山故居及墓,民居,清,1675,17世纪,湖南省,建筑材料,砖,0.9
1659,王船山故居及墓,民居,清,1675,17世纪,湖南省,建筑材料,木材,0.9
1659,王船山故居及墓,民居,清,1675,17世纪,湖南省,建筑材料,汉白玉,0.85
1659,王船山故居及墓,民居,清,1675,17世纪,湖南省,建筑功能,居所,0.95
1659,王船山故居及墓,民居,清,1675,17世纪,湖南省,建筑功能,书房,0.9
1659,王船山故居及墓,民居,清,1675,17世纪,湖南省,建筑功能,堂屋,0.9
1659,王船山故居及墓,民居,清,1675,17世纪,湖南省,营造技艺,传统湘南民居营造法,0.85
1659,王船山故居及墓,民居,清,1675,17世纪,湖南省,营造技艺,砖木榫卯工艺,0.8
1659,王船山故居及墓,民居,清,1675,17世纪,湖南省,建筑空间布局,坐北朝南,0.95
1659,王船山故居及墓,民居,清,1675,17世纪,湖南省,建筑空间布局,一进三间,0.95
1659,王船山故居及墓,民居,清,1675,17世纪,湖南省,建筑空间布局,左居室右书房,0.9
1660,田家大院,民居,宋,1044,11世纪,湖南省,建筑结构体系,天井式四合院,0.95
1660,田家大院,民居,宋,1044,11世纪,湖南省,建筑结构体系,封火墙建筑,0.95
1660,田家大院,民居,宋,1044,11世纪,湖南省,建筑材料,砖木结构,0.9
1660,田家大院,民居,宋,1044,11世纪,湖南省,建筑材料,砖,0.85
1660,田家大院,民居,宋,1044,11世纪,湖南省,建筑材料,木材,0.85
1660,田家大院,民居,宋,1044,11世纪,湖南省,建筑功能,故居,0.85
1660,田家大院,民居,宋,1044,11世纪,湖南省,建筑功能,书院,0.8
1660,田家大院,民居,宋,1044,11世纪,湖南省,营造技艺,穿斗式构架,0.75
1660,田家大院,民居,宋,1044,11世纪,湖南省,营造技艺,封火墙砌筑,0.7
1660,田家大院,民居,宋,1044,11世纪,湖南省,营造技艺,天井排水系统,0.7
1660,田家大院,民居,宋,1044,11世纪,湖南省,建筑空间布局,坐北朝南,0.9
1660,田家大院,民居,宋,1044,11世纪,湖南省,建筑空间布局,东西对称,0.9
1660,田家大院,民居,宋,1044,11世纪,湖南省,建筑空间布局,天井式,0.85
1660,田家大院,民居,宋,1044,11世纪,湖南省,建筑空间布局,四合院布局,0.85
1661,安化风雨桥,桥梁,清,1644,17世纪,湖南省,建筑结构体系,木构廊桥,0.8
1661,安化风雨桥,桥梁,清,1644,17世纪,湖南省,建筑结构体系,抬梁式,0.65
1661,安化风雨桥,桥梁,清,1644,17世纪,湖南省,建筑材料,木材,0.55
1661,安化风雨桥,桥梁,清,1644,17世纪,湖南省,建筑材料,砖石,0.45
1661,安化风雨桥,桥梁,清,1644,17世纪,湖南省,建筑功能,交通连接,0.6
1661,安化风雨桥,桥梁,清,1644,17世纪,湖南省,建筑功能,遮风避雨,0.55
1661,安化风雨桥,桥梁,清,1644,17世纪,湖南省,建筑功能,村落节点,0.5
1661,安化风雨桥,桥梁,清,1644,17世纪,湖南省,营造技艺,榫卯结构,0.75
1661,安化风雨桥,桥梁,清,1644,17世纪,湖南省,营造技艺,穿斗式构架,0.7
1661,安化风雨桥,桥梁,清,1644,17世纪,湖南省,建筑空间布局,分散布局,0.5
1661,安化风雨桥,桥梁,清,1644,17世纪,湖南省,建筑空间布局,跨水设桥,0.5
1662,石堰坪古建筑群,民居,清,1644,17世纪,湖南省,建筑结构体系,穿斗式,0.95
1662,石堰坪古建筑群,民居,清,1644,17世纪,湖南省,建筑结构体系,吊脚楼,0.94
1662,石堰坪古建筑群,民居,清,1644,17世纪,湖南省,建筑材料,青石,0.85
1662,石堰坪古建筑群,民居,清,1644,17世纪,湖南省,建筑材料,小青瓦,0.84
1662,石堰坪古建筑群,民居,清,1644,17世纪,湖南省,建筑材料,木材,0.83
1662,石堰坪古建筑群,民居,清,1644,17世纪,湖南省,建筑功能,上人下畜,0.9
1662,石堰坪古建筑群,民居,清,1644,17世纪,湖南省,营造技艺,雕瓜柱,0.93
1662,石堰坪古建筑群,民居,清,1644,17世纪,湖南省,营造技艺,挑出檐,0.92
1662,石堰坪古建筑群,民居,清,1644,17世纪,湖南省,营造技艺,刻齐筒,0.91
1662,石堰坪古建筑群,民居,清,1644,17世纪,湖南省,营造技艺,画看梁,0.9
1662,石堰坪古建筑群,民居,清,1644,17世纪,湖南省,建筑空间布局,依山就势,0.96
1662,石堰坪古建筑群,民居,清,1644,17世纪,湖南省,建筑空间布局,集中成片,0.95
1662,石堰坪古建筑群,民居,清,1644,17世纪,湖南省,建筑空间布局,无固定朝向,0.94
1667,潮州老城古民居建筑群,民居,明,1368,14世纪,广东省,建筑结构体系,四点金,0.95
1667,潮州老城古民居建筑群,民居,明,1368,14世纪,广东省,建筑结构体系,驷马拖车,0.95
1667,潮州老城古民居建筑群,民居,明,1368,14世纪,广东省,建筑材料,木材,0.9
1667,潮州老城古民居建筑群,民居,明,1368,14世纪,广东省,建筑材料,石雕,0.9
1667,潮州老城古民居建筑群,民居,明,1368,14世纪,广东省,建筑材料,灰塑,0.9
1667,潮州老城古民居建筑群,民居,明,1368,14世纪,广东省,建筑材料,嵌瓷,0.9
1667,潮州老城古民居建筑群,民居,明,1368,14世纪,广东省,建筑材料,金漆木雕,0.9
1667,潮州老城古民居建筑群,民居,明,1368,14世纪,广东省,建筑功能,从厝,0.85
1667,潮州老城古民居建筑群,民居,明,1368,14世纪,广东省,建筑功能,火巷,0.85
1667,潮州老城古民居建筑群,民居,明,1368,14世纪,广东省,建筑功能,后包,0.85
1667,潮州老城古民居建筑群,民居,明,1368,14世纪,广东省,建筑功能,书斋,0.85
1667,潮州老城古民居建筑群,民居,明,1368,14世纪,广东省,建筑功能,花园,0.85
1667,潮州老城古民居建筑群,民居,明,1368,14世纪,广东省,营造技艺,金漆木雕,0.9
1667,潮州老城古民居建筑群,民居,明,1368,14世纪,广东省,营造技艺,石雕,0.9
1667,潮州老城古民居建筑群,民居,明,1368,14世纪,广东省,营造技艺,灰塑,0.9
1667,潮州老城古民居建筑群,民居,明,1368,14世纪,广东省,营造技艺,嵌瓷,0.9
1667,潮州老城古民居建筑群,民居,明,1368,14世纪,广东省,营造技艺,彩画,0.9
1667,潮州老城古民居建筑群,民居,明,1368,14世纪,广东省,建筑空间布局,主体院落,0.95
1667,潮州老城古民居建筑群,民居,明,1368,14世纪,广东省,建筑空间布局,从厝,0.95
1667,潮州老城古民居建筑群,民居,明,1368,14世纪,广东省,建筑空间布局,火巷,0.95
1667,潮州老城古民居建筑群,民居,明,1368,14世纪,广东省,建筑空间布局,后包,0.95
1667,潮州老城古民居建筑群,民居,明,1368,14世纪,广东省,建筑空间布局,书斋,0.95
1668,镇海楼与广州明城墙,官府,明,1380,14世纪,广东省,建筑结构体系,歇山顶,0.96
1668,镇海楼与广州明城墙,官府,明,1380,14世纪,广东省,建筑结构体系,复檐五层,0.95
1668,镇海楼与广州明城墙,官府,明,1380,14世纪,广东省,建筑结构体系,长方体状楼体,0.93
1668,镇海楼与广州明城墙,官府,明,1380,14世纪,广东省,建筑结构体系,青砖墙,0.92
1668,镇海楼与广州明城墙,官府,明,1380,14世纪,广东省,建筑结构体系,红石砌筑,0.94
1668,镇海楼与广州明城墙,官府,明,1380,14世纪,广东省,建筑材料,红砂岩,0.98
1668,镇海楼与广州明城墙,官府,明,1380,14世纪,广东省,建筑材料,青砖,0.97
1668,镇海楼与广州明城墙,官府,明,1380,14世纪,广东省,建筑材料,绿琉璃瓦,0.95
1668,镇海楼与广州明城墙,官府,明,1380,14世纪,广东省,建筑材料,石湾鳌鱼花脊,0.92
1668,镇海楼与广州明城墙,官府,明,1380,14世纪,广东省,建筑功能,军事防御,0.95
1668,镇海楼与广州明城墙,官府,明,1380,14世纪,广东省,建筑功能,博物院,0.93
1668,镇海楼与广州明城墙,官府,明,1380,14世纪,广东省,建筑功能,历史陈列,0.92
1668,镇海楼与广州明城墙,官府,明,1380,14世纪,广东省,营造技艺,逐层递减墙体,0.65
1668,镇海楼与广州明城墙,官府,明,1380,14世纪,广东省,营造技艺,红石基础砌筑,0.62
1668,镇海楼与广州明城墙,官府,明,1380,14世纪,广东省,营造技艺,青砖上层砌筑,0.6
1668,镇海楼与广州明城墙,官府,明,1380,14世纪,广东省,建筑空间布局,坐北朝南,0.94
1668,镇海楼与广州明城墙,官府,明,1380,14世纪,广东省,建筑空间布局,长方形平面,0.93
1668,镇海楼与广州明城墙,官府,明,1380,14世纪,广东省,建筑空间布局,中轴线起点,0.91
1668,镇海楼与广州明城墙,官府,明,1380,14世纪,广东省,建筑空间布局,敞开式正立面,0.9
1672,清晖园,民居,明,1621,17世纪,广东省,建筑结构体系,轻巧灵活结构,0.95
1672,清晖园,民居,明,1621,17世纪,广东省,建筑结构体系,开敞通透布局,0.94
1672,清晖园,民居,明,1621,17世纪,广东省,建筑结构体系,前疏后密结构,0.93
1672,清晖园,民居,明,1621,17世纪,广东省,建筑结构体系,前低后高布局,0.92
1672,清晖园,民居,明,1621,17世纪,广东省,建筑材料,镂空木雕花板,0.9
1672,清晖园,民居,明,1621,17世纪,广东省,建筑材料,砖雕,0.89
1672,清晖园,民居,明,1621,17世纪,广东省,建筑材料,灰雕,0.88
1672,清晖园,民居,明,1621,17世纪,广东省,建筑材料,古树名木,0.87
1672,清晖园,民居,明,1621,17世纪,广东省,建筑功能,日常生活起居,0.93
1672,清晖园,民居,明,1621,17世纪,广东省,建筑功能,府邸宅园,0.91
1672,清晖园,民居,明,1621,17世纪,广东省,建筑功能,庭院居住空间,0.9
1672,清晖园,民居,明,1621,17世纪,广东省,营造技艺,镂空木雕,0.92
1672,清晖园,民居,明,1621,17世纪,广东省,营造技艺,砖雕工艺,0.91
1672,清晖园,民居,明,1621,17世纪,广东省,营造技艺,灰雕技艺,0.9
1672,清晖园,民居,明,1621,17世纪,广东省,营造技艺,园林融合技法,0.89
1672,清晖园,民居,明,1621,17世纪,广东省,建筑空间布局,三区布局,0.97
1672,清晖园,民居,明,1621,17世纪,广东省,建筑空间布局,水庭中心布局,0.96
1672,清晖园,民居,明,1621,17世纪,广东省,建筑空间布局,主次分明空间,0.95
1672,清晖园,民居,明,1621,17世纪,广东省,建筑空间布局,曲廊小桥串联,0.94
1672,清晖园,民居,明,1621,17世纪,广东省,建筑空间布局,巷院兼通结构,0.93
1673,长围村围屋,民居,清,1855,19世纪,广东省,建筑结构体系,围院结构,0.95
1673,长围村围屋,民居,清,1855,19世纪,广东省,建筑结构体系,长方形结构,0.94
1673,长围村围屋,民居,清,1855,19世纪,广东省,建筑材料,河石,0.93
1673,长围村围屋,民居,清,1855,19世纪,广东省,建筑材料,青砖,0.93
1673,长围村围屋,民居,清,1855,19世纪,广东省,建筑材料,瓦木,0.92
1673,长围村围屋,民居,清,1855,19世纪,广东省,建筑功能,祖堂,0.9
1673,长围村围屋,民居,清,1855,19世纪,广东省,建筑功能,民居,0.89
1673,长围村围屋,民居,清,1855,19世纪,广东省,建筑功能,围楼,0.88
1673,长围村围屋,民居,清,1855,19世纪,广东省,营造技艺,天井排水,0.87
1673,长围村围屋,民居,清,1855,19世纪,广东省,营造技艺,靠栏构造,0.85
1673,长围村围屋,民居,清,1855,19世纪,广东省,营造技艺,青砖铺地,0.84
1673,长围村围屋,民居,清,1855,19世纪,广东省,建筑空间布局,坐北向南,0.92
1673,长围村围屋,民居,清,1855,19世纪,广东省,建筑空间布局,三厅二井,0.91
1673,长围村围屋,民居,清,1855,19世纪,广东省,建筑空间布局,二厅四房,0.9
1673,长围村围屋,民居,清,1855,19世纪,广东省,建筑空间布局,天井布局,0.89
1677,永宁州城城墙,官府,明,1477,15世纪,广西壮族自治区,建筑结构体系,石砌城墙,0.95
1677,永宁州城城墙,官府,明,1477,15世纪,广西壮族自治区,建筑结构体系,矩形平面,0.93
1677,永宁州城城墙,官府,明,1477,15世纪,广西壮族自治区,建筑材料,料石,0.98
1677,永宁州城城墙,官府,明,1477,15世纪,广西壮族自治区,建筑材料,石城,0.96
1677,永宁州城城墙,官府,明,1477,15世纪,广西壮族自治区,建筑功能,州城,0.92
1677,永宁州城城墙,官府,明,1477,15世纪,广西壮族自治区,建筑功能,县城,0.9
1677,永宁州城城墙,官府,明,1477,15世纪,广西壮族自治区,营造技艺,土城始建,0.85
1677,永宁州城城墙,官府,明,1477,15世纪,广西壮族自治区,营造技艺,石城改筑,0.87
1677,永宁州城城墙,官府,明,1477,15世纪,广西壮族自治区,建筑空间布局,四门制,0.93
1677,永宁州城城墙,官府,明,1477,15世纪,广西壮族自治区,建筑空间布局,矩形城池,0.91
1678,大芦村古建筑群,民居,明,1522,16世纪,广西壮族自治区,建筑结构体系,木构架体系,0.85
1678,大芦村古建筑群,民居,明,1522,16世纪,广西壮族自治区,建筑结构体系,穿斗式结构,0.8
1678,大芦村古建筑群,民居,明,1522,16世纪,广西壮族自治区,建筑材料,青砖,0.88
1678,大芦村古建筑群,民居,明,1522,16世纪,广西壮族自治区,建筑材料,灰瓦,0.85
1678,大芦村古建筑群,民居,明,1522,16世纪,广西壮族自治区,建筑材料,木材,0.9
1678,大芦村古建筑群,民居,明,1522,16世纪,广西壮族自治区,建筑功能,宗法制度载体,0.85
1678,大芦村古建筑群,民居,明,1522,16世纪,广西壮族自治区,建筑功能,民间艺术研究对象,0.82
1678,大芦村古建筑群,民居,明,1522,16世纪,广西壮族自治区,建筑功能,风土习俗实证,0.8
1678,大芦村古建筑群,民居,明,1522,16世纪,广西壮族自治区,营造技艺,古代营造法式,0.75
1678,大芦村古建筑群,民居,明,1522,16世纪,广西壮族自治区,营造技艺,岭南传统工艺,0.7
1678,大芦村古建筑群,民居,明,1522,16世纪,广西壮族自治区,建筑空间布局,院落式布局,0.9
1678,大芦村古建筑群,民居,明,1522,16世纪,广西壮族自治区,建筑空间布局,岭南建筑风格,0.88
1678,大芦村古建筑群,民居,明,1522,16世纪,广西壮族自治区,建筑空间布局,严谨对称布局,0.85
1679,富川瑶族风雨桥群,桥梁,明,1573,16世纪,广西壮族自治区,建筑结构体系,石拱木构,0.95
1679,富川瑶族风雨桥群,桥梁,明,1573,16世纪,广西壮族自治区,建筑结构体系,廊屋亭阁一体,0.93
1679,富川瑶族风雨桥群,桥梁,明,1573,16世纪,广西壮族自治区,建筑材料,石材,0.9
1679,富川瑶族风雨桥群,桥梁,明,1573,16世纪,广西壮族自治区,建筑材料,木材,0.88
1679,富川瑶族风雨桥群,桥梁,明,1573,16世纪,广西壮族自治区,建筑功能,遮风挡雨,0.95
1679,富川瑶族风雨桥群,桥梁,明,1573,16世纪,广西壮族自治区,建筑功能,交通通行,0.92
1679,富川瑶族风雨桥群,桥梁,明,1573,16世纪,广西壮族自治区,建筑功能,景观点缀,0.9
1679,富川瑶族风雨桥群,桥梁,明,1573,16世纪,广西壮族自治区,营造技艺,石拱砌筑,0.87
1679,富川瑶族风雨桥群,桥梁,明,1573,16世纪,广西壮族自治区,营造技艺,木构榫卯,0.85
1679,富川瑶族风雨桥群,桥梁,明,1573,16世纪,广西壮族自治区,营造技艺,廊亭一体营造,0.82
1679,富川瑶族风雨桥群,桥梁,明,1573,16世纪,广西壮族自治区,建筑空间布局,廊屋亭阁一体,0.85
1679,富川瑶族风雨桥群,桥梁,明,1573,16世纪,广西壮族自治区,建筑空间布局,跨河布局,0.83
1682,惠爱桥,桥梁,清,1644,17世纪,广西壮族自治区,建筑结构体系,石拱桥,0.7
1682,惠爱桥,桥梁,清,1644,17世纪,广西壮族自治区,建筑材料,石材,0.7
1682,惠爱桥,桥梁,清,1644,17世纪,广西壮族自治区,建筑功能,古建筑,0.6
1682,惠爱桥,桥梁,清,1644,17世纪,广西壮族自治区,建筑功能,历史纪念建筑物,0.6
1682,惠爱桥,桥梁,清,1644,17世纪,广西壮族自治区,营造技艺,拱券砌筑,0.65
1682,惠爱桥,桥梁,清,1644,17世纪,广西壮族自治区,建筑空间布局,西门外,0.5
1705,乡城夯土碉楼,民居,明,1368,14世纪,四川省,建筑结构体系,碉楼结构,0.9
1705,乡城夯土碉楼,民居,明,1368,14世纪,四川省,建筑结构体系,高层防御塔式结构,0.85
1705,乡城夯土碉楼,民居,明,1368,14世纪,四川省,建筑材料,生土,0.95
1705,乡城夯土碉楼,民居,明,1368,14世纪,四川省,建筑材料,砖,0.95
1705,乡城夯土碉楼,民居,明,1368,14世纪,四川省,建筑材料,石,0.95
1705,乡城夯土碉楼,民居,明,1368,14世纪,四川省,建筑材料,混凝土,0.95
1705,乡城夯土碉楼,民居,明,1368,14世纪,四川省,建筑功能,防卫,0.98
1705,乡城夯土碉楼,民居,明,1368,14世纪,四川省,建筑功能,居住,0.98
1705,乡城夯土碉楼,民居,明,1368,14世纪,四川省,营造技艺,夯土技术,0.92
1705,乡城夯土碉楼,民居,明,1368,14世纪,四川省,营造技艺,中西合璧营造法,0.85
1705,乡城夯土碉楼,民居,明,1368,14世纪,四川省,建筑空间布局,开敞空间,0.85
1705,乡城夯土碉楼,民居,明,1368,14世纪,四川省,建筑空间布局,居楼布局,0.85
1714,泸县龙桥群,桥梁,明,1368,14世纪,四川省,建筑结构体系,石梁桥,0.95
1714,泸县龙桥群,桥梁,明,1368,14世纪,四川省,建筑结构体系,桥头堡结构,0.93
1714,泸县龙桥群,桥梁,明,1368,14世纪,四川省,建筑结构体系,墩梁式,0.9
1714,泸县龙桥群,桥梁,明,1368,14世纪,四川省,建筑材料,条石,0.92
1714,泸县龙桥群,桥梁,明,1368,14世纪,四川省,建筑材料,石板,0.9
1714,泸县龙桥群,桥梁,明,1368,14世纪,四川省,建筑材料,粗凿石材,0.88
1714,泸县龙桥群,桥梁,明,1368,14世纪,四川省,建筑功能,防滑加固,0.85
1714,泸县龙桥群,桥梁,明,1368,14世纪,四川省,建筑功能,桥梁防护,0.82
1714,泸县龙桥群,桥梁,明,1368,14世纪,四川省,建筑功能,交通连接,0.8
1714,泸县龙桥群,桥梁,明,1368,14世纪,四川省,营造技艺,无榫卯干砌,0.87
1714,泸县龙桥群,桥梁,明,1368,14世纪,四川省,营造技艺,凹槽嵌梁,0.85
1714,泸县龙桥群,桥梁,明,1368,14世纪,四川省,营造技艺,石面糙凿,0.83
1714,泸县龙桥群,桥梁,明,1368,14世纪,四川省,建筑空间布局,依地形布桥,0.78
1714,泸县龙桥群,桥梁,明,1368,14世纪,四川省,建筑空间布局,分散式布局,0.75
1714,泸县龙桥群,桥梁,明,1368,14世纪,四川省,建筑空间布局,溪流适配形制,0.73
1716,潼川古城墙,官府,明,1522,16世纪,四川省,建筑结构体系,纵联式券拱,0.95
1716,潼川古城墙,官府,明,1522,16世纪,四川省,建筑结构体系,谯楼,0.94
1716,潼川古城墙,官府,明,1522,16世纪,四川省,建筑结构体系,双扇铁皮木质大门,0.93
1716,潼川古城墙,官府,明,1522,16世纪,四川省,建筑材料,条石,0.98
1716,潼川古城墙,官府,明,1522,16世纪,四川省,建筑材料,石头城墙,0.97
1716,潼川古城墙,官府,明,1522,16世纪,四川省,建筑材料,一钉石一横石相间垒砌,0.96
1716,潼川古城墙,官府,明,1522,16世纪,四川省,建筑功能,军事防御,0.93
1716,潼川古城墙,官府,明,1522,16世纪,四川省,建筑功能,防洪,0.92
1716,潼川古城墙,官府,明,1522,16世纪,四川省,营造技艺,纵联式券拱,0.92
1716,潼川古城墙,官府,明,1522,16世纪,四川省,营造技艺,条石垒砌,0.91
1716,潼川古城墙,官府,明,1522,16世纪,四川省,营造技艺,浅浮雕花卉卷草纹饰,0.9
1716,潼川古城墙,官府,明,1522,16世纪,四川省,建筑空间布局,四门制,0.9
1716,潼川古城墙,官府,明,1522,16世纪,四川省,建筑空间布局,东西南北对称布局,0.89
1727,宜宾大观楼,官府,明,1522,16世纪,四川省,建筑结构体系,斗拱木质结构,0.95
1727,宜宾大观楼,官府,明,1522,16世纪,四川省,建筑结构体系,三重檐歇山顶,0.94
1727,宜宾大观楼,官府,明,1522,16世纪,四川省,建筑结构体系,长方形平面,0.92
1727,宜宾大观楼,官府,明,1522,16世纪,四川省,建筑材料,石材,0.93
1727,宜宾大观楼,官府,明,1522,16世纪,四川省,建筑材料,木材,0.93
1727,宜宾大观楼,官府,明,1522,16世纪,四川省,建筑材料,灰色琉璃瓦,0.91
1727,宜宾大观楼,官府,明,1522,16世纪,四川省,建筑材料,黑色盘龙脊宝顶,0.89
1727,宜宾大观楼,官府,明,1522,16世纪,四川省,建筑功能,谯楼,0.9
1727,宜宾大观楼,官府,明,1522,16世纪,四川省,建筑功能,图书馆阅览室,0.9
1727,宜宾大观楼,官府,明,1522,16世纪,四川省,营造技艺,斗拱结构,0.85
1727,宜宾大观楼,官府,明,1522,16世纪,四川省,营造技艺,歇山顶营造,0.84
1727,宜宾大观楼,官府,明,1522,16世纪,四川省,营造技艺,琉璃瓦铺作,0.82
1727,宜宾大观楼,官府,明,1522,16世纪,四川省,建筑空间布局,十字形通道,0.92
1727,宜宾大观楼,官府,明,1522,16世纪,四川省,建筑空间布局,石梯通厅,0.9
1727,宜宾大观楼,官府,明,1522,16世纪,四川省,建筑空间布局,底层架空,0.88
1734,筹边楼,官府,唐,830,9世纪,四川省,建筑结构体系,重檐歇山式,0.95
1734,筹边楼,官府,唐,830,9世纪,四川省,建筑结构体系,木结构,0.95
1734,筹边楼,官府,唐,830,9世纪,四川省,建筑材料,木材,0.85
1734,筹边楼,官府,唐,830,9世纪,四川省,建筑材料,青瓦,0.85
1734,筹边楼,官府,唐,830,9世纪,四川省,建筑材料,红柱,0.85
1734,筹边楼,官府,唐,830,9世纪,四川省,建筑功能,多民族历史见证,0.9
1734,筹边楼,官府,唐,830,9世纪,四川省,建筑功能,红色文化遗址,0.9
1734,筹边楼,官府,唐,830,9世纪,四川省,建筑功能,临时指挥部,0.9
1734,筹边楼,官府,唐,830,9世纪,四川省,营造技艺,榫卯结构,0.8
1734,筹边楼,官府,唐,830,9世纪,四川省,营造技艺,飞檐构造,0.75
1734,筹边楼,官府,唐,830,9世纪,四川省,营造技艺,歇山屋顶营造,0.75
1734,筹边楼,官府,唐,830,9世纪,四川省,建筑空间布局,中部立柱隔间,0.8
1734,筹边楼,官府,唐,830,9世纪,四川省,建筑空间布局,神龛布局,0.8
1738,寿安陈家大院,民居,清,1736,18世纪,四川省,建筑结构体系,穿斗式,0.95
1738,寿安陈家大院,民居,清,1736,18世纪,四川省,建筑结构体系,木结构,0.93
1738,寿安陈家大院,民居,清,1736,18世纪,四川省,建筑材料,木材,0.55
1738,寿安陈家大院,民居,清,1736,18世纪,四川省,建筑功能,住宅,0.98
1738,寿安陈家大院,民居,清,1736,18世纪,四川省,建筑功能,宗祠,0.98
1738,寿安陈家大院,民居,清,1736,18世纪,四川省,建筑功能,园林,0.98
1738,寿安陈家大院,民居,清,1736,18世纪,四川省,营造技艺,封檐板雕刻,0.75
1738,寿安陈家大院,民居,清,1736,18世纪,四川省,营造技艺,神秘文字符号装饰,0.72
1738,寿安陈家大院,民居,清,1736,18世纪,四川省,建筑空间布局,十二院落,0.96
1738,寿安陈家大院,民居,清,1736,18世纪,四川省,建筑空间布局,组合紧凑,0.94
1738,寿安陈家大院,民居,清,1736,18世纪,四川省,建筑空间布局,布局大方合理,0.94
1741,川北道贡院,官府,清,1653,17世纪,四川省,建筑结构体系,木构架,0.85
1741,川北道贡院,官府,清,1653,17世纪,四川省,建筑结构体系,抬梁式,0.8
1741,川北道贡院,官府,清,1653,17世纪,四川省,建筑材料,青砖,0.88
1741,川北道贡院,官府,清,1653,17世纪,四川省,建筑材料,木材,0.9
1741,川北道贡院,官府,清,1653,17世纪,四川省,建筑材料,灰瓦,0.85
1741,川北道贡院,官府,清,1653,17世纪,四川省,建筑功能,乡试考场,0.95
1741,川北道贡院,官府,清,1653,17世纪,四川省,建筑功能,科举试院,0.93
1741,川北道贡院,官府,清,1653,17世纪,四川省,建筑功能,教育展示场所,0.9
1741,川北道贡院,官府,清,1653,17世纪,四川省,营造技艺,传统榫卯,0.82
1741,川北道贡院,官府,清,1653,17世纪,四川省,营造技艺,对称布局营造,0.78
1741,川北道贡院,官府,清,1653,17世纪,四川省,建筑空间布局,坐北向南,0.9
1741,川北道贡院,官府,清,1653,17世纪,四川省,建筑空间布局,分区布局,0.88
1741,川北道贡院,官府,清,1653,17世纪,四川省,建筑空间布局,前院考场,0.85
1741,川北道贡院,官府,清,1653,17世纪,四川省,建筑空间布局,格局完整,0.87
1747,泸县屈氏庄园,民居,清,1796,18世纪,四川省,建筑结构体系,砖木结构,0.95
1747,泸县屈氏庄园,民居,清,1796,18世纪,四川省,建筑结构体系,土木结构,0.95
1747,泸县屈氏庄园,民居,清,1796,18世纪,四川省,建筑材料,糯米灰浆,0.98
1747,泸县屈氏庄园,民居,清,1796,18世纪,四川省,建筑材料,石灰砖,0.98
1747,泸县屈氏庄园,民居,清,1796,18世纪,四川省,建筑功能,旅游景区,0.85
1747,泸县屈氏庄园,民居,清,1796,18世纪,四川省,建筑功能,民居,0.85
1747,泸县屈氏庄园,民居,清,1796,18世纪,四川省,营造技艺,画栋雕梁,0.9
1747,泸县屈氏庄园,民居,清,1796,18世纪,四川省,营造技艺,川南民居营造技艺,0.9
1747,泸县屈氏庄园,民居,清,1796,18世纪,四川省,建筑空间布局,船形布局,0.96
1747,泸县屈氏庄园,民居,清,1796,18世纪,四川省,建筑空间布局,多进院落,0.96
1747,泸县屈氏庄园,民居,清,1796,18世纪,四川省,建筑空间布局,围院结构,0.96
1750,镇远城墙,官府,明,1389,14世纪,贵州省,建筑结构体系,依山就势,0.95
1750,镇远城墙,官府,明,1389,14世纪,贵州省,建筑结构体系,环山围河,0.93
1750,镇远城墙,官府,明,1389,14世纪,贵州省,建筑结构体系,卫城体系,0.92
1750,镇远城墙,官府,明,1389,14世纪,贵州省,建筑结构体系,府卫双城,0.9
1750,镇远城墙,官府,明,1389,14世纪,贵州省,建筑材料,石屏山石,0.6
1750,镇远城墙,官府,明,1389,14世纪,贵州省,建筑材料,本地石材,0.58
1750,镇远城墙,官府,明,1389,14世纪,贵州省,建筑功能,军事重镇,0.94
1750,镇远城墙,官府,明,1389,14世纪,贵州省,建筑功能,交通要道,0.92
1750,镇远城墙,官府,明,1389,14世纪,贵州省,建筑功能,边防防御,0.9
1750,镇远城墙,官府,明,1389,14世纪,贵州省,建筑功能,苗疆古城,0.88
1750,镇远城墙,官府,明,1389,14世纪,贵州省,营造技艺,因地制宜,0.4
1750,镇远城墙,官府,明,1389,14世纪,贵州省,营造技艺,山地筑城,0.35
1750,镇远城墙,官府,明,1389,14世纪,贵州省,建筑空间布局,太极格局,0.95
1750,镇远城墙,官府,明,1389,14世纪,贵州省,建筑空间布局,依山傍水,0.94
1750,镇远城墙,官府,明,1389,14世纪,贵州省,建筑空间布局,府卫隔河,0.93
1750,镇远城墙,官府,明,1389,14世纪,贵州省,建筑空间布局,环山抱水,0.92
1754,榕江大利村古建筑群,民居,明,1368,14世纪,贵州省,建筑结构体系,吊脚楼,0.92
1754,榕江大利村古建筑群,民居,明,1368,14世纪,贵州省,建筑结构体系,侗家四合楼院,0.92
1754,榕江大利村古建筑群,民居,明,1368,14世纪,贵州省,建筑材料,木材,0.85
1754,榕江大利村古建筑群,民居,明,1368,14世纪,贵州省,建筑材料,石灰石,0.85
1754,榕江大利村古建筑群,民居,明,1368,14世纪,贵州省,建筑材料,重晶石,0.85
1754,榕江大利村古建筑群,民居,明,1368,14世纪,贵州省,建筑材料,粘土,0.85
1754,榕江大利村古建筑群,民居,明,1368,14世纪,贵州省,建筑功能,集会议事,0.94
1754,榕江大利村古建筑群,民居,明,1368,14世纪,贵州省,建筑功能,休闲娱乐,0.94
1754,榕江大利村古建筑群,民居,明,1368,14世纪,贵州省,营造技艺,穿斗式木构,0.88
1754,榕江大利村古建筑群,民居,明,1368,14世纪,贵州省,营造技艺,榫卯结构,0.87
1754,榕江大利村古建筑群,民居,明,1368,14世纪,贵州省,营造技艺,干栏营造法,0.86
1754,榕江大利村古建筑群,民居,明,1368,14世纪,贵州省,建筑空间布局,溪谷依势布局,0.96
1754,榕江大利村古建筑群,民居,明,1368,14世纪,贵州省,建筑空间布局,层叠上坡,0.96
1754,榕江大利村古建筑群,民居,明,1368,14世纪,贵州省,建筑空间布局,花桥跨溪,0.96
1754,榕江大利村古建筑群,民居,明,1368,14世纪,贵州省,建筑空间布局,石板路网,0.96
1756,岩门长官司城,官府,明,1382,14世纪,贵州省,建筑结构体系,青石砌筑,0.95
1756,岩门长官司城,官府,明,1382,14世纪,贵州省,建筑结构体系,墙垛结构,0.9
1756,岩门长官司城,官府,明,1382,14世纪,贵州省,建筑材料,青石,0.95
1756,岩门长官司城,官府,明,1382,14世纪,贵州省,建筑材料,料石,0.9
1756,岩门长官司城,官府,明,1382,14世纪,贵州省,建筑功能,军事防御,0.9
1756,岩门长官司城,官府,明,1382,14世纪,贵州省,建筑功能,土司治所,0.85
1756,岩门长官司城,官府,明,1382,14世纪,贵州省,营造技艺,依山就势,0.85
1756,岩门长官司城,官府,明,1382,14世纪,贵州省,营造技艺,青石精砌,0.85
1756,岩门长官司城,官府,明,1382,14世纪,贵州省,营造技艺,墙垛安砌,0.8
1756,岩门长官司城,官府,明,1382,14世纪,贵州省,建筑空间布局,依山就势,0.95
1756,岩门长官司城,官府,明,1382,14世纪,贵州省,建筑空间布局,背山面水,0.9
1760,金勾风雨桥,桥梁,清,1884,19世纪,贵州省,建筑结构体系,伸臂梁结构,0.95
1760,金勾风雨桥,桥梁,清,1884,19世纪,贵州省,建筑结构体系,毛石混凝土桥墩,0.94
1760,金勾风雨桥,桥梁,清,1884,19世纪,贵州省,建筑结构体系,片石垒砌桥墩,0.93
1760,金勾风雨桥,桥梁,清,1884,19世纪,贵州省,建筑结构体系,鹅卵石垒砌桥墩,0.92
1760,金勾风雨桥,桥梁,清,1884,19世纪,贵州省,建筑材料,原木,0.93
1760,金勾风雨桥,桥梁,清,1884,19世纪,贵州省,建筑材料,毛石混凝土,0.93
1760,金勾风雨桥,桥梁,清,1884,19世纪,贵州省,建筑材料,片石,0.92
1760,金勾风雨桥,桥梁,清,1884,19世纪,贵州省,建筑材料,鹅卵石,0.91
1760,金勾风雨桥,桥梁,清,1884,19世纪,贵州省,建筑材料,木板,0.9
1760,金勾风雨桥,桥梁,清,1884,19世纪,贵州省,建筑功能,风雨桥,0.75
1760,金勾风雨桥,桥梁,清,1884,19世纪,贵州省,建筑功能,花桥,0.74
1760,金勾风雨桥,桥梁,清,1884,19世纪,贵州省,营造技艺,加长伸臂梁,0.9
1760,金勾风雨桥,桥梁,清,1884,19世纪,贵州省,营造技艺,层叠出挑,0.88
1760,金勾风雨桥,桥梁,清,1884,19世纪,贵州省,建筑空间布局,五层密檐鼓楼楼冠,0.92
1760,金勾风雨桥,桥梁,清,1884,19世纪,贵州省,建筑空间布局,歇山式屋顶,0.91
1760,金勾风雨桥,桥梁,清,1884,19世纪,贵州省,建筑空间布局,单檐屋顶,0.9
1760,金勾风雨桥,桥梁,清,1884,19世纪,贵州省,建筑空间布局,长廊式布局,0.89
1773,侬氏土司衙署,官府,元,1368,14世纪,云南省,建筑结构体系,抬梁式,0.85
1773,侬氏土司衙署,官府,元,1368,14世纪,云南省,建筑结构体系,穿斗式,0.8
1773,侬氏土司衙署,官府,元,1368,14世纪,云南省,建筑材料,砖石,0.6
1773,侬氏土司衙署,官府,元,1368,14世纪,云南省,建筑材料,木材,0.55
1773,侬氏土司衙署,官府,元,1368,14世纪,云南省,建筑功能,正堂,0.9
1773,侬氏土司衙署,官府,元,1368,14世纪,云南省,建筑功能,签押房,0.88
1773,侬氏土司衙署,官府,元,1368,14世纪,云南省,建筑功能,家祠,0.85
1773,侬氏土司衙署,官府,元,1368,14世纪,云南省,建筑功能,五凤楼,0.82
1773,侬氏土司衙署,官府,元,1368,14世纪,云南省,营造技艺,榫卯结构,0.75
1773,侬氏土司衙署,官府,元,1368,14世纪,云南省,营造技艺,雕花装饰,0.7
1773,侬氏土司衙署,官府,元,1368,14世纪,云南省,营造技艺,石作台基,0.65
1773,侬氏土司衙署,官府,元,1368,14世纪,云南省,建筑空间布局,围院结构,0.9
1773,侬氏土司衙署,官府,元,1368,14世纪,云南省,建筑空间布局,坐北朝南,0.95
1773,侬氏土司衙署,官府,元,1368,14世纪,云南省,建筑空间布局,中轴对称,0.85
1775,沘江古桥梁群,桥梁,明,1628,17世纪,云南省,建筑结构体系,木梁桥,0.95
1775,沘江古桥梁群,桥梁,明,1628,17世纪,云南省,建筑结构体系,浮桥,0.93
1775,沘江古桥梁群,桥梁,明,1628,17世纪,云南省,建筑结构体系,拱桥,0.92
1775,沘江古桥梁群,桥梁,明,1628,17世纪,云南省,建筑结构体系,吊桥,0.94
1775,沘江古桥梁群,桥梁,明,1628,17世纪,云南省,建筑结构体系,风雨桥,0.91
1775,沘江古桥梁群,桥梁,明,1628,17世纪,云南省,建筑材料,木材,0.92
1775,沘江古桥梁群,桥梁,明,1628,17世纪,云南省,建筑材料,藤绳,0.88
1775,沘江古桥梁群,桥梁,明,1628,17世纪,云南省,建筑材料,铁链,0.87
1775,沘江古桥梁群,桥梁,明,1628,17世纪,云南省,建筑材料,木枋,0.9
1775,沘江古桥梁群,桥梁,明,1628,17世纪,云南省,建筑功能,交通通行,0.85
1775,沘江古桥梁群,桥梁,明,1628,17世纪,云南省,建筑功能,行人歇息,0.84
1775,沘江古桥梁群,桥梁,明,1628,17世纪,云南省,建筑功能,文化遗产保护,0.82
1775,沘江古桥梁群,桥梁,明,1628,17世纪,云南省,营造技艺,木枋交错架叠,0.91
1775,沘江古桥梁群,桥梁,明,1628,17世纪,云南省,营造技艺,挑梁衔接,0.89
1775,沘江古桥梁群,桥梁,明,1628,17世纪,云南省,营造技艺,藤绳编织,0.87
1775,沘江古桥梁群,桥梁,明,1628,17世纪,云南省,营造技艺,瓦顶覆盖,0.86
1775,沘江古桥梁群,桥梁,明,1628,17世纪,云南省,建筑空间布局,桥亭,0.88
1775,沘江古桥梁群,桥梁,明,1628,17世纪,云南省,建筑空间布局,木板遮挡,0.87
1775,沘江古桥梁群,桥梁,明,1628,17世纪,云南省,建筑空间布局,廊道式布局,0.85
1782,星宿桥和丰裕桥,桥梁,明,1614,17世纪,云南省,建筑结构体系,尖拱石桥,0.98
1782,星宿桥和丰裕桥,桥梁,明,1614,17世纪,云南省,建筑结构体系,圆拱石桥,0.97
1782,星宿桥和丰裕桥,桥梁,明,1614,17世纪,云南省,建筑结构体系,六墩七孔,0.96
1782,星宿桥和丰裕桥,桥梁,明,1614,17世纪,云南省,建筑结构体系,四墩五孔,0.95
1782,星宿桥和丰裕桥,桥梁,明,1614,17世纪,云南省,建筑材料,红砂石,0.95
1782,星宿桥和丰裕桥,桥梁,明,1614,17世纪,云南省,建筑材料,糯米灰浆,0.94
1782,星宿桥和丰裕桥,桥梁,明,1614,17世纪,云南省,建筑材料,石灰掺糯米浆,0.93
1782,星宿桥和丰裕桥,桥梁,明,1614,17世纪,云南省,建筑功能,交通要道,0.92
1782,星宿桥和丰裕桥,桥梁,明,1614,17世纪,云南省,建筑功能,石栏护桥,0.91
1782,星宿桥和丰裕桥,桥梁,明,1614,17世纪,云南省,建筑功能,桥头楼阁,0.9
1782,星宿桥和丰裕桥,桥梁,明,1614,17世纪,云南省,营造技艺,石砌拱券,0.9
1782,星宿桥和丰裕桥,桥梁,明,1614,17世纪,云南省,营造技艺,碑刻装饰,0.89
1782,星宿桥和丰裕桥,桥梁,明,1614,17世纪,云南省,营造技艺,斗拱飞檐,0.88
1782,星宿桥和丰裕桥,桥梁,明,1614,17世纪,云南省,建筑空间布局,东西走向,0.94
1782,星宿桥和丰裕桥,桥梁,明,1614,17世纪,云南省,建筑空间布局,南北走向,0.93
1782,星宿桥和丰裕桥,桥梁,明,1614,17世纪,云南省,建筑空间布局,四柱三门牌楼,0.92
1782,星宿桥和丰裕桥,桥梁,明,1614,17世纪,云南省,建筑空间布局,十柱九门石阙,0.91
1784,建水朱家花园,民居,清,1730,18世纪,云南省,建筑结构体系,抬梁式,0.85
1784,建水朱家花园,民居,清,1730,18世纪,云南省,建筑结构体系,穿斗式,0.82
1784,建水朱家花园,民居,清,1730,18世纪,云南省,建筑材料,砖石,0.6
1784,建水朱家花园,民居,清,1730,18世纪,云南省,建筑材料,木材,0.58
1784,建水朱家花园,民居,清,1730,18世纪,云南省,建筑功能,家宅,0.95
1784,建水朱家花园,民居,清,1730,18世纪,云南省,建筑功能,宗祠,0.93
1784,建水朱家花园,民居,清,1730,18世纪,云南省,营造技艺,传统木构,0.4
1784,建水朱家花园,民居,清,1730,18世纪,云南省,营造技艺,榫卯结构,0.38
1784,建水朱家花园,民居,清,1730,18世纪,云南省,建筑空间布局,纵三横四,0.97
1784,建水朱家花园,民居,清,1730,18世纪,云南省,建筑空间布局,五间六耳五间厅,0.96
1784,建水朱家花园,民居,清,1730,18世纪,云南省,建筑空间布局,一大天井附四小天井,0.95
1784,建水朱家花园,民居,清,1730,18世纪,云南省,建筑空间布局,院落并列联排,0.94
1790,红河县东门楼及迤萨民居,民居,清,1644,17世纪,云南省,建筑结构体系,抬梁式,0.6
1790,红河县东门楼及迤萨民居,民居,清,1644,17世纪,云南省,建筑结构体系,穿斗式,0.55
1790,红河县东门楼及迤萨民居,民居,清,1644,17世纪,云南省,建筑材料,砖石,0.55
1790,红河县东门楼及迤萨民居,民居,清,1644,17世纪,云南省,建筑材料,生土,0.5
1790,红河县东门楼及迤萨民居,民居,清,1644,17世纪,云南省,建筑功能,行政区,0.55
1790,红河县东门楼及迤萨民居,民居,清,1644,17世纪,云南省,建筑功能,府邸,0.5
1790,红河县东门楼及迤萨民居,民居,清,1644,17世纪,云南省,营造技艺,夯土墙,0.6
1790,红河县东门楼及迤萨民居,民居,清,1644,17世纪,云南省,营造技艺,木雕,0.55
1790,红河县东门楼及迤萨民居,民居,清,1644,17世纪,云南省,建筑空间布局,合院式,0.65
1790,红河县东门楼及迤萨民居,民居,清,1644,17世纪,云南省,建筑空间布局,多进院落,0.5
1793,拉让宁巴,民居,唐,1368,14世纪,西藏自治区,建筑结构体系,藏式四合院,0.95
1793,拉让宁巴,民居,唐,1368,14世纪,西藏自治区,建筑结构体系,三层木构架,0.92
1793,拉让宁巴,民居,唐,1368,14世纪,西藏自治区,建筑结构体系,立柱承重结构,0.9
1793,拉让宁巴,民居,唐,1368,14世纪,西藏自治区,建筑材料,大红立柱,0.85
1793,拉让宁巴,民居,唐,1368,14世纪,西藏自治区,建筑材料,彩色围栏,0.83
1793,拉让宁巴,民居,唐,1368,14世纪,西藏自治区,建筑材料,木材,0.8
1793,拉让宁巴,民居,唐,1368,14世纪,西藏自治区,建筑功能,唐卡艺术画廊,0.98
1793,拉让宁巴,民居,唐,1368,14世纪,西藏自治区,建筑功能,公租房,0.96
1793,拉让宁巴,民居,唐,1368,14世纪,西藏自治区,建筑功能,军事司令部旧址,0.95
1793,拉让宁巴,民居,唐,1368,14世纪,西藏自治区,营造技艺,传统藏式木作,0.6
1793,拉让宁巴,民居,唐,1368,14世纪,西藏自治区,营造技艺,彩绘装饰工艺,0.55
1793,拉让宁巴,民居,唐,1368,14世纪,西藏自治区,建筑空间布局,临街门面房,0.9
1793,拉让宁巴,民居,唐,1368,14世纪,西藏自治区,建筑空间布局,内院通道式,0.88
1793,拉让宁巴,民居,唐,1368,14世纪,西藏自治区,建筑空间布局,平顶可上人屋面,0.85
1795,邦达仓,民居,清,1368,14世纪,西藏自治区,建筑结构体系,森厦式,0.92
1795,邦达仓,民居,清,1368,14世纪,西藏自治区,建筑结构体系,天井采光结构,0.91
1795,邦达仓,民居,清,1368,14世纪,西藏自治区,建筑结构体系,藏式柱头支撑结构,0.9
1795,邦达仓,民居,清,1368,14世纪,西藏自治区,建筑材料,阿嘎土,0.95
1795,邦达仓,民居,清,1368,14世纪,西藏自治区,建筑材料,夯土,0.93
1795,邦达仓,民居,清,1368,14世纪,西藏自治区,建筑材料,木材,0.92
1795,邦达仓,民居,清,1368,14世纪,西藏自治区,建筑功能,仓储功能,0.94
1795,邦达仓,民居,清,1368,14世纪,西藏自治区,建筑功能,宅第功能,0.93
1795,邦达仓,民居,清,1368,14世纪,西藏自治区,建筑功能,酒店功能,0.92
1795,邦达仓,民居,清,1368,14世纪,西藏自治区,营造技艺,铜皮包裹楼梯,0.89
1795,邦达仓,民居,清,1368,14世纪,西藏自治区,营造技艺,铁花栏杆工艺,0.88
1795,邦达仓,民居,清,1368,14世纪,西藏自治区,营造技艺,铁钉加固木梯,0.87
1795,邦达仓,民居,清,1368,14世纪,西藏自治区,建筑空间布局,三进天井布局,0.93
1795,邦达仓,民居,清,1368,14世纪,西藏自治区,建筑空间布局,坐北朝南格局,0.92
1795,邦达仓,民居,清,1368,14世纪,西藏自治区,建筑空间布局,逐级抬升布局,0.91
1797,桑珠颇章,民居,明,1642,17世纪,西藏自治区,建筑结构体系,藏式木石结构,0.85
1797,桑珠颇章,民居,明,1642,17世纪,西藏自治区,建筑结构体系,承重墙体系,0.75
1797,桑珠颇章,民居,明,1642,17世纪,西藏自治区,建筑材料,石梯,0.55
1797,桑珠颇章,民居,明,1642,17世纪,西藏自治区,建筑材料,砖石,0.5
1797,桑珠颇章,民居,明,1642,17世纪,西藏自治区,建筑功能,民居,0.95
1797,桑珠颇章,民居,明,1642,17世纪,西藏自治区,建筑功能,商铺,0.9
1797,桑珠颇章,民居,明,1642,17世纪,西藏自治区,建筑功能,办公用房,0.85
1797,桑珠颇章,民居,明,1642,17世纪,西藏自治区,建筑功能,社区卫生服务站,0.8
1797,桑珠颇章,民居,明,1642,17世纪,西藏自治区,营造技艺,维修工程,0.55
1797,桑珠颇章,民居,明,1642,17世纪,西藏自治区,建筑空间布局,坐北朝南,0.9
1797,桑珠颇章,民居,明,1642,17世纪,西藏自治区,建筑空间布局,围院结构,0.85
1797,桑珠颇章,民居,明,1642,17世纪,西藏自治区,建筑空间布局,三层布局,0.8
1797,桑珠颇章,民居,明,1642,17世纪,西藏自治区,建筑空间布局,临街商铺,0.75
1799,冲赛康,官府,清,1728,18世纪,西藏自治区,建筑结构体系,藏式三层楼房,0.95
1799,冲赛康,官府,清,1728,18世纪,西藏自治区,建筑结构体系,院落式结构,0.92
1799,冲赛康,官府,清,1728,18世纪,西藏自治区,建筑材料,木材,0.55
1799,冲赛康,官府,清,1728,18世纪,西藏自治区,建筑材料,砖石,0.5
1799,冲赛康,官府,清,1728,18世纪,西藏自治区,建筑功能,驻藏大臣衙门,0.98
1799,冲赛康,官府,清,1728,18世纪,西藏自治区,建筑功能,居所,0.95
1799,冲赛康,官府,清,1728,18世纪,西藏自治区,建筑功能,行政办公,0.93
1799,冲赛康,官府,清,1728,18世纪,西藏自治区,营造技艺,传统藏式营造,0.4
1799,冲赛康,官府,清,1728,18世纪,西藏自治区,营造技艺,木构架技术,0.35
1799,冲赛康,官府,清,1728,18世纪,西藏自治区,建筑空间布局,中轴对称,0.9
1799,冲赛康,官府,清,1728,18世纪,西藏自治区,建筑空间布局,双院落布局,0.92
1799,冲赛康,官府,清,1728,18世纪,西藏自治区,建筑空间布局,门狮装饰,0.85
1800,拉鲁颇章,民居,清,1780,18世纪,西藏自治区,建筑结构体系,藏式建筑,0.95
1800,拉鲁颇章,民居,清,1780,18世纪,西藏自治区,建筑结构体系,三层结构,0.93
1800,拉鲁颇章,民居,清,1780,18世纪,西藏自治区,建筑材料,石材,0.85
1800,拉鲁颇章,民居,清,1780,18世纪,西藏自治区,建筑材料,木材,0.87
1800,拉鲁颇章,民居,清,1780,18世纪,西藏自治区,建筑材料,夯土,0.82
1800,拉鲁颇章,民居,清,1780,18世纪,西藏自治区,建筑功能,家族宅邸,0.98
1800,拉鲁颇章,民居,清,1780,18世纪,西藏自治区,建筑功能,社区办公,0.96
1800,拉鲁颇章,民居,清,1780,18世纪,西藏自治区,建筑功能,颇章,0.97
1800,拉鲁颇章,民居,清,1780,18世纪,西藏自治区,营造技艺,藏式木构,0.86
1800,拉鲁颇章,民居,清,1780,18世纪,西藏自治区,营造技艺,石砌墙体,0.84
1800,拉鲁颇章,民居,清,1780,18世纪,西藏自治区,营造技艺,平顶屋面,0.83
1800,拉鲁颇章,民居,清,1780,18世纪,西藏自治区,建筑空间布局,坐北朝南,0.92
1800,拉鲁颇章,民居,清,1780,18世纪,西藏自治区,建筑空间布局,院落布局,0.9
1800,拉鲁颇章,民居,清,1780,18世纪,西藏自治区,建筑空间布局,湖上建筑,0.89
1800,拉鲁颇章,民居,清,1780,18世纪,西藏自治区,建筑空间布局,廊桥连接,0.88
1834,骡帮会馆,官府,清,1644,17世纪,陕西省,建筑结构体系,合院式,0.65
1834,骡帮会馆,官府,清,1644,17世纪,陕西省,建筑结构体系,抬梁式,0.6
1834,骡帮会馆,官府,清,1644,17世纪,陕西省,建筑材料,石室,0.55
1834,骡帮会馆,官府,清,1644,17世纪,陕西省,建筑材料,石刻,0.55
1834,骡帮会馆,官府,清,1644,17世纪,陕西省,建筑材料,砖石,0.5
1834,骡帮会馆,官府,清,1644,17世纪,陕西省,建筑功能,会馆,0.9
1834,骡帮会馆,官府,清,1644,17世纪,陕西省,建筑功能,商帮议事,0.75
1834,骡帮会馆,官府,清,1644,17世纪,陕西省,建筑功能,旅居接待,0.7
1834,骡帮会馆,官府,清,1644,17世纪,陕西省,营造技艺,雕花门窗,0.6
1834,骡帮会馆,官府,清,1644,17世纪,陕西省,营造技艺,砖雕,0.65
1834,骡帮会馆,官府,清,1644,17世纪,陕西省,营造技艺,木构架,0.7
1834,骡帮会馆,官府,清,1644,17世纪,陕西省,建筑空间布局,中轴对称,0.7
1834,骡帮会馆,官府,清,1644,17世纪,陕西省,建筑空间布局,多进院落,0.65
1834,骡帮会馆,官府,清,1644,17世纪,陕西省,建筑空间布局,前厅后寝,0.6
1835,桥上桥,桥梁,清,1660,17世纪,陕西省,建筑结构体系,双重石拱桥,0.95
1835,桥上桥,桥梁,清,1660,17世纪,陕西省,建筑结构体系,桥上桥结构,0.93
1835,桥上桥,桥梁,清,1660,17世纪,陕西省,建筑结构体系,多孔拱桥,0.9
1835,桥上桥,桥梁,清,1660,17世纪,陕西省,建筑材料,花岗岩,0.98
1835,桥上桥,桥梁,清,1660,17世纪,陕西省,建筑材料,石条砌筑,0.96
1835,桥上桥,桥梁,清,1660,17世纪,陕西省,建筑功能,界桥,0.85
1835,桥上桥,桥梁,清,1660,17世纪,陕西省,建筑功能,交通水利设施,0.82
1835,桥上桥,桥梁,清,1660,17世纪,陕西省,建筑功能,历史地标,0.8
1835,桥上桥,桥梁,清,1660,17世纪,陕西省,营造技艺,叠桥建造,0.9
1835,桥上桥,桥梁,清,1660,17世纪,陕西省,营造技艺,石拱砌筑,0.88
1835,桥上桥,桥梁,清,1660,17世纪,陕西省,营造技艺,因势加建,0.85
1835,桥上桥,桥梁,清,1660,17世纪,陕西省,建筑空间布局,东西走向,0.92
1835,桥上桥,桥梁,清,1660,17世纪,陕西省,建筑空间布局,上下桥垂直对应,0.91
1835,桥上桥,桥梁,清,1660,17世纪,陕西省,建筑空间布局,九孔对称布局,0.9
1837,毓秀桥,桥梁,清,1702,18世纪,陕西省,建筑结构体系,石拱桥,0.98
1837,毓秀桥,桥梁,清,1702,18世纪,陕西省,建筑结构体系,纵联式拱碹,0.98
1837,毓秀桥,桥梁,清,1702,18世纪,陕西省,建筑结构体系,厚拱厚墩,0.97
1837,毓秀桥,桥梁,清,1702,18世纪,陕西省,建筑结构体系,半圆框形拱,0.96
1837,毓秀桥,桥梁,清,1702,18世纪,陕西省,建筑材料,花岗石,0.97
1837,毓秀桥,桥梁,清,1702,18世纪,陕西省,建筑材料,青石,0.96
1837,毓秀桥,桥梁,清,1702,18世纪,陕西省,建筑材料,石条,0.95
1837,毓秀桥,桥梁,清,1702,18世纪,陕西省,建筑功能,交通要道,0.95
1837,毓秀桥,桥梁,清,1702,18世纪,陕西省,建筑功能,古驿道桥梁,0.94
1837,毓秀桥,桥梁,清,1702,18世纪,陕西省,营造技艺,铁锭加固,0.93
1837,毓秀桥,桥梁,清,1702,18世纪,陕西省,营造技艺,灌铁水工艺,0.92
1837,毓秀桥,桥梁,清,1702,18世纪,陕西省,建筑空间布局,多孔连拱,0.96
1837,毓秀桥,桥梁,清,1702,18世纪,陕西省,建筑空间布局,南北走向,0.95
1837,毓秀桥,桥梁,清,1702,18世纪,陕西省,建筑空间布局,长桥布局,0.94
1849,洮州卫城,官府,东汉,1379,14世纪,甘肃省,建筑结构体系,城墙,0.95
1849,洮州卫城,官府,东汉,1379,14世纪,甘肃省,建筑结构体系,马面,0.95
1849,洮州卫城,官府,东汉,1379,14世纪,甘肃省,建筑结构体系,角墩,0.95
1849,洮州卫城,官府,东汉,1379,14世纪,甘肃省,建筑结构体系,护城池,0.95
1849,洮州卫城,官府,东汉,1379,14世纪,甘肃省,建筑材料,古砖,0.75
1849,洮州卫城,官府,东汉,1379,14世纪,甘肃省,建筑材料,雉堞,0.75
1849,洮州卫城,官府,东汉,1379,14世纪,甘肃省,建筑功能,卫城,0.9
1849,洮州卫城,官府,东汉,1379,14世纪,甘肃省,建筑功能,指挥使司,0.9
1849,洮州卫城,官府,东汉,1379,14世纪,甘肃省,建筑功能,县政府驻地,0.9
1849,洮州卫城,官府,东汉,1379,14世纪,甘肃省,建筑功能,苏维埃政权驻地,0.9
1849,洮州卫城,官府,东汉,1379,14世纪,甘肃省,营造技艺,依山就势,0.8
1849,洮州卫城,官府,东汉,1379,14世纪,甘肃省,营造技艺,夯土筑城,0.75
1849,洮州卫城,官府,东汉,1379,14世纪,甘肃省,营造技艺,砖包墙技术,0.7
1849,洮州卫城,官府,东汉,1379,14世纪,甘肃省,建筑空间布局,前后城结构,0.95
1849,洮州卫城,官府,东汉,1379,14世纪,甘肃省,建筑空间布局,分隔墙垣,0.95
1849,洮州卫城,官府,东汉,1379,14世纪,甘肃省,建筑空间布局,山地城址,0.95
1849,洮州卫城,官府,东汉,1379,14世纪,甘肃省,建筑空间布局,烽火台,0.95
1852,青城古民居,民居,宋,1038,11世纪,甘肃省,建筑结构体系,单面坡,0.95
1852,青城古民居,民居,宋,1038,11世纪,甘肃省,建筑结构体系,人字梁架,0.95
1852,青城古民居,民居,宋,1038,11世纪,甘肃省,建筑结构体系,单檐硬山顶,0.95
1852,青城古民居,民居,宋,1038,11世纪,甘肃省,建筑结构体系,前出廊结构,0.95
1852,青城古民居,民居,宋,1038,11世纪,甘肃省,建筑材料,砖木结构,0.98
1852,青城古民居,民居,宋,1038,11世纪,甘肃省,建筑功能,民居建筑,0.96
1852,青城古民居,民居,宋,1038,11世纪,甘肃省,建筑功能,公共建筑,0.96
1852,青城古民居,民居,宋,1038,11世纪,甘肃省,建筑功能,宗教建筑,0.96
1852,青城古民居,民居,宋,1038,11世纪,甘肃省,营造技艺,单面坡,0.93
1852,青城古民居,民居,宋,1038,11世纪,甘肃省,营造技艺,人字梁架,0.93
1852,青城古民居,民居,宋,1038,11世纪,甘肃省,营造技艺,单檐硬山顶,0.93
1852,青城古民居,民居,宋,1038,11世纪,甘肃省,营造技艺,前出廊结构,0.93
1852,青城古民居,民居,宋,1038,11世纪,甘肃省,建筑空间布局,有机系统,0.9
1852,青城古民居,民居,宋,1038,11世纪,甘肃省,建筑空间布局,复合功能布局,0.9
1856,酒泉鼓楼,官府,东晋,346,4世纪,甘肃省,建筑结构体系,台基,0.98
1856,酒泉鼓楼,官府,东晋,346,4世纪,甘肃省,建筑结构体系,通天柱,0.97
1856,酒泉鼓楼,官府,东晋,346,4世纪,甘肃省,建筑结构体系,金柱,0.96
1856,酒泉鼓楼,官府,东晋,346,4世纪,甘肃省,建筑结构体系,外檐柱,0.95
1856,酒泉鼓楼,官府,东晋,346,4世纪,甘肃省,建筑结构体系,攒尖顶,0.98
1856,酒泉鼓楼,官府,东晋,346,4世纪,甘肃省,建筑材料,夯土,0.95
1856,酒泉鼓楼,官府,东晋,346,4世纪,甘肃省,建筑材料,青砖,0.94
1856,酒泉鼓楼,官府,东晋,346,4世纪,甘肃省,建筑材料,陶制宝瓶,0.92
1856,酒泉鼓楼,官府,东晋,346,4世纪,甘肃省,建筑功能,谯楼,0.92
1856,酒泉鼓楼,官府,东晋,346,4世纪,甘肃省,建筑功能,钟鼓楼,0.91
1856,酒泉鼓楼,官府,东晋,346,4世纪,甘肃省,建筑功能,城门楼,0.9
1856,酒泉鼓楼,官府,东晋,346,4世纪,甘肃省,营造技艺,砖雕仿木斗拱,0.9
1856,酒泉鼓楼,官府,东晋,346,4世纪,甘肃省,营造技艺,欧体门额,0.89
1856,酒泉鼓楼,官府,东晋,346,4世纪,甘肃省,营造技艺,神瑞画砖雕,0.88
1856,酒泉鼓楼,官府,东晋,346,4世纪,甘肃省,建筑空间布局,十字街心,0.96
1856,酒泉鼓楼,官府,东晋,346,4世纪,甘肃省,建筑空间布局,四面券门,0.95
1856,酒泉鼓楼,官府,东晋,346,4世纪,甘肃省,建筑空间布局,马道登台,0.94
1864,保安古屯田寨堡古建筑群,民居,明,1392,14世纪,青海省,建筑结构体系,寨墙,0.95
1864,保安古屯田寨堡古建筑群,民居,明,1392,14世纪,青海省,建筑结构体系,寨门,0.95
1864,保安古屯田寨堡古建筑群,民居,明,1392,14世纪,青海省,建筑结构体系,木阁门楼,0.93
1864,保安古屯田寨堡古建筑群,民居,明,1392,14世纪,青海省,建筑结构体系,封闭式防御结构,0.92
1864,保安古屯田寨堡古建筑群,民居,明,1392,14世纪,青海省,建筑材料,木材,0.85
1864,保安古屯田寨堡古建筑群,民居,明,1392,14世纪,青海省,建筑材料,雕刻木构件,0.84
1864,保安古屯田寨堡古建筑群,民居,明,1392,14世纪,青海省,建筑材料,柱头,0.82
1864,保安古屯田寨堡古建筑群,民居,明,1392,14世纪,青海省,建筑材料,扎口板,0.82
1864,保安古屯田寨堡古建筑群,民居,明,1392,14世纪,青海省,建筑功能,军事防御,0.97
1864,保安古屯田寨堡古建筑群,民居,明,1392,14世纪,青海省,建筑功能,屯田驻守,0.96
1864,保安古屯田寨堡古建筑群,民居,明,1392,14世纪,青海省,建筑功能,集居防卫,0.95
1864,保安古屯田寨堡古建筑群,民居,明,1392,14世纪,青海省,建筑功能,卫所遗存,0.94
1864,保安古屯田寨堡古建筑群,民居,明,1392,14世纪,青海省,营造技艺,木雕装饰,0.88
1864,保安古屯田寨堡古建筑群,民居,明,1392,14世纪,青海省,营造技艺,花卉雕刻,0.86
1864,保安古屯田寨堡古建筑群,民居,明,1392,14世纪,青海省,营造技艺,吉祥图案雕刻,0.85
1864,保安古屯田寨堡古建筑群,民居,明,1392,14世纪,青海省,营造技艺,动物纹样雕刻,0.85
1864,保安古屯田寨堡古建筑群,民居,明,1392,14世纪,青海省,建筑空间布局,方正规矩布局,0.96
1864,保安古屯田寨堡古建筑群,民居,明,1392,14世纪,青海省,建筑空间布局,院舍建筑,0.95
1864,保安古屯田寨堡古建筑群,民居,明,1392,14世纪,青海省,建筑空间布局,住宅密集,0.94
1864,保安古屯田寨堡古建筑群,民居,明,1392,14世纪,青海省,建筑空间布局,巷道幽深,0.93
1864,保安古屯田寨堡古建筑群,民居,明,1392,14世纪,青海省,建筑空间布局,依山就势,0.92
1885,惠远钟鼓楼,官府,清,1882,19世纪,新疆维吾尔自治区,建筑结构体系,砖台木架结构,0.95
1885,惠远钟鼓楼,官府,清,1882,19世纪,新疆维吾尔自治区,建筑结构体系,三层三重檐歇山顶,0.94
1885,惠远钟鼓楼,官府,清,1882,19世纪,新疆维吾尔自治区,建筑结构体系,十字交叉筒券通道,0.93
1885,惠远钟鼓楼,官府,清,1882,19世纪,新疆维吾尔自治区,建筑材料,青砖,0.93
1885,惠远钟鼓楼,官府,清,1882,19世纪,新疆维吾尔自治区,建筑材料,夯土,0.92
1885,惠远钟鼓楼,官府,清,1882,19世纪,新疆维吾尔自治区,建筑材料,琉璃瓦,0.91
1885,惠远钟鼓楼,官府,清,1882,19世纪,新疆维吾尔自治区,建筑材料,方砖,0.9
1885,惠远钟鼓楼,官府,清,1882,19世纪,新疆维吾尔自治区,建筑功能,报时,0.9
1885,惠远钟鼓楼,官府,清,1882,19世纪,新疆维吾尔自治区,建筑功能,交通节点,0.89
1885,惠远钟鼓楼,官府,清,1882,19世纪,新疆维吾尔自治区,建筑功能,城市地标,0.87
1885,惠远钟鼓楼,官府,清,1882,19世纪,新疆维吾尔自治区,营造技艺,三出五进砌法,0.88
1885,惠远钟鼓楼,官府,清,1882,19世纪,新疆维吾尔自治区,营造技艺,斗拱承檐,0.87
1885,惠远钟鼓楼,官府,清,1882,19世纪,新疆维吾尔自治区,营造技艺,旋子彩画,0.86
1885,惠远钟鼓楼,官府,清,1882,19世纪,新疆维吾尔自治区,建筑空间布局,方形平面,0.92
1885,惠远钟鼓楼,官府,清,1882,19世纪,新疆维吾尔自治区,建筑空间布局,面阔三间,0.91
1885,惠远钟鼓楼,官府,清,1882,19世纪,新疆维吾尔自治区,建筑空间布局,三层柱网结构,0.9
1896,邢台清风楼,官府,唐,1467,15世纪,河北省,建筑结构体系,重檐歇山顶,0.95
1896,邢台清风楼,官府,唐,1467,15世纪,河北省,建筑结构体系,减柱造,0.93
1896,邢台清风楼,官府,唐,1467,15世纪,河北省,建筑结构体系,抬梁式,0.9
1896,邢台清风楼,官府,唐,1467,15世纪,河北省,建筑结构体系,斗拱,0.92
1896,邢台清风楼,官府,唐,1467,15世纪,河北省,建筑结构体系,砖砌台基,0.94
1896,邢台清风楼,官府,唐,1467,15世纪,河北省,建筑材料,布瓦,0.85
1896,邢台清风楼,官府,唐,1467,15世纪,河北省,建筑材料,砖,0.87
1896,邢台清风楼,官府,唐,1467,15世纪,河北省,建筑材料,石材,0.86
1896,邢台清风楼,官府,唐,1467,15世纪,河北省,建筑材料,木材,0.84
1896,邢台清风楼,官府,唐,1467,15世纪,河北省,建筑功能,图书馆,0.9
1896,邢台清风楼,官府,唐,1467,15世纪,河北省,建筑功能,文物展厅,0.91
1896,邢台清风楼,官府,唐,1467,15世纪,河北省,建筑功能,公共展示空间,0.88
1896,邢台清风楼,官府,唐,1467,15世纪,河北省,营造技艺,减柱造,0.92
1896,邢台清风楼,官府,唐,1467,15世纪,河北省,营造技艺,插金梁,0.9
1896,邢台清风楼,官府,唐,1467,15世纪,河北省,营造技艺,落架维修,0.89
1896,邢台清风楼,官府,唐,1467,15世纪,河北省,营造技艺,五踩重昂斗拱,0.91
1896,邢台清风楼,官府,唐,1467,15世纪,河北省,建筑空间布局,面阔五间,0.95
1896,邢台清风楼,官府,唐,1467,15世纪,河北省,建筑空间布局,进深三间,0.94
1896,邢台清风楼,官府,唐,1467,15世纪,河北省,建筑空间布局,回廊,0.93
1896,邢台清风楼,官府,唐,1467,15世纪,河北省,建筑空间布局,平座,0.92
1896,邢台清风楼,官府,唐,1467,15世纪,河北省,建筑空间布局,双层楼阁,0.94
1904,原平普济桥,桥梁,金,1115,12世纪,山西省,建筑结构体系,石拱桥,0.8
1904,原平普济桥,桥梁,金,1115,12世纪,山西省,建筑材料,石材,0.85
1904,原平普济桥,桥梁,金,1115,12世纪,山西省,建筑功能,全国重点文物保护单位,0.6
1904,原平普济桥,桥梁,金,1115,12世纪,山西省,建筑功能,桥梁,0.55
1904,原平普济桥,桥梁,金,1115,12世纪,山西省,营造技艺,拱券砌筑,0.7
1904,原平普济桥,桥梁,金,1115,12世纪,山西省,建筑空间布局,南门外,0.5
1904,原平普济桥,桥梁,金,1115,12世纪,山西省,建筑空间布局,镇外桥,0.45
1946,于成龙故居,民居,清,1617,17世纪,山西省,建筑结构体系,四合院,0.85
1946,于成龙故居,民居,清,1617,17世纪,山西省,建筑结构体系,清代木构架,0.8
1946,于成龙故居,民居,清,1617,17世纪,山西省,建筑材料,木材,0.6
1946,于成龙故居,民居,清,1617,17世纪,山西省,建筑材料,砖石,0.55
1946,于成龙故居,民居,清,1617,17世纪,山西省,建筑功能,住宅,0.95
1946,于成龙故居,民居,清,1617,17世纪,山西省,建筑功能,故居,0.93
1946,于成龙故居,民居,清,1617,17世纪,山西省,营造技艺,传统修复,0.7
1946,于成龙故居,民居,清,1617,17世纪,山西省,营造技艺,简朴风格营造,0.65
1946,于成龙故居,民居,清,1617,17世纪,山西省,建筑空间布局,坐北朝南,0.9
1946,于成龙故居,民居,清,1617,17世纪,山西省,建筑空间布局,正房厢房布局,0.88
1946,于成龙故居,民居,清,1617,17世纪,山西省,建筑空间布局,围院结构,0.85
1949,解州同善义仓,官府,清,1880,19世纪,山西省,建筑结构体系,抬梁式,0.82
1949,解州同善义仓,官府,清,1880,19世纪,山西省,建筑结构体系,围院结构,0.85
1949,解州同善义仓,官府,清,1880,19世纪,山西省,建筑材料,砖石,0.78
1949,解州同善义仓,官府,清,1880,19世纪,山西省,建筑材料,木材,0.75
1949,解州同善义仓,官府,清,1880,19世纪,山西省,建筑功能,仓储,0.95
1949,解州同善义仓,官府,清,1880,19世纪,山西省,建筑功能,义仓,0.93
1949,解州同善义仓,官府,清,1880,19世纪,山西省,营造技艺,防潮工艺,0.81
1949,解州同善义仓,官府,清,1880,19世纪,山西省,营造技艺,防盗构造,0.8
1949,解州同善义仓,官府,清,1880,19世纪,山西省,建筑空间布局,坐南朝北,0.95
1949,解州同善义仓,官府,清,1880,19世纪,山西省,建筑空间布局,围院式布局,0.92
1949,解州同善义仓,官府,清,1880,19世纪,山西省,建筑空间布局,前院后场,0.9
1950,曲沃薛家大院,民居,清,1875,19世纪,山西省,建筑结构体系,抬梁式木构架,0.85
1950,曲沃薛家大院,民居,清,1875,19世纪,山西省,建筑结构体系,穿斗式木构架,0.75
1950,曲沃薛家大院,民居,清,1875,19世纪,山西省,建筑结构体系,砖木混合结构,0.8
1950,曲沃薛家大院,民居,清,1875,19世纪,山西省,建筑材料,石材,0.55
1950,曲沃薛家大院,民居,清,1875,19世纪,山西省,建筑材料,木材,0.55
1950,曲沃薛家大院,民居,清,1875,19世纪,山西省,建筑材料,彩绘材料,0.55
1950,曲沃薛家大院,民居,清,1875,19世纪,山西省,建筑功能,办公用房,0.85
1950,曲沃薛家大院,民居,清,1875,19世纪,山西省,建筑功能,民居,0.85
1950,曲沃薛家大院,民居,清,1875,19世纪,山西省,营造技艺,石雕,0.9
1950,曲沃薛家大院,民居,清,1875,19世纪,山西省,营造技艺,木雕,0.9
1950,曲沃薛家大院,民居,清,1875,19世纪,山西省,营造技艺,彩绘,0.9
1950,曲沃薛家大院,民居,清,1875,19世纪,山西省,建筑空间布局,三进院落,0.95
1950,曲沃薛家大院,民居,清,1875,19世纪,山西省,建筑空间布局,坐北朝南,0.95
1950,曲沃薛家大院,民居,清,1875,19世纪,山西省,建筑空间布局,厢房对称布局,0.95
1956,永安石桥,桥梁,清,1641,17世纪,辽宁省,建筑结构体系,砖拱桥,0.95
1956,永安石桥,桥梁,清,1641,17世纪,辽宁省,建筑结构体系,三孔拱券,0.94
1956,永安石桥,桥梁,清,1641,17世纪,辽宁省,建筑结构体系,二龙驮桥,0.92
1956,永安石桥,桥梁,清,1641,17世纪,辽宁省,建筑材料,青砖,0.9
1956,永安石桥,桥梁,清,1641,17世纪,辽宁省,建筑材料,条石,0.89
1956,永安石桥,桥梁,清,1641,17世纪,辽宁省,建筑材料,石材,0.88
1956,永安石桥,桥梁,清,1641,17世纪,辽宁省,建筑功能,御道桥梁,0.93
1956,永安石桥,桥梁,清,1641,17世纪,辽宁省,建筑功能,交通要道,0.91
1956,永安石桥,桥梁,清,1641,17世纪,辽宁省,建筑功能,谒陵通道,0.9
1956,永安石桥,桥梁,清,1641,17世纪,辽宁省,营造技艺,浮雕装饰,0.88
1956,永安石桥,桥梁,清,1641,17世纪,辽宁省,营造技艺,石作工艺,0.87
1956,永安石桥,桥梁,清,1641,17世纪,辽宁省,营造技艺,券拱砌筑,0.86
1956,永安石桥,桥梁,清,1641,17世纪,辽宁省,建筑空间布局,东西走向,0.92
1956,永安石桥,桥梁,清,1641,17世纪,辽宁省,建筑空间布局,对称布局,0.9
1956,永安石桥,桥梁,清,1641,17世纪,辽宁省,建筑空间布局,栏柱序列,0.89
1956,永安石桥,桥梁,清,1641,17世纪,辽宁省,建筑空间布局,抱鼓石配置,0.88
1957,垂虹断桥,桥梁,宋,1048,11世纪,江苏省,建筑结构体系,石墩木桥,0.95
1957,垂虹断桥,桥梁,宋,1048,11世纪,江苏省,建筑结构体系,连拱石桥,0.95
1957,垂虹断桥,桥梁,宋,1048,11世纪,江苏省,建筑结构体系,多孔石桥,0.92
1957,垂虹断桥,桥梁,宋,1048,11世纪,江苏省,建筑材料,木材,0.93
1957,垂虹断桥,桥梁,宋,1048,11世纪,江苏省,建筑材料,石材,0.93
1957,垂虹断桥,桥梁,宋,1048,11世纪,江苏省,建筑材料,石墩,0.9
1957,垂虹断桥,桥梁,宋,1048,11世纪,江苏省,建筑功能,交通桥梁,0.6
1957,垂虹断桥,桥梁,宋,1048,11世纪,江苏省,建筑功能,观景亭桥,0.55
1957,垂虹断桥,桥梁,宋,1048,11世纪,江苏省,营造技艺,连拱砌筑,0.85
1957,垂虹断桥,桥梁,宋,1048,11世纪,江苏省,营造技艺,桥亭结合,0.82
1957,垂虹断桥,桥梁,宋,1048,11世纪,江苏省,营造技艺,石桥营造,0.8
1957,垂虹断桥,桥梁,宋,1048,11世纪,江苏省,建筑空间布局,桥心设亭,0.9
1957,垂虹断桥,桥梁,宋,1048,11世纪,江苏省,建筑空间布局,多孔连拱布局,0.88
1957,垂虹断桥,桥梁,宋,1048,11世纪,江苏省,建筑空间布局,轴线对称,0.85
1961,南京鼓楼,官府,明,1382,14世纪,江苏省,建筑结构体系,无梁结构,0.95
1961,南京鼓楼,官府,明,1382,14世纪,江苏省,建筑结构体系,歇山顶,0.95
1961,南京鼓楼,官府,明,1382,14世纪,江苏省,建筑结构体系,重檐四落水,0.95
1961,南京鼓楼,官府,明,1382,14世纪,江苏省,建筑结构体系,城阙状台座,0.95
1961,南京鼓楼,官府,明,1382,14世纪,江苏省,建筑材料,砖石,0.9
1961,南京鼓楼,官府,明,1382,14世纪,江苏省,建筑材料,木材,0.9
1961,南京鼓楼,官府,明,1382,14世纪,江苏省,建筑材料,碑石,0.85
1961,南京鼓楼,官府,明,1382,14世纪,江苏省,建筑功能,报时中心,0.98
1961,南京鼓楼,官府,明,1382,14世纪,江苏省,建筑功能,仪仗庆典场所,0.98
1961,南京鼓楼,官府,明,1382,14世纪,江苏省,建筑功能,碑楼,0.96
1961,南京鼓楼,官府,明,1382,14世纪,江苏省,建筑功能,政务警示建筑,0.95
1961,南京鼓楼,官府,明,1382,14世纪,江苏省,营造技艺,拱形砌筑,0.85
1961,南京鼓楼,官府,明,1382,14世纪,江苏省,营造技艺,官式砖构,0.85
1961,南京鼓楼,官府,明,1382,14世纪,江苏省,营造技艺,无梁拱券,0.85
1961,南京鼓楼,官府,明,1382,14世纪,江苏省,建筑空间布局,上下两层,0.93
1961,南京鼓楼,官府,明,1382,14世纪,江苏省,建筑空间布局,三券门,0.93
1961,南京鼓楼,官府,明,1382,14世纪,江苏省,建筑空间布局,红墙围合,0.9
1961,南京鼓楼,官府,明,1382,14世纪,江苏省,建筑空间布局,坐东北朝西南,0.93
1963,常州唐氏民宅,民居,明,1488,15世纪,江苏省,建筑结构体系,木构梁架,0.95
1963,常州唐氏民宅,民居,明,1488,15世纪,江苏省,建筑结构体系,抬梁式,0.85
1963,常州唐氏民宅,民居,明,1488,15世纪,江苏省,建筑材料,楠木,0.9
1963,常州唐氏民宅,民居,明,1488,15世纪,江苏省,建筑材料,砖石,0.75
1963,常州唐氏民宅,民居,明,1488,15世纪,江苏省,建筑材料,碑刻石材,0.8
1963,常州唐氏民宅,民居,明,1488,15世纪,江苏省,建筑功能,纪念馆,0.85
1963,常州唐氏民宅,民居,明,1488,15世纪,江苏省,建筑功能,民居,0.8
1963,常州唐氏民宅,民居,明,1488,15世纪,江苏省,营造技艺,江南民居木构技艺,0.9
1963,常州唐氏民宅,民居,明,1488,15世纪,江苏省,营造技艺,明清营造法,0.85
1963,常州唐氏民宅,民居,明,1488,15世纪,江苏省,建筑空间布局,唐氏八宅,0.95
1963,常州唐氏民宅,民居,明,1488,15世纪,江苏省,建筑空间布局,多堂合院,0.85
1963,常州唐氏民宅,民居,明,1488,15世纪,江苏省,建筑空间布局,四合院式布局,0.8
1967,杭州忠义桥,桥梁,宋,1218,13世纪,浙江省,建筑结构体系,单孔石拱桥,0.95
1967,杭州忠义桥,桥梁,宋,1218,13世纪,浙江省,建筑结构体系,圆弧形拱,0.93
1967,杭州忠义桥,桥梁,宋,1218,13世纪,浙江省,建筑材料,弧形条石,0.9
1967,杭州忠义桥,桥梁,宋,1218,13世纪,浙江省,建筑材料,拱石,0.88
1967,杭州忠义桥,桥梁,宋,1218,13世纪,浙江省,建筑材料,石砌,0.85
1967,杭州忠义桥,桥梁,宋,1218,13世纪,浙江省,建筑功能,交通桥梁,0.92
1967,杭州忠义桥,桥梁,宋,1218,13世纪,浙江省,建筑功能,纪念性建筑,0.85
1967,杭州忠义桥,桥梁,宋,1218,13世纪,浙江省,营造技艺,分节并列砌筑法,0.85
1967,杭州忠义桥,桥梁,宋,1218,13世纪,浙江省,营造技艺,石拱砌筑,0.8
1967,杭州忠义桥,桥梁,宋,1218,13世纪,浙江省,建筑空间布局,台阶式引桥,0.9
1967,杭州忠义桥,桥梁,宋,1218,13世纪,浙江省,建筑空间布局,单跨布局,0.87
1967,杭州忠义桥,桥梁,宋,1218,13世纪,浙江省,建筑空间布局,窄桥面,0.85
1970,南渡广济桥,桥梁,宋,961,10世纪,浙江省,建筑结构体系,木石结构,0.98
1970,南渡广济桥,桥梁,宋,961,10世纪,浙江省,建筑结构体系,抬梁式,0.97
1970,南渡广济桥,桥梁,宋,961,10世纪,浙江省,建筑结构体系,梯形桥墩,0.95
1970,南渡广济桥,桥梁,宋,961,10世纪,浙江省,建筑结构体系,榫卯结构,0.94
1970,南渡广济桥,桥梁,宋,961,10世纪,浙江省,建筑材料,石材,0.97
1970,南渡广济桥,桥梁,宋,961,10世纪,浙江省,建筑材料,木材,0.96
1970,南渡广济桥,桥梁,宋,961,10世纪,浙江省,建筑材料,条石,0.95
1970,南渡广济桥,桥梁,宋,961,10世纪,浙江省,建筑材料,木板,0.93
1970,南渡广济桥,桥梁,宋,961,10世纪,浙江省,建筑功能,廊桥,0.93
1970,南渡广济桥,桥梁,宋,961,10世纪,浙江省,建筑功能,驿站桥梁,0.91
1970,南渡广济桥,桥梁,宋,961,10世纪,浙江省,建筑功能,茶亭,0.89
1970,南渡广济桥,桥梁,宋,961,10世纪,浙江省,建筑功能,碑亭,0.88
1970,南渡广济桥,桥梁,宋,961,10世纪,浙江省,营造技艺,榫卯结构,0.95
1970,南渡广济桥,桥梁,宋,961,10世纪,浙江省,营造技艺,落架大修,0.93
1970,南渡广济桥,桥梁,宋,961,10世纪,浙江省,营造技艺,梯形条石桥墩工艺,0.92
1970,南渡广济桥,桥梁,宋,961,10世纪,浙江省,营造技艺,传统石作,0.9
1970,南渡广济桥,桥梁,宋,961,10世纪,浙江省,建筑空间布局,四孔桥,0.96
1970,南渡广济桥,桥梁,宋,961,10世纪,浙江省,建筑空间布局,22楹廊屋,0.95
1970,南渡广济桥,桥梁,宋,961,10世纪,浙江省,建筑空间布局,五间阔,0.94
1970,南渡广济桥,桥梁,宋,961,10世纪,浙江省,建筑空间布局,引桥小屋,0.92
1974,湖州潮音桥,桥梁,明,1539,16世纪,浙江省,建筑结构体系,三孔石拱桥,0.95
1974,湖州潮音桥,桥梁,明,1539,16世纪,浙江省,建筑结构体系,拱桥,0.93
1974,湖州潮音桥,桥梁,明,1539,16世纪,浙江省,建筑材料,石材,0.9
1974,湖州潮音桥,桥梁,明,1539,16世纪,浙江省,建筑材料,石质栏板,0.88
1974,湖州潮音桥,桥梁,明,1539,16世纪,浙江省,建筑材料,石狮,0.85
1974,湖州潮音桥,桥梁,明,1539,16世纪,浙江省,建筑功能,人行桥,0.93
1974,湖州潮音桥,桥梁,明,1539,16世纪,浙江省,建筑功能,桥里桥,0.91
1974,湖州潮音桥,桥梁,明,1539,16世纪,浙江省,营造技艺,并列石阶,0.85
1974,湖州潮音桥,桥梁,明,1539,16世纪,浙江省,营造技艺,次孔人行道,0.83
1974,湖州潮音桥,桥梁,明,1539,16世纪,浙江省,建筑空间布局,东西向跨河,0.9
1974,湖州潮音桥,桥梁,明,1539,16世纪,浙江省,建筑空间布局,临河街市,0.87
1976,紫薇山民居,民居,明,1368,14世纪,浙江省,建筑结构体系,木构架,0.85
1976,紫薇山民居,民居,明,1368,14世纪,浙江省,建筑结构体系,抬梁式,0.8
1976,紫薇山民居,民居,明,1368,14世纪,浙江省,建筑材料,青砖,0.8
1976,紫薇山民居,民居,明,1368,14世纪,浙江省,建筑材料,木材,0.85
1976,紫薇山民居,民居,明,1368,14世纪,浙江省,建筑材料,石材,0.75
1976,紫薇山民居,民居,明,1368,14世纪,浙江省,建筑功能,尚书第,0.75
1976,紫薇山民居,民居,明,1368,14世纪,浙江省,建筑功能,大夫第,0.75
1976,紫薇山民居,民居,明,1368,14世纪,浙江省,建筑功能,将军第,0.75
1976,紫薇山民居,民居,明,1368,14世纪,浙江省,营造技艺,雕花门窗,0.8
1976,紫薇山民居,民居,明,1368,14世纪,浙江省,营造技艺,榫卯结构,0.85
1976,紫薇山民居,民居,明,1368,14世纪,浙江省,营造技艺,东阳木雕,0.9
1976,紫薇山民居,民居,明,1368,14世纪,浙江省,建筑空间布局,三条轴线,0.95
1976,紫薇山民居,民居,明,1368,14世纪,浙江省,建筑空间布局,前后六进,0.95
1976,紫薇山民居,民居,明,1368,14世纪,浙江省,建筑空间布局,前后五进,0.95
1976,紫薇山民居,民居,明,1368,14世纪,浙江省,建筑空间布局,附属建筑,0.95
1976,紫薇山民居,民居,明,1368,14世纪,浙江省,建筑空间布局,厢房,0.95
1978,赤岸朱宅建筑群,民居,明,1573,16世纪,浙江省,建筑结构体系,抬梁式,0.92
1978,赤岸朱宅建筑群,民居,明,1573,16世纪,浙江省,建筑结构体系,三进两院,0.9
1978,赤岸朱宅建筑群,民居,明,1573,16世纪,浙江省,建筑结构体系,廊式四合院,0.88
1978,赤岸朱宅建筑群,民居,明,1573,16世纪,浙江省,建筑结构体系,川堂结构,0.85
1978,赤岸朱宅建筑群,民居,明,1573,16世纪,浙江省,建筑材料,石子巷,0.6
1978,赤岸朱宅建筑群,民居,明,1573,16世纪,浙江省,建筑材料,砖石,0.55
1978,赤岸朱宅建筑群,民居,明,1573,16世纪,浙江省,建筑功能,宅第,0.93
1978,赤岸朱宅建筑群,民居,明,1573,16世纪,浙江省,建筑功能,理学居所,0.88
1978,赤岸朱宅建筑群,民居,明,1573,16世纪,浙江省,建筑功能,三合院住宅,0.85
1978,赤岸朱宅建筑群,民居,明,1573,16世纪,浙江省,营造技艺,明代梁架,0.87
1978,赤岸朱宅建筑群,民居,明,1573,16世纪,浙江省,营造技艺,柱础形制,0.85
1978,赤岸朱宅建筑群,民居,明,1573,16世纪,浙江省,营造技艺,木雕技艺,0.82
1978,赤岸朱宅建筑群,民居,明,1573,16世纪,浙江省,建筑空间布局,屋宇连栋,0.94
1978,赤岸朱宅建筑群,民居,明,1573,16世纪,浙江省,建筑空间布局,三进两院一川堂,0.93
1978,赤岸朱宅建筑群,民居,明,1573,16世纪,浙江省,建筑空间布局,廊式四合院,0.9
1978,赤岸朱宅建筑群,民居,明,1573,16世纪,浙江省,建筑空间布局,三合院扩建,0.88
1979,厚吴村古建筑群,民居,宋,1217,13世纪,浙江省,建筑结构体系,木构架,0.85
1979,厚吴村古建筑群,民居,宋,1217,13世纪,浙江省,建筑结构体系,抬梁式,0.8
1979,厚吴村古建筑群,民居,宋,1217,13世纪,浙江省,建筑材料,青砖,0.85
1979,厚吴村古建筑群,民居,宋,1217,13世纪,浙江省,建筑材料,木材,0.9
1979,厚吴村古建筑群,民居,宋,1217,13世纪,浙江省,建筑材料,石材,0.8
1979,厚吴村古建筑群,民居,宋,1217,13世纪,浙江省,建筑功能,宗祠,0.85
1979,厚吴村古建筑群,民居,宋,1217,13世纪,浙江省,建筑功能,老宅,0.85
1979,厚吴村古建筑群,民居,宋,1217,13世纪,浙江省,建筑功能,司马第,0.8
1979,厚吴村古建筑群,民居,宋,1217,13世纪,浙江省,建筑功能,衍庆堂,0.8
1979,厚吴村古建筑群,民居,宋,1217,13世纪,浙江省,建筑功能,存诚堂,0.8
1979,厚吴村古建筑群,民居,宋,1217,13世纪,浙江省,营造技艺,雕刻艺术,0.75
1979,厚吴村古建筑群,民居,宋,1217,13世纪,浙江省,营造技艺,绘画艺术,0.75
1979,厚吴村古建筑群,民居,宋,1217,13世纪,浙江省,营造技艺,建筑艺术,0.75
1979,厚吴村古建筑群,民居,宋,1217,13世纪,浙江省,建筑空间布局,村落形态完整,0.8
1979,厚吴村古建筑群,民居,宋,1217,13世纪,浙江省,建筑空间布局,古建筑群集中,0.8
1979,厚吴村古建筑群,民居,宋,1217,13世纪,浙江省,建筑空间布局,历史环境保存较好,0.75
1982,余姚通济桥,桥梁,宋,1047,11世纪,浙江省,建筑结构体系,三孔石拱桥,0.95
1982,余姚通济桥,桥梁,宋,1047,11世纪,浙江省,建筑结构体系,陡拱式,0.93
1982,余姚通济桥,桥梁,宋,1047,11世纪,浙江省,建筑结构体系,薄墩薄拱,0.92
1982,余姚通济桥,桥梁,宋,1047,11世纪,浙江省,建筑结构体系,半圆形驼峰式,0.91
1982,余姚通济桥,桥梁,宋,1047,11世纪,浙江省,建筑材料,石材,0.94
1982,余姚通济桥,桥梁,宋,1047,11世纪,浙江省,建筑材料,木桩,0.88
1982,余姚通济桥,桥梁,宋,1047,11世纪,浙江省,建筑材料,铁,0.85
1982,余姚通济桥,桥梁,宋,1047,11世纪,浙江省,建筑功能,交通要道,0.95
1982,余姚通济桥,桥梁,宋,1047,11世纪,浙江省,建筑功能,纤道,0.93
1982,余姚通济桥,桥梁,宋,1047,11世纪,浙江省,营造技艺,联锁分节并列砌筑法,0.85
1982,余姚通济桥,桥梁,宋,1047,11世纪,浙江省,营造技艺,木桩基础,0.82
1982,余姚通济桥,桥梁,宋,1047,11世纪,浙江省,建筑空间布局,主跨突出,0.93
1982,余姚通济桥,桥梁,宋,1047,11世纪,浙江省,建筑空间布局,桥面台阶与车马道结合,0.92
1982,余姚通济桥,桥梁,宋,1047,11世纪,浙江省,建筑空间布局,两端宽中间窄,0.91
1983,金清大桥,桥梁,清,1775,18世纪,浙江省,建筑结构体系,五孔石拱桥,0.95
1983,金清大桥,桥梁,清,1775,18世纪,浙江省,建筑结构体系,纵联分节并列结构,0.94
1983,金清大桥,桥梁,清,1775,18世纪,浙江省,建筑结构体系,拱券结构,0.93
1983,金清大桥,桥梁,清,1775,18世纪,浙江省,建筑材料,条石,0.92
1983,金清大桥,桥梁,清,1775,18世纪,浙江省,建筑材料,石栏板,0.9
1983,金清大桥,桥梁,清,1775,18世纪,浙江省,建筑材料,木石结构,0.89
1983,金清大桥,桥梁,清,1775,18世纪,浙江省,建筑材料,望柱,0.88
1983,金清大桥,桥梁,清,1775,18世纪,浙江省,建筑功能,交通要道,0.93
1983,金清大桥,桥梁,清,1775,18世纪,浙江省,建筑功能,内河运输枢纽,0.91
1983,金清大桥,桥梁,清,1775,18世纪,浙江省,建筑功能,海运通道,0.9
1983,金清大桥,桥梁,清,1775,18世纪,浙江省,营造技艺,官式桥梁结构,0.88
1983,金清大桥,桥梁,清,1775,18世纪,浙江省,营造技艺,浅雕,0.87
1983,金清大桥,桥梁,清,1775,18世纪,浙江省,营造技艺,浮雕装饰,0.86
1983,金清大桥,桥梁,清,1775,18世纪,浙江省,营造技艺,地方传统民间工艺,0.85
1983,金清大桥,桥梁,清,1775,18世纪,浙江省,建筑空间布局,曲折桥身,0.92
1983,金清大桥,桥梁,清,1775,18世纪,浙江省,建筑空间布局,四角攒尖亭,0.91
1983,金清大桥,桥梁,清,1775,18世纪,浙江省,建筑空间布局,石阶连接平台,0.9
1983,金清大桥,桥梁,清,1775,18世纪,浙江省,建筑空间布局,对称方亭布局,0.89
1985,兰溪通洲桥,桥梁,清,1662,17世纪,浙江省,建筑结构体系,石拱桥,0.98
1985,兰溪通洲桥,桥梁,清,1662,17世纪,浙江省,建筑结构体系,六墩五孔,0.97
1985,兰溪通洲桥,桥梁,清,1662,17世纪,浙江省,建筑结构体系,纵联砌筑,0.96
1985,兰溪通洲桥,桥梁,清,1662,17世纪,浙江省,建筑结构体系,半圆形拱券,0.95
1985,兰溪通洲桥,桥梁,清,1662,17世纪,浙江省,建筑材料,青石,0.95
1985,兰溪通洲桥,桥梁,清,1662,17世纪,浙江省,建筑材料,条石,0.94
1985,兰溪通洲桥,桥梁,清,1662,17世纪,浙江省,建筑材料,木构廊屋,0.92
1985,兰溪通洲桥,桥梁,清,1662,17世纪,浙江省,建筑功能,交通要道,0.92
1985,兰溪通洲桥,桥梁,清,1662,17世纪,浙江省,建筑功能,历史古迹,0.9
1985,兰溪通洲桥,桥梁,清,1662,17世纪,浙江省,营造技艺,纵联砌筑,0.85
1985,兰溪通洲桥,桥梁,清,1662,17世纪,浙江省,营造技艺,廊桥修缮,0.83
1985,兰溪通洲桥,桥梁,清,1662,17世纪,浙江省,建筑空间布局,廊屋二十一间,0.96
1985,兰溪通洲桥,桥梁,清,1662,17世纪,浙江省,建筑空间布局,歇山顶桥亭,0.95
1985,兰溪通洲桥,桥梁,清,1662,17世纪,浙江省,建筑空间布局,重檐歇山顶门楼,0.94
1985,兰溪通洲桥,桥梁,清,1662,17世纪,浙江省,建筑空间布局,翼角起翘廊亭,0.93
1986,雅端村古建筑群,民居,清,1736,18世纪,浙江省,建筑结构体系,四合院,0.95
1986,雅端村古建筑群,民居,清,1736,18世纪,浙江省,建筑结构体系,三合院,0.93
1986,雅端村古建筑群,民居,清,1736,18世纪,浙江省,建筑结构体系,五路六院,0.92
1986,雅端村古建筑群,民居,清,1736,18世纪,浙江省,建筑结构体系,厢房结构,0.9
1986,雅端村古建筑群,民居,清,1736,18世纪,浙江省,建筑材料,木材,0.65
1986,雅端村古建筑群,民居,清,1736,18世纪,浙江省,建筑材料,砖石,0.6
1986,雅端村古建筑群,民居,清,1736,18世纪,浙江省,建筑功能,宗祠,0.98
1986,雅端村古建筑群,民居,清,1736,18世纪,浙江省,建筑功能,婚丧礼仪场所,0.97
1986,雅端村古建筑群,民居,清,1736,18世纪,浙江省,建筑功能,祖屋,0.96
1986,雅端村古建筑群,民居,清,1736,18世纪,浙江省,建筑功能,居住分房,0.95
1986,雅端村古建筑群,民居,清,1736,18世纪,浙江省,营造技艺,雕刻工艺,0.6
1986,雅端村古建筑群,民居,清,1736,18世纪,浙江省,营造技艺,传统木构,0.55
1986,雅端村古建筑群,民居,清,1736,18世纪,浙江省,建筑空间布局,坐西朝东,0.93
1986,雅端村古建筑群,民居,清,1736,18世纪,浙江省,建筑空间布局,中轴对称,0.9
1986,雅端村古建筑群,民居,清,1736,18世纪,浙江省,建筑空间布局,院落组合,0.89
1986,雅端村古建筑群,民居,清,1736,18世纪,浙江省,建筑空间布局,前堂后寝,0.87
1989,东阳白坦民宅,民居,清,1796,18世纪,浙江省,建筑结构体系,品字形布局,0.95
1989,东阳白坦民宅,民居,清,1796,18世纪,浙江省,建筑结构体系,四合院,0.93
1989,东阳白坦民宅,民居,清,1796,18世纪,浙江省,建筑结构体系,三合院,0.92
1989,东阳白坦民宅,民居,清,1796,18世纪,浙江省,建筑结构体系,走马楼,0.9
1989,东阳白坦民宅,民居,清,1796,18世纪,浙江省,建筑结构体系,金壞屋,0.88
1989,东阳白坦民宅,民居,清,1796,18世纪,浙江省,建筑材料,木材,0.85
1989,东阳白坦民宅,民居,清,1796,18世纪,浙江省,建筑材料,石材,0.8
1989,东阳白坦民宅,民居,清,1796,18世纪,浙江省,建筑材料,壁画材料,0.75
1989,东阳白坦民宅,民居,清,1796,18世纪,浙江省,建筑功能,宗法礼制空间,0.85
1989,东阳白坦民宅,民居,清,1796,18世纪,浙江省,建筑功能,儒家文化载体,0.8
1989,东阳白坦民宅,民居,清,1796,18世纪,浙江省,营造技艺,东阳木雕,0.95
1989,东阳白坦民宅,民居,清,1796,18世纪,浙江省,营造技艺,石刻,0.9
1989,东阳白坦民宅,民居,清,1796,18世纪,浙江省,营造技艺,壁画工艺,0.88
1989,东阳白坦民宅,民居,清,1796,18世纪,浙江省,营造技艺,传统匠作体系,0.85
1989,东阳白坦民宅,民居,清,1796,18世纪,浙江省,建筑空间布局,品字形布局,0.95
1989,东阳白坦民宅,民居,清,1796,18世纪,浙江省,建筑空间布局,双轴线布局,0.93
1989,东阳白坦民宅,民居,清,1796,18世纪,浙江省,建筑空间布局,坐西朝东,0.92
1989,东阳白坦民宅,民居,清,1796,18世纪,浙江省,建筑空间布局,院落组合,0.9
1994,池河太平桥,桥梁,明,1375,14世纪,安徽省,建筑结构体系,石拱桥,0.95
1994,池河太平桥,桥梁,明,1375,14世纪,安徽省,建筑结构体系,多孔不等跨,0.93
1994,池河太平桥,桥梁,明,1375,14世纪,安徽省,建筑结构体系,砖石拱结构,0.92
1994,池河太平桥,桥梁,明,1375,14世纪,安徽省,建筑材料,砖石,0.92
1994,池河太平桥,桥梁,明,1375,14世纪,安徽省,建筑材料,白石,0.9
1994,池河太平桥,桥梁,明,1375,14世纪,安徽省,建筑功能,人行桥,0.9
1994,池河太平桥,桥梁,明,1375,14世纪,安徽省,建筑功能,交通要道,0.88
1994,池河太平桥,桥梁,明,1375,14世纪,安徽省,营造技艺,干修法,0.85
1994,池河太平桥,桥梁,明,1375,14世纪,安徽省,营造技艺,堆土券拱,0.84
1994,池河太平桥,桥梁,明,1375,14世纪,安徽省,建筑空间布局,正交布局,0.88
1994,池河太平桥,桥梁,明,1375,14世纪,安徽省,建筑空间布局,对称石狮排列,0.86
1994,池河太平桥,桥梁,明,1375,14世纪,安徽省,建筑空间布局,桥端立碑,0.85
1997,屯溪镇海桥,桥梁,明,1491,15世纪,安徽省,建筑结构体系,石拱桥,0.98
1997,屯溪镇海桥,桥梁,明,1491,15世纪,安徽省,建筑结构体系,六墩七孔,0.97
1997,屯溪镇海桥,桥梁,明,1491,15世纪,安徽省,建筑结构体系,等腰三角形桥墩,0.95
1997,屯溪镇海桥,桥梁,明,1491,15世纪,安徽省,建筑材料,石材,0.92
1997,屯溪镇海桥,桥梁,明,1491,15世纪,安徽省,建筑材料,望柱石,0.9
1997,屯溪镇海桥,桥梁,明,1491,15世纪,安徽省,建筑功能,交通连接,0.95
1997,屯溪镇海桥,桥梁,明,1491,15世纪,安徽省,建筑功能,门户桥梁,0.93
1997,屯溪镇海桥,桥梁,明,1491,15世纪,安徽省,建筑功能,步行通道,0.91
1997,屯溪镇海桥,桥梁,明,1491,15世纪,安徽省,营造技艺,分水头,0.85
1997,屯溪镇海桥,桥梁,明,1491,15世纪,安徽省,营造技艺,船头状桥墩,0.84
1997,屯溪镇海桥,桥梁,明,1491,15世纪,安徽省,建筑空间布局,横跨横江,0.96
1997,屯溪镇海桥,桥梁,明,1491,15世纪,安徽省,建筑空间布局,引桥结构,0.94
1997,屯溪镇海桥,桥梁,明,1491,15世纪,安徽省,建筑空间布局,三江口位置,0.93
2003,歙县太平桥,桥梁,宋,1234,13世纪,安徽省,建筑结构体系,联拱式石拱桥,0.98
2003,歙县太平桥,桥梁,宋,1234,13世纪,安徽省,建筑结构体系,纵列式法券,0.96
2003,歙县太平桥,桥梁,宋,1234,13世纪,安徽省,建筑结构体系,实腹式石拱,0.95
2003,歙县太平桥,桥梁,宋,1234,13世纪,安徽省,建筑结构体系,重力式墩台,0.94
2003,歙县太平桥,桥梁,宋,1234,13世纪,安徽省,建筑材料,红色粉砂岩,0.97
2003,歙县太平桥,桥梁,宋,1234,13世纪,安徽省,建筑材料,青色泥灰质角砾岩,0.96
2003,歙县太平桥,桥梁,宋,1234,13世纪,安徽省,建筑功能,交通要道,0.92
2003,歙县太平桥,桥梁,宋,1234,13世纪,安徽省,建筑功能,城门通道,0.9
2003,歙县太平桥,桥梁,宋,1234,13世纪,安徽省,建筑功能,车行桥,0.89
2003,歙县太平桥,桥梁,宋,1234,13世纪,安徽省,营造技艺,长条石横列环砌,0.85
2003,歙县太平桥,桥梁,宋,1234,13世纪,安徽省,营造技艺,重力式墩台砌筑,0.83
2003,歙县太平桥,桥梁,宋,1234,13世纪,安徽省,营造技艺,实腹拱砌法,0.82
2003,歙县太平桥,桥梁,宋,1234,13世纪,安徽省,建筑空间布局,桥亭布局,0.93
2003,歙县太平桥,桥梁,宋,1234,13世纪,安徽省,建筑空间布局,轴线对景,0.91
2003,歙县太平桥,桥梁,宋,1234,13世纪,安徽省,建筑空间布局,三桥序列,0.9
2004,巴慰祖宅,民居,明,1368,14世纪,安徽省,建筑结构体系,三进院落,0.95
2004,巴慰祖宅,民居,明,1368,14世纪,安徽省,建筑结构体系,楼阁式,0.9
2004,巴慰祖宅,民居,明,1368,14世纪,安徽省,建筑材料,木材,0.6
2004,巴慰祖宅,民居,明,1368,14世纪,安徽省,建筑材料,砖石,0.55
2004,巴慰祖宅,民居,明,1368,14世纪,安徽省,建筑功能,古民居,0.9
2004,巴慰祖宅,民居,明,1368,14世纪,安徽省,建筑功能,故居博物馆,0.85
2004,巴慰祖宅,民居,明,1368,14世纪,安徽省,营造技艺,传统木构,0.6
2004,巴慰祖宅,民居,明,1368,14世纪,安徽省,营造技艺,楼阁营造,0.55
2004,巴慰祖宅,民居,明,1368,14世纪,安徽省,建筑空间布局,坐北朝南,0.95
2004,巴慰祖宅,民居,明,1368,14世纪,安徽省,建筑空间布局,三进两厅,0.9
2004,巴慰祖宅,民居,明,1368,14世纪,安徽省,建筑空间布局,带楼阁布局,0.85
2009,休宁登封桥,桥梁,明,1587,16世纪,安徽省,建筑结构体系,纵列式法券,0.95
2009,休宁登封桥,桥梁,明,1587,16世纪,安徽省,建筑结构体系,联拱石拱桥,0.95
2009,休宁登封桥,桥梁,明,1587,16世纪,安徽省,建筑结构体系,九孔半圆形拱,0.93
2009,休宁登封桥,桥梁,明,1587,16世纪,安徽省,建筑材料,青石,0.9
2009,休宁登封桥,桥梁,明,1587,16世纪,安徽省,建筑材料,石栏,0.85
2009,休宁登封桥,桥梁,明,1587,16世纪,安徽省,建筑功能,登山通道,0.85
2009,休宁登封桥,桥梁,明,1587,16世纪,安徽省,建筑功能,桥亭,0.75
2009,休宁登封桥,桥梁,明,1587,16世纪,安徽省,建筑功能,桥庙,0.75
2009,休宁登封桥,桥梁,明,1587,16世纪,安徽省,营造技艺,石砌筑,0.55
2009,休宁登封桥,桥梁,明,1587,16世纪,安徽省,营造技艺,石阶砌筑,0.5
2009,休宁登封桥,桥梁,明,1587,16世纪,安徽省,建筑空间布局,引桥,0.9
2009,休宁登封桥,桥梁,明,1587,16世纪,安徽省,建筑空间布局,石阶坡道,0.88
2009,休宁登封桥,桥梁,明,1587,16世纪,安徽省,建筑空间布局,二柱冲天式石牌坊,0.9
2010,休宁同安堂,民居,清,1644,17世纪,安徽省,建筑结构体系,清代式样,0.95
2010,休宁同安堂,民居,清,1644,17世纪,安徽省,建筑结构体系,五进院落,0.93
2010,休宁同安堂,民居,清,1644,17世纪,安徽省,建筑材料,砖雕,0.9
2010,休宁同安堂,民居,清,1644,17世纪,安徽省,建筑材料,木雕,0.9
2010,休宁同安堂,民居,清,1644,17世纪,安徽省,建筑材料,石材,0.88
2010,休宁同安堂,民居,清,1644,17世纪,安徽省,建筑功能,徽商住宅,0.95
2010,休宁同安堂,民居,清,1644,17世纪,安徽省,建筑功能,私家园林,0.92
2010,休宁同安堂,民居,清,1644,17世纪,安徽省,营造技艺,砖雕工艺,0.9
2010,休宁同安堂,民居,清,1644,17世纪,安徽省,营造技艺,木雕工艺,0.9
2010,休宁同安堂,民居,清,1644,17世纪,安徽省,营造技艺,石作工艺,0.88
2010,休宁同安堂,民居,清,1644,17世纪,安徽省,建筑空间布局,坐北朝南,0.95
2010,休宁同安堂,民居,清,1644,17世纪,安徽省,建筑空间布局,五进格局,0.94
2010,休宁同安堂,民居,清,1644,17世纪,安徽省,建筑空间布局,主屋与偏厅组合,0.92
2017,建瓯值庆桥,桥梁,明,1488,15世纪,福建省,建筑结构体系,伸臂叠梁,0.95
2017,建瓯值庆桥,桥梁,明,1488,15世纪,福建省,建筑结构体系,廊桥结构,0.92
2017,建瓯值庆桥,桥梁,明,1488,15世纪,福建省,建筑材料,木材,0.9
2017,建瓯值庆桥,桥梁,明,1488,15世纪,福建省,建筑材料,木构,0.88
2017,建瓯值庆桥,桥梁,明,1488,15世纪,福建省,建筑功能,神龛,0.85
2017,建瓯值庆桥,桥梁,明,1488,15世纪,福建省,建筑功能,祭祀空间,0.82
2017,建瓯值庆桥,桥梁,明,1488,15世纪,福建省,营造技艺,彩绘,0.8
2017,建瓯值庆桥,桥梁,明,1488,15世纪,福建省,营造技艺,明代题记,0.78
2017,建瓯值庆桥,桥梁,明,1488,15世纪,福建省,建筑空间布局,三神龛布局,0.9
2017,建瓯值庆桥,桥梁,明,1488,15世纪,福建省,建筑空间布局,廊屋式平面,0.87
2018,安溪土楼,民居,明,1372,14世纪,福建省,建筑结构体系,合院式结构,0.95
2018,安溪土楼,民居,明,1372,14世纪,福建省,建筑结构体系,方形土楼,0.93
2018,安溪土楼,民居,明,1372,14世纪,福建省,建筑结构体系,回形三层,0.92
2018,安溪土楼,民居,明,1372,14世纪,福建省,建筑材料,生土,0.98
2018,安溪土楼,民居,明,1372,14世纪,福建省,建筑材料,溪卵石,0.96
2018,安溪土楼,民居,明,1372,14世纪,福建省,建筑材料,夯土墙,0.95
2018,安溪土楼,民居,明,1372,14世纪,福建省,建筑功能,居住防御,0.65
2018,安溪土楼,民居,明,1372,14世纪,福建省,建筑功能,家族聚居,0.6
2018,安溪土楼,民居,明,1372,14世纪,福建省,营造技艺,石拱门,0.85
2018,安溪土楼,民居,明,1372,14世纪,福建省,营造技艺,镌刻纪年,0.8
2018,安溪土楼,民居,明,1372,14世纪,福建省,建筑空间布局,围院结构,0.96
2018,安溪土楼,民居,明,1372,14世纪,福建省,建筑空间布局,虎牙,0.94
2018,安溪土楼,民居,明,1372,14世纪,福建省,建筑空间布局,蜈蚣须护翼,0.93
2018,安溪土楼,民居,明,1372,14世纪,福建省,建筑空间布局,池亭布局,0.92
2020,芷溪宗祠建筑,民居,清,1644,17世纪,福建省,建筑结构体系,祠居合一,0.95
2020,芷溪宗祠建筑,民居,清,1644,17世纪,福建省,建筑结构体系,复合型结构,0.93
2020,芷溪宗祠建筑,民居,清,1644,17世纪,福建省,建筑材料,石材,0.55
2020,芷溪宗祠建筑,民居,清,1644,17世纪,福建省,建筑功能,祠居合一,0.9
2020,芷溪宗祠建筑,民居,清,1644,17世纪,福建省,建筑功能,祭祀与居住复合功能,0.88
2020,芷溪宗祠建筑,民居,清,1644,17世纪,福建省,营造技艺,门楼装饰技艺,0.85
2020,芷溪宗祠建筑,民居,清,1644,17世纪,福建省,营造技艺,客家民居营造技艺,0.83
2020,芷溪宗祠建筑,民居,清,1644,17世纪,福建省,建筑空间布局,九厅十八井,0.95
2020,芷溪宗祠建筑,民居,清,1644,17世纪,福建省,建筑空间布局,多进院落布局,0.9
2022,泉港土坑村古建筑群,民居,明,1404,15世纪,福建省,建筑结构体系,穿斗式,0.98
2022,泉港土坑村古建筑群,民居,明,1404,15世纪,福建省,建筑结构体系,抬梁式,0.95
2022,泉港土坑村古建筑群,民居,明,1404,15世纪,福建省,建筑结构体系,硬山式,0.94
2022,泉港土坑村古建筑群,民居,明,1404,15世纪,福建省,建筑结构体系,卷棚式,0.93
2022,泉港土坑村古建筑群,民居,明,1404,15世纪,福建省,建筑材料,红砖,0.97
2022,泉港土坑村古建筑群,民居,明,1404,15世纪,福建省,建筑材料,花岗岩,0.96
2022,泉港土坑村古建筑群,民居,明,1404,15世纪,福建省,建筑材料,夯土,0.95
2022,泉港土坑村古建筑群,民居,明,1404,15世纪,福建省,建筑材料,出砖入石,0.94
2022,泉港土坑村古建筑群,民居,明,1404,15世纪,福建省,建筑功能,商住两用,0.96
2022,泉港土坑村古建筑群,民居,明,1404,15世纪,福建省,建筑功能,海港集市,0.93
2022,泉港土坑村古建筑群,民居,明,1404,15世纪,福建省,建筑功能,当铺,0.91
2022,泉港土坑村古建筑群,民居,明,1404,15世纪,福建省,建筑功能,药铺,0.9
2022,泉港土坑村古建筑群,民居,明,1404,15世纪,福建省,营造技艺,石雕,0.95
2022,泉港土坑村古建筑群,民居,明,1404,15世纪,福建省,营造技艺,木雕,0.94
2022,泉港土坑村古建筑群,民居,明,1404,15世纪,福建省,营造技艺,砖雕,0.93
2022,泉港土坑村古建筑群,民居,明,1404,15世纪,福建省,营造技艺,泥灰雕,0.92
2022,泉港土坑村古建筑群,民居,明,1404,15世纪,福建省,建筑空间布局,一进（一落）,0.97
2022,泉港土坑村古建筑群,民居,明,1404,15世纪,福建省,建筑空间布局,中轴对称,0.95
2022,泉港土坑村古建筑群,民居,明,1404,15世纪,福建省,建筑空间布局,村中街、街中村,0.94
2022,泉港土坑村古建筑群,民居,明,1404,15世纪,福建省,建筑空间布局,四横五纵,0.92
2023,坂埔古厝,民居,清,1736,18世纪,福建省,建筑结构体系,砖石木结构,0.95
2023,坂埔古厝,民居,清,1736,18世纪,福建省,建筑结构体系,抬梁式,0.85
2023,坂埔古厝,民居,清,1736,18世纪,福建省,建筑结构体系,穿斗式,0.85
2023,坂埔古厝,民居,清,1736,18世纪,福建省,建筑材料,红砖,0.98
2023,坂埔古厝,民居,清,1736,18世纪,福建省,建筑材料,白石,0.98
2023,坂埔古厝,民居,清,1736,18世纪,福建省,建筑材料,出砖入石,0.98
2023,坂埔古厝,民居,清,1736,18世纪,福建省,建筑功能,涉侨建筑,0.92
2023,坂埔古厝,民居,清,1736,18世纪,福建省,建筑功能,大厝,0.92
2023,坂埔古厝,民居,清,1736,18世纪,福建省,建筑功能,祠堂,0.9
2023,坂埔古厝,民居,清,1736,18世纪,福建省,营造技艺,出砖入石,0.97
2023,坂埔古厝,民居,清,1736,18世纪,福建省,营造技艺,平雕,0.97
2023,坂埔古厝,民居,清,1736,18世纪,福建省,营造技艺,透雕,0.97
2023,坂埔古厝,民居,清,1736,18世纪,福建省,营造技艺,圆雕,0.97
2023,坂埔古厝,民居,清,1736,18世纪,福建省,建筑空间布局,聚落布局,0.96
2023,坂埔古厝,民居,清,1736,18世纪,福建省,建筑空间布局,多座大厝组合,0.96
2023,坂埔古厝,民居,清,1736,18世纪,福建省,建筑空间布局,院落式,0.9
2025,永泰庄寨建筑群,民居,唐,1644,17世纪,福建省,建筑结构体系,土木石结构,0.95
2025,永泰庄寨建筑群,民居,唐,1644,17世纪,福建省,建筑结构体系,穿斗式,0.85
2025,永泰庄寨建筑群,民居,唐,1644,17世纪,福建省,建筑结构体系,抬梁式,0.8
2025,永泰庄寨建筑群,民居,唐,1644,17世纪,福建省,建筑材料,生土,0.9
2025,永泰庄寨建筑群,民居,唐,1644,17世纪,福建省,建筑材料,木材,0.9
2025,永泰庄寨建筑群,民居,唐,1644,17世纪,福建省,建筑材料,石材,0.85
2025,永泰庄寨建筑群,民居,唐,1644,17世纪,福建省,建筑功能,居住防御一体,0.95
2025,永泰庄寨建筑群,民居,唐,1644,17世纪,福建省,建筑功能,防御性民居,0.9
2025,永泰庄寨建筑群,民居,唐,1644,17世纪,福建省,建筑功能,乡土防御建筑,0.85
2025,永泰庄寨建筑群,民居,唐,1644,17世纪,福建省,营造技艺,传统木作,0.6
2025,永泰庄寨建筑群,民居,唐,1644,17世纪,福建省,营造技艺,夯土技术,0.6
2025,永泰庄寨建筑群,民居,唐,1644,17世纪,福建省,建筑空间布局,散点布局,0.85
2025,永泰庄寨建筑群,民居,唐,1644,17世纪,福建省,建筑空间布局,山地台地布局,0.8
2025,永泰庄寨建筑群,民居,唐,1644,17世纪,福建省,建筑空间布局,大型院落群,0.75
2027,水美土堡群,民居,清,1847,19世纪,福建省,建筑结构体系,土堡结构,0.85
2027,水美土堡群,民居,清,1847,19世纪,福建省,建筑结构体系,均衡布局,0.8
2027,水美土堡群,民居,清,1847,19世纪,福建省,建筑材料,生土,0.8
2027,水美土堡群,民居,清,1847,19世纪,福建省,建筑材料,木材,0.75
2027,水美土堡群,民居,清,1847,19世纪,福建省,建筑材料,砖石,0.7
2027,水美土堡群,民居,清,1847,19世纪,福建省,建筑功能,防御聚居,0.9
2027,水美土堡群,民居,清,1847,19世纪,福建省,建筑功能,家族聚居,0.85
2027,水美土堡群,民居,清,1847,19世纪,福建省,营造技艺,木雕,0.95
2027,水美土堡群,民居,清,1847,19世纪,福建省,营造技艺,石雕,0.95
2027,水美土堡群,民居,清,1847,19世纪,福建省,营造技艺,彩绘,0.9
2027,水美土堡群,民居,清,1847,19世纪,福建省,建筑空间布局,三堡并置,0.95
2027,水美土堡群,民居,清,1847,19世纪,福建省,建筑空间布局,坐向各异,0.9
2027,水美土堡群,民居,清,1847,19世纪,福建省,建筑空间布局,严谨对称,0.85
2032,龙南乌石围,民居,明,1573,16世纪,江西省,建筑结构体系,围院结构,0.65
2032,龙南乌石围,民居,明,1573,16世纪,江西省,建筑材料,生土,0.7
2032,龙南乌石围,民居,明,1573,16世纪,江西省,建筑材料,砖石,0.6
2032,龙南乌石围,民居,明,1573,16世纪,江西省,建筑材料,木材,0.55
2032,龙南乌石围,民居,明,1573,16世纪,江西省,建筑功能,客家围屋,0.85
2032,龙南乌石围,民居,明,1573,16世纪,江西省,营造技艺,夯土技术,0.6
2032,龙南乌石围,民居,明,1573,16世纪,江西省,营造技艺,糯米灰浆,0.55
2032,龙南乌石围,民居,明,1573,16世纪,江西省,建筑空间布局,围合式布局,0.65
2032,龙南乌石围,民居,明,1573,16世纪,江西省,建筑空间布局,中轴对称,0.55
2036,十都王家大屋,民居,清,1769,18世纪,江西省,建筑结构体系,砖木石结构,0.95
2036,十都王家大屋,民居,清,1769,18世纪,江西省,建筑材料,砖,0.9
2036,十都王家大屋,民居,清,1769,18世纪,江西省,建筑材料,木材,0.9
2036,十都王家大屋,民居,清,1769,18世纪,江西省,建筑材料,青石,0.9
2036,十都王家大屋,民居,清,1769,18世纪,江西省,建筑材料,鹅卵石,0.9
2036,十都王家大屋,民居,清,1769,18世纪,江西省,建筑功能,天井排水系统,0.85
2036,十都王家大屋,民居,清,1769,18世纪,江西省,建筑功能,多房间布局,0.85
2036,十都王家大屋,民居,清,1769,18世纪,江西省,建筑功能,水井供水,0.85
2036,十都王家大屋,民居,清,1769,18世纪,江西省,建筑功能,鱼池蓄水,0.85
2036,十都王家大屋,民居,清,1769,18世纪,江西省,营造技艺,榫卯结构,0.95
2036,十都王家大屋,民居,清,1769,18世纪,江西省,营造技艺,无楔工艺,0.95
2036,十都王家大屋,民居,清,1769,18世纪,江西省,建筑空间布局,厅堂廊室错落布局,0.9
2036,十都王家大屋,民居,清,1769,18世纪,江西省,建筑空间布局,天井院落式,0.9
2036,十都王家大屋,民居,清,1769,18世纪,江西省,建筑空间布局,推槽式圆门分隔,0.9
2037,奎璧联辉民宅,民居,清,1743,18世纪,江西省,建筑结构体系,砖木结构,0.95
2037,奎璧联辉民宅,民居,清,1743,18世纪,江西省,建筑结构体系,赣派民居,0.93
2037,奎璧联辉民宅,民居,清,1743,18世纪,江西省,建筑材料,青砖,0.9
2037,奎璧联辉民宅,民居,清,1743,18世纪,江西省,建筑材料,灰瓦,0.9
2037,奎璧联辉民宅,民居,清,1743,18世纪,江西省,建筑材料,木材,0.88
2037,奎璧联辉民宅,民居,清,1743,18世纪,江西省,建筑材料,砖石,0.87
2037,奎璧联辉民宅,民居,清,1743,18世纪,江西省,建筑功能,商住合一,0.95
2037,奎璧联辉民宅,民居,清,1743,18世纪,江西省,建筑功能,祭祀厅堂,0.92
2037,奎璧联辉民宅,民居,清,1743,18世纪,江西省,营造技艺,木雕,0.98
2037,奎璧联辉民宅,民居,清,1743,18世纪,江西省,营造技艺,石雕,0.98
2037,奎璧联辉民宅,民居,清,1743,18世纪,江西省,营造技艺,砖雕,0.98
2037,奎璧联辉民宅,民居,清,1743,18世纪,江西省,建筑空间布局,天井院落,0.95
2037,奎璧联辉民宅,民居,清,1743,18世纪,江西省,建筑空间布局,坐西向东,0.94
2037,奎璧联辉民宅,民居,清,1743,18世纪,江西省,建筑空间布局,多进庭院,0.92
2038,浮梁县衙,官府,唐,816,9世纪,江西省,建筑结构体系,木构架,0.92
2038,浮梁县衙,官府,唐,816,9世纪,江西省,建筑结构体系,抬梁式,0.85
2038,浮梁县衙,官府,唐,816,9世纪,江西省,建筑材料,石,0.55
2038,浮梁县衙,官府,唐,816,9世纪,江西省,建筑材料,砖石,0.5
2038,浮梁县衙,官府,唐,816,9世纪,江西省,建筑功能,县级政权机构,0.95
2038,浮梁县衙,官府,唐,816,9世纪,江西省,建筑功能,衙署,0.93
2038,浮梁县衙,官府,唐,816,9世纪,江西省,建筑功能,行政办公,0.9
2038,浮梁县衙,官府,唐,816,9世纪,江西省,营造技艺,榫卯结构,0.88
2038,浮梁县衙,官府,唐,816,9世纪,江西省,营造技艺,赣派营造法,0.85
2038,浮梁县衙,官府,唐,816,9世纪,江西省,建筑空间布局,中轴对称,0.98
2038,浮梁县衙,官府,唐,816,9世纪,江西省,建筑空间布局,坐北朝南,0.97
2038,浮梁县衙,官府,唐,816,9世纪,江西省,建筑空间布局,院落式布局,0.95
2038,浮梁县衙,官府,唐,816,9世纪,江西省,建筑空间布局,多进院落,0.94
2039,玉山考棚,官府,清,1792,18世纪,江西省,建筑结构体系,青砖瓦房,0.85
2039,玉山考棚,官府,清,1792,18世纪,江西省,建筑材料,青石条,0.9
2039,玉山考棚,官府,清,1792,18世纪,江西省,建筑材料,卵石,0.9
2039,玉山考棚,官府,清,1792,18世纪,江西省,建筑功能,科举考场,0.95
2039,玉山考棚,官府,清,1792,18世纪,江西省,建筑功能,号舍,0.95
2039,玉山考棚,官府,清,1792,18世纪,江西省,营造技艺,青砖砌筑,0.8
2039,玉山考棚,官府,清,1792,18世纪,江西省,营造技艺,卵石铺地,0.85
2039,玉山考棚,官府,清,1792,18世纪,江西省,建筑空间布局,甬道,0.9
2039,玉山考棚,官府,清,1792,18世纪,江西省,建筑空间布局,两排号舍,0.9
2039,玉山考棚,官府,清,1792,18世纪,江西省,建筑空间布局,单间布局,0.9
2043,洄村古楼,民居,明,1368,14世纪,山东省,建筑结构体系,组群式楼房,0.95
2043,洄村古楼,民居,明,1368,14世纪,山东省,建筑结构体系,主楼配阁结构,0.93
2043,洄村古楼,民居,明,1368,14世纪,山东省,建筑材料,木材,0.6
2043,洄村古楼,民居,明,1368,14世纪,山东省,建筑材料,砖石,0.58
2043,洄村古楼,民居,明,1368,14世纪,山东省,建筑功能,楼式四合院,0.7
2043,洄村古楼,民居,明,1368,14世纪,山东省,建筑功能,客厅,0.68
2043,洄村古楼,民居,明,1368,14世纪,山东省,营造技艺,传统维修技艺,0.55
2043,洄村古楼,民居,明,1368,14世纪,山东省,营造技艺,风貌保持工艺,0.53
2043,洄村古楼,民居,明,1368,14世纪,山东省,建筑空间布局,楼式四合院,0.9
2043,洄村古楼,民居,明,1368,14世纪,山东省,建筑空间布局,主楼对厅布局,0.88
2043,洄村古楼,民居,明,1368,14世纪,山东省,建筑空间布局,左右配阁,0.87
2044,王渔洋故居,民居,明,1573,16世纪,山东省,建筑结构体系,四合院,0.95
2044,王渔洋故居,民居,明,1573,16世纪,山东省,建筑结构体系,五进四合院,0.95
2044,王渔洋故居,民居,明,1573,16世纪,山东省,建筑结构体系,三路并联布局,0.93
2044,王渔洋故居,民居,明,1573,16世纪,山东省,建筑材料,青砖,0.85
2044,王渔洋故居,民居,明,1573,16世纪,山东省,建筑材料,木构架,0.85
2044,王渔洋故居,民居,明,1573,16世纪,山东省,建筑材料,灰瓦,0.8
2044,王渔洋故居,民居,明,1573,16世纪,山东省,建筑功能,园林区,0.85
2044,王渔洋故居,民居,明,1573,16世纪,山东省,建筑功能,祭祀区,0.85
2044,王渔洋故居,民居,明,1573,16世纪,山东省,营造技艺,抬梁式,0.8
2044,王渔洋故居,民居,明,1573,16世纪,山东省,营造技艺,穿斗式,0.75
2044,王渔洋故居,民居,明,1573,16世纪,山东省,营造技艺,榫卯结构,0.85
2044,王渔洋故居,民居,明,1573,16世纪,山东省,建筑空间布局,三路建筑,0.95
2044,王渔洋故居,民居,明,1573,16世纪,山东省,建筑空间布局,五进四合院,0.95
2044,王渔洋故居,民居,明,1573,16世纪,山东省,建筑空间布局,四进四合院,0.95
2044,王渔洋故居,民居,明,1573,16世纪,山东省,建筑空间布局,倒座,0.92
2044,王渔洋故居,民居,明,1573,16世纪,山东省,建筑空间布局,后罩房,0.92
2045,安阳永和桥,桥梁,宋,960,10世纪,河南省,建筑结构体系,桁架梁桥,0.55
2045,安阳永和桥,桥梁,宋,960,10世纪,河南省,建筑结构体系,斜拉桥,0.55
2045,安阳永和桥,桥梁,宋,960,10世纪,河南省,建筑结构体系,拱桥,0.55
2045,安阳永和桥,桥梁,宋,960,10世纪,河南省,建筑材料,木材,0.55
2045,安阳永和桥,桥梁,宋,960,10世纪,河南省,建筑材料,乔木,0.55
2045,安阳永和桥,桥梁,宋,960,10世纪,河南省,建筑功能,跨越障碍,0.6
2045,安阳永和桥,桥梁,宋,960,10世纪,河南省,建筑功能,连接两岸,0.6
2045,安阳永和桥,桥梁,宋,960,10世纪,河南省,建筑功能,通行功能,0.6
2045,安阳永和桥,桥梁,宋,960,10世纪,河南省,营造技艺,实腹梁制作,0.55
2045,安阳永和桥,桥梁,宋,960,10世纪,河南省,营造技艺,梁桥建造,0.55
2045,安阳永和桥,桥梁,宋,960,10世纪,河南省,建筑空间布局,等截面拱,0.55
2045,安阳永和桥,桥梁,宋,960,10世纪,河南省,建筑空间布局,变截面拱,0.55
2045,安阳永和桥,桥梁,宋,960,10世纪,河南省,建筑空间布局,拱轴线布局,0.55
2052,汝宁石桥,桥梁,明,1483,15世纪,河南省,建筑结构体系,五孔实腹联拱式,0.98
2052,汝宁石桥,桥梁,明,1483,15世纪,河南省,建筑结构体系,石桥,0.97
2052,汝宁石桥,桥梁,明,1483,15世纪,河南省,建筑结构体系,联拱结构,0.96
2052,汝宁石桥,桥梁,明,1483,15世纪,河南省,建筑材料,青石,0.97
2052,汝宁石桥,桥梁,明,1483,15世纪,河南省,建筑材料,长条青石,0.96
2052,汝宁石桥,桥梁,明,1483,15世纪,河南省,建筑材料,石砌,0.95
2052,汝宁石桥,桥梁,明,1483,15世纪,河南省,建筑功能,交通咽喉,0.85
2052,汝宁石桥,桥梁,明,1483,15世纪,河南省,建筑功能,跨河通道,0.84
2052,汝宁石桥,桥梁,明,1483,15世纪,河南省,营造技艺,纵向分节并列式券,0.96
2052,汝宁石桥,桥梁,明,1483,15世纪,河南省,营造技艺,纵联砌拱法,0.95
2052,汝宁石桥,桥梁,明,1483,15世纪,河南省,营造技艺,分水金刚雁翅,0.94
2052,汝宁石桥,桥梁,明,1483,15世纪,河南省,建筑空间布局,望柱栏板式,0.94
2052,汝宁石桥,桥梁,明,1483,15世纪,河南省,建筑空间布局,三层桥面构造,0.93
2052,汝宁石桥,桥梁,明,1483,15世纪,河南省,建筑空间布局,对称雕饰布局,0.92
2055,龙泉澧河石桥,桥梁,明,1368,14世纪,河南省,建筑结构体系,石板平铺结构,0.98
2055,龙泉澧河石桥,桥梁,明,1368,14世纪,河南省,建筑结构体系,多孔石桥,0.97
2055,龙泉澧河石桥,桥梁,明,1368,14世纪,河南省,建筑结构体系,插铁串联桥墩,0.96
2055,龙泉澧河石桥,桥梁,明,1368,14世纪,河南省,建筑材料,石灰岩,0.97
2055,龙泉澧河石桥,桥梁,明,1368,14世纪,河南省,建筑材料,花岗岩,0.97
2055,龙泉澧河石桥,桥梁,明,1368,14世纪,河南省,建筑材料,柳木桩,0.96
2055,龙泉澧河石桥,桥梁,明,1368,14世纪,河南省,建筑材料,铁腰铁,0.95
2055,龙泉澧河石桥,桥梁,明,1368,14世纪,河南省,建筑功能,交通要道,0.95
2055,龙泉澧河石桥,桥梁,明,1368,14世纪,河南省,建筑功能,人车分行桥面,0.94
2055,龙泉澧河石桥,桥梁,明,1368,14世纪,河南省,营造技艺,梅花形木桩基础,0.96
2055,龙泉澧河石桥,桥梁,明,1368,14世纪,河南省,营造技艺,铁爪钉连接,0.95
2055,龙泉澧河石桥,桥梁,明,1368,14世纪,河南省,营造技艺,戧水护堤,0.94
2055,龙泉澧河石桥,桥梁,明,1368,14世纪,河南省,建筑空间布局,33孔桥,0.94
2055,龙泉澧河石桥,桥梁,明,1368,14世纪,河南省,建筑空间布局,南北走向,0.93
2074,高家花屋,民居,清,1781,18世纪,湖北省,建筑结构体系,宫殿式,0.95
2074,高家花屋,民居,清,1781,18世纪,湖北省,建筑结构体系,马头墙,0.93
2074,高家花屋,民居,清,1781,18世纪,湖北省,建筑结构体系,飞檐,0.9
2074,高家花屋,民居,清,1781,18世纪,湖北省,建筑材料,石雕,0.92
2074,高家花屋,民居,清,1781,18世纪,湖北省,建筑材料,木雕,0.92
2074,高家花屋,民居,清,1781,18世纪,湖北省,建筑材料,砖雕,0.92
2074,高家花屋,民居,清,1781,18世纪,湖北省,建筑材料,青石,0.88
2074,高家花屋,民居,清,1781,18世纪,湖北省,建筑材料,彩绘壁画,0.85
2074,高家花屋,民居,清,1781,18世纪,湖北省,建筑功能,正房,0.95
2074,高家花屋,民居,清,1781,18世纪,湖北省,建筑功能,粮仓,0.94
2074,高家花屋,民居,清,1781,18世纪,湖北省,建筑功能,吊酒房,0.93
2074,高家花屋,民居,清,1781,18世纪,湖北省,建筑功能,当铺,0.92
2074,高家花屋,民居,清,1781,18世纪,湖北省,建筑功能,钱庄,0.92
2074,高家花屋,民居,清,1781,18世纪,湖北省,营造技艺,石雕,0.88
2074,高家花屋,民居,清,1781,18世纪,湖北省,营造技艺,木雕,0.88
2074,高家花屋,民居,清,1781,18世纪,湖北省,营造技艺,砖雕,0.88
2074,高家花屋,民居,清,1781,18世纪,湖北省,营造技艺,吉祥图案雕刻,0.85
2074,高家花屋,民居,清,1781,18世纪,湖北省,建筑空间布局,多间院落,0.9
2074,高家花屋,民居,清,1781,18世纪,湖北省,建筑空间布局,房间密集布局,0.87
2075,南边民居,民居,清,1801,19世纪,湖北省,建筑结构体系,天井院落,0.95
2075,南边民居,民居,清,1801,19世纪,湖北省,建筑结构体系,多进院落,0.92
2075,南边民居,民居,清,1801,19世纪,湖北省,建筑材料,砖石,0.9
2075,南边民居,民居,清,1801,19世纪,湖北省,建筑材料,木材,0.88
2075,南边民居,民居,清,1801,19世纪,湖北省,建筑材料,土木,0.85
2075,南边民居,民居,清,1801,19世纪,湖北省,建筑功能,民居,0.85
2075,南边民居,民居,清,1801,19世纪,湖北省,建筑功能,军用师部,0.83
2075,南边民居,民居,清,1801,19世纪,湖北省,建筑功能,小学,0.8
2075,南边民居,民居,清,1801,19世纪,湖北省,营造技艺,砖雕,0.8
2075,南边民居,民居,清,1801,19世纪,湖北省,营造技艺,石雕,0.8
2075,南边民居,民居,清,1801,19世纪,湖北省,营造技艺,木雕,0.8
2075,南边民居,民居,清,1801,19世纪,湖北省,建筑空间布局,天井院落,0.95
2075,南边民居,民居,清,1801,19世纪,湖北省,建筑空间布局,坎上坎下布局,0.92
2075,南边民居,民居,清,1801,19世纪,湖北省,建筑空间布局,山坡集中式,0.9
2078,中田村古建筑群,民居,明,1404,15世纪,湖南省,建筑结构体系,砖瓦结构,0.95
2078,中田村古建筑群,民居,明,1404,15世纪,湖南省,建筑结构体系,一体式布局,0.9
2078,中田村古建筑群,民居,明,1404,15世纪,湖南省,建筑材料,砖,0.9
2078,中田村古建筑群,民居,明,1404,15世纪,湖南省,建筑材料,瓦,0.9
2078,中田村古建筑群,民居,明,1404,15世纪,湖南省,建筑功能,聚居村落,0.95
2078,中田村古建筑群,民居,明,1404,15世纪,湖南省,建筑功能,宗族居住,0.9
2078,中田村古建筑群,民居,明,1404,15世纪,湖南省,营造技艺,排水系统营造,0.75
2078,中田村古建筑群,民居,明,1404,15世纪,湖南省,建筑空间布局,座南朝北,0.95
2078,中田村古建筑群,民居,明,1404,15世纪,湖南省,建筑空间布局,户户相通,0.95
2078,中田村古建筑群,民居,明,1404,15世纪,湖南省,建筑空间布局,天井院落,0.9
2078,中田村古建筑群,民居,明,1404,15世纪,湖南省,建筑空间布局,巷道网络,0.9
2079,许家桥将军府,官府,元,1368,14世纪,湖南省,建筑结构体系,抬梁式,0.75
2079,许家桥将军府,官府,元,1368,14世纪,湖南省,建筑结构体系,穿斗式,0.7
2079,许家桥将军府,官府,元,1368,14世纪,湖南省,建筑材料,青砖,0.8
2079,许家桥将军府,官府,元,1368,14世纪,湖南省,建筑材料,木材,0.85
2079,许家桥将军府,官府,元,1368,14世纪,湖南省,建筑材料,石材,0.7
2079,许家桥将军府,官府,元,1368,14世纪,湖南省,建筑功能,官式宅院,0.85
2079,许家桥将军府,官府,元,1368,14世纪,湖南省,建筑功能,住宅,0.75
2079,许家桥将军府,官府,元,1368,14世纪,湖南省,建筑功能,府邸,0.7
2079,许家桥将军府,官府,元,1368,14世纪,湖南省,营造技艺,榫卯结构,0.8
2079,许家桥将军府,官府,元,1368,14世纪,湖南省,营造技艺,雕花装饰,0.75
2079,许家桥将军府,官府,元,1368,14世纪,湖南省,营造技艺,四合院营造法,0.7
2079,许家桥将军府,官府,元,1368,14世纪,湖南省,建筑空间布局,四进院落,0.9
2079,许家桥将军府,官府,元,1368,14世纪,湖南省,建筑空间布局,两列并排,0.85
2079,许家桥将军府,官府,元,1368,14世纪,湖南省,建筑空间布局,坐东朝西,0.85
2079,许家桥将军府,官府,元,1368,14世纪,湖南省,建筑空间布局,合院式布局,0.75
2080,板梁村古建筑群,民居,元,1358,14世纪,湖南省,建筑结构体系,穿斗式,0.7
2080,板梁村古建筑群,民居,元,1358,14世纪,湖南省,建筑结构体系,抬梁式,0.65
2080,板梁村古建筑群,民居,元,1358,14世纪,湖南省,建筑材料,砖,0.55
2080,板梁村古建筑群,民居,元,1358,14世纪,湖南省,建筑材料,石,0.55
2080,板梁村古建筑群,民居,元,1358,14世纪,湖南省,建筑材料,木材,0.55
2080,板梁村古建筑群,民居,元,1358,14世纪,湖南省,建筑功能,宗祠,0.75
2080,板梁村古建筑群,民居,元,1358,14世纪,湖南省,营造技艺,砖雕,0.9
2080,板梁村古建筑群,民居,元,1358,14世纪,湖南省,营造技艺,石雕,0.9
2080,板梁村古建筑群,民居,元,1358,14世纪,湖南省,营造技艺,木雕,0.9
2080,板梁村古建筑群,民居,元,1358,14世纪,湖南省,建筑空间布局,风水布局,0.85
2083,杉木桥胡家大院,民居,清,1644,17世纪,湖南省,建筑结构体系,砖木结构,0.95
2083,杉木桥胡家大院,民居,清,1644,17世纪,湖南省,建筑结构体系,硬山顶,0.95
2083,杉木桥胡家大院,民居,清,1644,17世纪,湖南省,建筑结构体系,院落式,0.95
2083,杉木桥胡家大院,民居,清,1644,17世纪,湖南省,建筑材料,砖,0.9
2083,杉木桥胡家大院,民居,清,1644,17世纪,湖南省,建筑材料,木材,0.9
2083,杉木桥胡家大院,民居,清,1644,17世纪,湖南省,建筑功能,公厅屋,0.85
2083,杉木桥胡家大院,民居,清,1644,17世纪,湖南省,建筑功能,天井,0.85
2083,杉木桥胡家大院,民居,清,1644,17世纪,湖南省,建筑功能,门楼,0.85
2083,杉木桥胡家大院,民居,清,1644,17世纪,湖南省,建筑功能,横屋,0.85
2083,杉木桥胡家大院,民居,清,1644,17世纪,湖南省,营造技艺,明代遗风,0.8
2083,杉木桥胡家大院,民居,清,1644,17世纪,湖南省,营造技艺,清代民居技艺,0.8
2083,杉木桥胡家大院,民居,清,1644,17世纪,湖南省,营造技艺,断代标本,0.8
2083,杉木桥胡家大院,民居,清,1644,17世纪,湖南省,建筑空间布局,中轴对称,0.95
2083,杉木桥胡家大院,民居,清,1644,17世纪,湖南省,建筑空间布局,院落连体,0.95
2083,杉木桥胡家大院,民居,清,1644,17世纪,湖南省,建筑空间布局,横屋排列,0.95
2083,杉木桥胡家大院,民居,清,1644,17世纪,湖南省,建筑空间布局,多进院落,0.95
2087,澧县多安桥,桥梁,清,1784,18世纪,湖南省,建筑结构体系,连拱结构,0.98
2087,澧县多安桥,桥梁,清,1784,18世纪,湖南省,建筑结构体系,石拱桥,0.97
2087,澧县多安桥,桥梁,清,1784,18世纪,湖南省,建筑结构体系,十一孔拱桥,0.96
2087,澧县多安桥,桥梁,清,1784,18世纪,湖南省,建筑材料,石材,0.95
2087,澧县多安桥,桥梁,清,1784,18世纪,湖南省,建筑材料,石质,0.94
2087,澧县多安桥,桥梁,清,1784,18世纪,湖南省,建筑功能,交通桥梁,0.92
2087,澧县多安桥,桥梁,清,1784,18世纪,湖南省,建筑功能,通行功能,0.91
2087,澧县多安桥,桥梁,清,1784,18世纪,湖南省,建筑功能,危桥限行,0.9
2087,澧县多安桥,桥梁,清,1784,18世纪,湖南省,营造技艺,木桩地钉基础,0.94
2087,澧县多安桥,桥梁,清,1784,18世纪,湖南省,营造技艺,舟形桥墩,0.93
2087,澧县多安桥,桥梁,清,1784,18世纪,湖南省,营造技艺,台阶内收砌筑,0.92
2087,澧县多安桥,桥梁,清,1784,18世纪,湖南省,建筑空间布局,西北—东南走向,0.9
2087,澧县多安桥,桥梁,清,1784,18世纪,湖南省,建筑空间布局,弧形桥身,0.89
2087,澧县多安桥,桥梁,清,1784,18世纪,湖南省,建筑空间布局,十一拱九墩两台,0.88
2090,桃树湾刘氏大屋,民居,清,1849,19世纪,湖南省,建筑结构体系,砖木结构,0.95
2090,桃树湾刘氏大屋,民居,清,1849,19世纪,湖南省,建筑结构体系,土木结构,0.94
2090,桃树湾刘氏大屋,民居,清,1849,19世纪,湖南省,建筑结构体系,硬山顶,0.93
2090,桃树湾刘氏大屋,民居,清,1849,19世纪,湖南省,建筑结构体系,封火墙,0.92
2090,桃树湾刘氏大屋,民居,清,1849,19世纪,湖南省,建筑材料,青瓦,0.93
2090,桃树湾刘氏大屋,民居,清,1849,19世纪,湖南省,建筑材料,三合土,0.92
2090,桃树湾刘氏大屋,民居,清,1849,19世纪,湖南省,建筑材料,砖,0.91
2090,桃树湾刘氏大屋,民居,清,1849,19世纪,湖南省,建筑材料,木材,0.9
2090,桃树湾刘氏大屋,民居,清,1849,19世纪,湖南省,建筑功能,私塾,0.96
2090,桃树湾刘氏大屋,民居,清,1849,19世纪,湖南省,建筑功能,粮仓,0.95
2090,桃树湾刘氏大屋,民居,清,1849,19世纪,湖南省,建筑功能,神坛,0.94
2090,桃树湾刘氏大屋,民居,清,1849,19世纪,湖南省,建筑功能,校舍,0.93
2090,桃树湾刘氏大屋,民居,清,1849,19世纪,湖南省,营造技艺,版筑,0.55
2090,桃树湾刘氏大屋,民居,清,1849,19世纪,湖南省,建筑空间布局,四进院落,0.98
2090,桃树湾刘氏大屋,民居,清,1849,19世纪,湖南省,建筑空间布局,三条轴线,0.97
2090,桃树湾刘氏大屋,民居,清,1849,19世纪,湖南省,建筑空间布局,中轴序列,0.96
2090,桃树湾刘氏大屋,民居,清,1849,19世纪,湖南省,建筑空间布局,回廊连接,0.95
2092,宝镜何家大院,民居,清,1644,17世纪,湖南省,建筑结构体系,木构架,0.85
2092,宝镜何家大院,民居,清,1644,17世纪,湖南省,建筑结构体系,穿斗式,0.8
2092,宝镜何家大院,民居,清,1644,17世纪,湖南省,建筑材料,青砖,0.85
2092,宝镜何家大院,民居,清,1644,17世纪,湖南省,建筑材料,木材,0.9
2092,宝镜何家大院,民居,清,1644,17世纪,湖南省,建筑材料,灰瓦,0.8
2092,宝镜何家大院,民居,清,1644,17世纪,湖南省,建筑功能,宗祠,0.6
2092,宝镜何家大院,民居,清,1644,17世纪,湖南省,营造技艺,雕花门窗,0.8
2092,宝镜何家大院,民居,清,1644,17世纪,湖南省,营造技艺,马头墙,0.75
2092,宝镜何家大院,民居,清,1644,17世纪,湖南省,建筑空间布局,八字门楼,0.9
2092,宝镜何家大院,民居,清,1644,17世纪,湖南省,建筑空间布局,走马吊楼,0.9
2092,宝镜何家大院,民居,清,1644,17世纪,湖南省,建筑空间布局,明远楼,0.9
2092,宝镜何家大院,民居,清,1644,17世纪,湖南省,建筑空间布局,围姊地,0.9
2092,宝镜何家大院,民居,清,1644,17世纪,湖南省,建筑空间布局,多进院落,0.85
2097,联丰花萼楼,民居,明,1608,17世纪,广东省,建筑结构体系,土木结构,0.95
2097,联丰花萼楼,民居,明,1608,17世纪,广东省,建筑结构体系,圆形土楼,0.94
2097,联丰花萼楼,民居,明,1608,17世纪,广东省,建筑结构体系,三环楼层,0.93
2097,联丰花萼楼,民居,明,1608,17世纪,广东省,建筑材料,夯土,0.98
2097,联丰花萼楼,民居,明,1608,17世纪,广东省,建筑材料,木梁,0.97
2097,联丰花萼楼,民居,明,1608,17世纪,广东省,建筑材料,灰瓦,0.96
2097,联丰花萼楼,民居,明,1608,17世纪,广东省,建筑材料,花岗岩,0.95
2097,联丰花萼楼,民居,明,1608,17世纪,广东省,建筑材料,铁皮,0.92
2097,联丰花萼楼,民居,明,1608,17世纪,广东省,建筑功能,家族居住,0.96
2097,联丰花萼楼,民居,明,1608,17世纪,广东省,建筑功能,防御功能,0.95
2097,联丰花萼楼,民居,明,1608,17世纪,广东省,建筑功能,生活设施配套,0.93
2097,联丰花萼楼,民居,明,1608,17世纪,广东省,营造技艺,夯土筑墙,0.85
2097,联丰花萼楼,民居,明,1608,17世纪,广东省,营造技艺,木构屋架,0.84
2097,联丰花萼楼,民居,明,1608,17世纪,广东省,建筑空间布局,三环同心布局,0.97
2097,联丰花萼楼,民居,明,1608,17世纪,广东省,建筑空间布局,圆形天井,0.96
2097,联丰花萼楼,民居,明,1608,17世纪,广东省,建筑空间布局,中心古井,0.94
2097,联丰花萼楼,民居,明,1608,17世纪,广东省,建筑空间布局,鹅卵石铺地,0.93
2102,大埔泰安楼,民居,清,1763,18世纪,广东省,建筑结构体系,方形土楼,0.95
2102,大埔泰安楼,民居,清,1763,18世纪,广东省,建筑结构体系,石方楼,0.94
2102,大埔泰安楼,民居,清,1763,18世纪,广东省,建筑结构体系,楼中有屋,0.93
2102,大埔泰安楼,民居,清,1763,18世纪,广东省,建筑材料,生土,0.98
2102,大埔泰安楼,民居,清,1763,18世纪,广东省,建筑材料,石材,0.97
2102,大埔泰安楼,民居,清,1763,18世纪,广东省,建筑材料,青砖,0.96
2102,大埔泰安楼,民居,清,1763,18世纪,广东省,建筑功能,家族聚居,0.93
2102,大埔泰安楼,民居,清,1763,18世纪,广东省,建筑功能,民居建筑,0.92
2102,大埔泰安楼,民居,清,1763,18世纪,广东省,建筑功能,人文博物馆,0.9
2102,大埔泰安楼,民居,清,1763,18世纪,广东省,营造技艺,夯土筑墙,0.92
2102,大埔泰安楼,民居,清,1763,18世纪,广东省,营造技艺,石砌基础,0.91
2102,大埔泰安楼,民居,清,1763,18世纪,广东省,营造技艺,木构架承重,0.9
2102,大埔泰安楼,民居,清,1763,18世纪,广东省,建筑空间布局,围院结构,0.96
2102,大埔泰安楼,民居,清,1763,18世纪,广东省,建筑空间布局,中轴对称,0.95
2102,大埔泰安楼,民居,清,1763,18世纪,广东省,建筑空间布局,环抱式布局,0.94
2102,大埔泰安楼,民居,清,1763,18世纪,广东省,建筑空间布局,三进院落,0.92
2104,龙门鹤湖围,民居,清,1863,19世纪,广东省,建筑结构体系,围楼结构,0.95
2104,龙门鹤湖围,民居,清,1863,19世纪,广东省,建筑结构体系,三堂四横,0.95
2104,龙门鹤湖围,民居,清,1863,19世纪,广东省,建筑结构体系,碉楼,0.93
2104,龙门鹤湖围,民居,清,1863,19世纪,广东省,建筑结构体系,望楼,0.92
2104,龙门鹤湖围,民居,清,1863,19世纪,广东省,建筑结构体系,斗门,0.9
2104,龙门鹤湖围,民居,清,1863,19世纪,广东省,建筑材料,生土,0.6
2104,龙门鹤湖围,民居,清,1863,19世纪,广东省,建筑材料,砖石,0.55
2104,龙门鹤湖围,民居,清,1863,19世纪,广东省,建筑功能,防御性,0.9
2104,龙门鹤湖围,民居,清,1863,19世纪,广东省,建筑功能,居住功能,0.88
2104,龙门鹤湖围,民居,清,1863,19世纪,广东省,建筑功能,祠堂功能,0.85
2104,龙门鹤湖围,民居,清,1863,19世纪,广东省,营造技艺,夯土技术,0.6
2104,龙门鹤湖围,民居,清,1863,19世纪,广东省,营造技艺,通廊式营造,0.55
2104,龙门鹤湖围,民居,清,1863,19世纪,广东省,建筑空间布局,三堂四横一外围,0.95
2104,龙门鹤湖围,民居,清,1863,19世纪,广东省,建筑空间布局,坐西北向东南,0.93
2104,龙门鹤湖围,民居,清,1863,19世纪,广东省,建筑空间布局,通廊房布局,0.9
2104,龙门鹤湖围,民居,清,1863,19世纪,广东省,建筑空间布局,中心望楼布局,0.88
2105,大埔光禄第,民居,清,1908,20世纪,广东省,建筑结构体系,土木结构,0.95
2105,大埔光禄第,民居,清,1908,20世纪,广东省,建筑结构体系,三堂四横一围,0.95
2105,大埔光禄第,民居,清,1908,20世纪,广东省,建筑结构体系,三进院落,0.95
2105,大埔光禄第,民居,清,1908,20世纪,广东省,建筑结构体系,围屋,0.93
2105,大埔光禄第,民居,清,1908,20世纪,广东省,建筑材料,生土,0.85
2105,大埔光禄第,民居,清,1908,20世纪,广东省,建筑材料,木材,0.85
2105,大埔光禄第,民居,清,1908,20世纪,广东省,建筑功能,居住,0.9
2105,大埔光禄第,民居,清,1908,20世纪,广东省,建筑功能,书斋,0.9
2105,大埔光禄第,民居,清,1908,20世纪,广东省,建筑功能,花园,0.9
2105,大埔光禄第,民居,清,1908,20世纪,广东省,建筑功能,私人码头,0.9
2105,大埔光禄第,民居,清,1908,20世纪,广东省,营造技艺,夯土墙,0.88
2105,大埔光禄第,民居,清,1908,20世纪,广东省,营造技艺,穿斗式木构架,0.85
2105,大埔光禄第,民居,清,1908,20世纪,广东省,营造技艺,天井排水系统,0.82
2105,大埔光禄第,民居,清,1908,20世纪,广东省,建筑空间布局,多厅多井,0.95
2105,大埔光禄第,民居,清,1908,20世纪,广东省,建筑空间布局,坐南向北,0.95
2105,大埔光禄第,民居,清,1908,20世纪,广东省,建筑空间布局,背山面水,0.92
2105,大埔光禄第,民居,清,1908,20世纪,广东省,建筑空间布局,四横一围,0.95
2106,桂林静江府城墙,官府,唐,618,7世纪,广西壮族自治区,建筑结构体系,石砌城墙,0.95
2106,桂林静江府城墙,官府,唐,618,7世纪,广西壮族自治区,建筑结构体系,月城,0.93
2106,桂林静江府城墙,官府,唐,618,7世纪,广西壮族自治区,建筑结构体系,瓮城,0.91
2106,桂林静江府城墙,官府,唐,618,7世纪,广西壮族自治区,建筑结构体系,护城河,0.9
2106,桂林静江府城墙,官府,唐,618,7世纪,广西壮族自治区,建筑材料,大型石块,0.85
2106,桂林静江府城墙,官府,唐,618,7世纪,广西壮族自治区,建筑材料,石材,0.83
2106,桂林静江府城墙,官府,唐,618,7世纪,广西壮族自治区,建筑功能,军事防御,0.97
2106,桂林静江府城墙,官府,唐,618,7世纪,广西壮族自治区,建筑功能,城池守御,0.96
2106,桂林静江府城墙,官府,唐,618,7世纪,广西壮族自治区,建筑功能,抗洪防攻,0.92
2106,桂林静江府城墙,官府,唐,618,7世纪,广西壮族自治区,营造技艺,石砌工艺,0.55
2106,桂林静江府城墙,官府,唐,618,7世纪,广西壮族自治区,营造技艺,城墙砌筑,0.53
2106,桂林静江府城墙,官府,唐,618,7世纪,广西壮族自治区,建筑空间布局,子城-外城结构,0.96
2106,桂林静江府城墙,官府,唐,618,7世纪,广西壮族自治区,建筑空间布局,南北主干道,0.95
2106,桂林静江府城墙,官府,唐,618,7世纪,广西壮族自治区,建筑空间布局,东西主干道,0.94
2106,桂林静江府城墙,官府,唐,618,7世纪,广西壮族自治区,建筑空间布局,城门对位布局,0.93
2106,桂林静江府城墙,官府,唐,618,7世纪,广西壮族自治区,建筑空间布局,隔墙分域,0.92
2109,贺州江氏客家围屋,民居,清,1885,19世纪,广西壮族自治区,建筑结构体系,围院结构,0.85
2109,贺州江氏客家围屋,民居,清,1885,19世纪,广西壮族自治区,建筑结构体系,对称布局,0.8
2109,贺州江氏客家围屋,民居,清,1885,19世纪,广西壮族自治区,建筑材料,青石,0.9
2109,贺州江氏客家围屋,民居,清,1885,19世纪,广西壮族自治区,建筑材料,賀州白,0.85
2109,贺州江氏客家围屋,民居,清,1885,19世纪,广西壮族自治区,建筑材料,石材,0.8
2109,贺州江氏客家围屋,民居,清,1885,19世纪,广西壮族自治区,建筑功能,客家民宅,0.95
2109,贺州江氏客家围屋,民居,清,1885,19世纪,广西壮族自治区,建筑功能,历史见证物,0.85
2109,贺州江氏客家围屋,民居,清,1885,19世纪,广西壮族自治区,建筑功能,清代民居,0.8
2109,贺州江氏客家围屋,民居,清,1885,19世纪,广西壮族自治区,营造技艺,传统砌筑,0.4
2109,贺州江氏客家围屋,民居,清,1885,19世纪,广西壮族自治区,营造技艺,石构技艺,0.35
2109,贺州江氏客家围屋,民居,清,1885,19世纪,广西壮族自治区,建筑空间布局,中轴对称,0.95
2109,贺州江氏客家围屋,民居,清,1885,19世纪,广西壮族自治区,建筑空间布局,四堂四横,0.95
2109,贺州江氏客家围屋,民居,清,1885,19世纪,广西壮族自治区,建筑空间布局,天井院落,0.9
2112,琼山侯家大院,民居,清,1875,19世纪,海南省,建筑结构体系,砖木混合结构,0.95
2112,琼山侯家大院,民居,清,1875,19世纪,海南省,建筑结构体系,四进式正屋,0.94
2112,琼山侯家大院,民居,清,1875,19世纪,海南省,建筑结构体系,三进式正屋,0.93
2112,琼山侯家大院,民居,清,1875,19世纪,海南省,建筑结构体系,横屋,0.92
2112,琼山侯家大院,民居,清,1875,19世纪,海南省,建筑材料,坤甸木,0.93
2112,琼山侯家大院,民居,清,1875,19世纪,海南省,建筑材料,菠萝蜜木,0.92
2112,琼山侯家大院,民居,清,1875,19世纪,海南省,建筑材料,花梨木,0.91
2112,琼山侯家大院,民居,清,1875,19世纪,海南省,建筑材料,灰塑,0.9
2112,琼山侯家大院,民居,清,1875,19世纪,海南省,建筑材料,彩绘,0.89
2112,琼山侯家大院,民居,清,1875,19世纪,海南省,建筑功能,客厅,0.88
2112,琼山侯家大院,民居,清,1875,19世纪,海南省,建筑功能,卧房,0.87
2112,琼山侯家大院,民居,清,1875,19世纪,海南省,建筑功能,神龛,0.86
2112,琼山侯家大院,民居,清,1875,19世纪,海南省,建筑功能,屏风,0.85
2112,琼山侯家大院,民居,清,1875,19世纪,海南省,营造技艺,木雕,0.9
2112,琼山侯家大院,民居,清,1875,19世纪,海南省,营造技艺,彩绘,0.89
2112,琼山侯家大院,民居,清,1875,19世纪,海南省,营造技艺,吉祥纹样雕刻,0.88
2112,琼山侯家大院,民居,清,1875,19世纪,海南省,营造技艺,传统雕刻技艺,0.87
2112,琼山侯家大院,民居,清,1875,19世纪,海南省,建筑空间布局,四进式布局,0.92
2112,琼山侯家大院,民居,清,1875,19世纪,海南省,建筑空间布局,三进式布局,0.91
2112,琼山侯家大院,民居,清,1875,19世纪,海南省,建筑空间布局,横屋布局,0.9
2112,琼山侯家大院,民居,清,1875,19世纪,海南省,建筑空间布局,琼北民居布局,0.89
2114,湾底谭氏民居,民居,清,1662,17世纪,重庆市,建筑结构体系,穿斗式,0.95
2114,湾底谭氏民居,民居,清,1662,17世纪,重庆市,建筑结构体系,砖木结构,0.95
2114,湾底谭氏民居,民居,清,1662,17世纪,重庆市,建筑结构体系,悬山式屋顶,0.95
2114,湾底谭氏民居,民居,清,1662,17世纪,重庆市,建筑材料,石材,0.9
2114,湾底谭氏民居,民居,清,1662,17世纪,重庆市,建筑材料,砖,0.85
2114,湾底谭氏民居,民居,清,1662,17世纪,重庆市,建筑材料,木材,0.85
2114,湾底谭氏民居,民居,清,1662,17世纪,重庆市,建筑功能,民居,0.98
2114,湾底谭氏民居,民居,清,1662,17世纪,重庆市,建筑功能,居住,0.95
2114,湾底谭氏民居,民居,清,1662,17世纪,重庆市,建筑功能,家族聚居,0.9
2114,湾底谭氏民居,民居,清,1662,17世纪,重庆市,营造技艺,石刻,0.93
2114,湾底谭氏民居,民居,清,1662,17世纪,重庆市,营造技艺,彩绘,0.93
2114,湾底谭氏民居,民居,清,1662,17世纪,重庆市,营造技艺,封火墙,0.93
2114,湾底谭氏民居,民居,清,1662,17世纪,重庆市,营造技艺,地方传统营造技艺,0.93
2114,湾底谭氏民居,民居,清,1662,17世纪,重庆市,建筑空间布局,四合院,0.96
2114,湾底谭氏民居,民居,清,1662,17世纪,重庆市,建筑空间布局,中轴对称,0.96
2114,湾底谭氏民居,民居,清,1662,17世纪,重庆市,建筑空间布局,多进院落,0.96
2114,湾底谭氏民居,民居,清,1662,17世纪,重庆市,建筑空间布局,天井,0.96
2125,井研雷氏民居,民居,清,1736,18世纪,四川省,建筑结构体系,穿斗式,0.95
2125,井研雷氏民居,民居,清,1736,18世纪,四川省,建筑结构体系,四合院,0.93
2125,井研雷氏民居,民居,清,1736,18世纪,四川省,建筑结构体系,对称布局,0.9
2125,井研雷氏民居,民居,清,1736,18世纪,四川省,建筑材料,石材,0.92
2125,井研雷氏民居,民居,清,1736,18世纪,四川省,建筑材料,木材,0.9
2125,井研雷氏民居,民居,清,1736,18世纪,四川省,建筑材料,砖石,0.85
2125,井研雷氏民居,民居,清,1736,18世纪,四川省,建筑功能,家族宅第,0.95
2125,井研雷氏民居,民居,清,1736,18世纪,四川省,建筑功能,民居,0.94
2125,井研雷氏民居,民居,清,1736,18世纪,四川省,建筑功能,官宅,0.9
2125,井研雷氏民居,民居,清,1736,18世纪,四川省,营造技艺,木雕,0.91
2125,井研雷氏民居,民居,清,1736,18世纪,四川省,营造技艺,石雕,0.91
2125,井研雷氏民居,民居,清,1736,18世纪,四川省,营造技艺,穿斗式构架,0.9
2125,井研雷氏民居,民居,清,1736,18世纪,四川省,建筑空间布局,四进院落,0.95
2125,井研雷氏民居,民居,清,1736,18世纪,四川省,建筑空间布局,天井布局,0.93
2125,井研雷氏民居,民居,清,1736,18世纪,四川省,建筑空间布局,背山面水,0.92
2125,井研雷氏民居,民居,清,1736,18世纪,四川省,建筑空间布局,层层递升,0.9
2126,屏山龙氏山庄,民居,清,1644,17世纪,四川省,建筑结构体系,阶梯式结构,0.95
2126,屏山龙氏山庄,民居,清,1644,17世纪,四川省,建筑结构体系,风火墙,0.93
2126,屏山龙氏山庄,民居,清,1644,17世纪,四川省,建筑结构体系,碉楼结构,0.9
2126,屏山龙氏山庄,民居,清,1644,17世纪,四川省,建筑材料,砖石,0.6
2126,屏山龙氏山庄,民居,清,1644,17世纪,四川省,建筑材料,木材,0.55
2126,屏山龙氏山庄,民居,清,1644,17世纪,四川省,建筑功能,生活防御复合功能,0.9
2126,屏山龙氏山庄,民居,清,1644,17世纪,四川省,建筑功能,官宦宅第,0.88
2126,屏山龙氏山庄,民居,清,1644,17世纪,四川省,建筑功能,家族聚居,0.85
2126,屏山龙氏山庄,民居,清,1644,17世纪,四川省,营造技艺,依山就势营造,0.7
2126,屏山龙氏山庄,民居,清,1644,17世纪,四川省,营造技艺,高差处理技艺,0.65
2126,屏山龙氏山庄,民居,清,1644,17世纪,四川省,建筑空间布局,品字形布局,0.95
2126,屏山龙氏山庄,民居,清,1644,17世纪,四川省,建筑空间布局,阶梯式布局,0.94
2126,屏山龙氏山庄,民居,清,1644,17世纪,四川省,建筑空间布局,前低后高格局,0.92
2126,屏山龙氏山庄,民居,清,1644,17世纪,四川省,建筑空间布局,坐西向东朝向,0.9
2139,云南提督府旧址,官府,清,1662,17世纪,云南省,建筑结构体系,四合院式,0.95
2139,云南提督府旧址,官府,清,1662,17世纪,云南省,建筑结构体系,五开间正房,0.93
2139,云南提督府旧址,官府,清,1662,17世纪,云南省,建筑结构体系,三间厢房,0.92
2139,云南提督府旧址,官府,清,1662,17世纪,云南省,建筑结构体系,迥栏转角,0.9
2139,云南提督府旧址,官府,清,1662,17世纪,云南省,建筑材料,青砖,0.75
2139,云南提督府旧址,官府,清,1662,17世纪,云南省,建筑材料,木构架,0.78
2139,云南提督府旧址,官府,清,1662,17世纪,云南省,建筑材料,灰瓦,0.76
2139,云南提督府旧址,官府,清,1662,17世纪,云南省,建筑功能,府衙,0.98
2139,云南提督府旧址,官府,清,1662,17世纪,云南省,建筑功能,军事指挥机构,0.97
2139,云南提督府旧址,官府,清,1662,17世纪,云南省,建筑功能,元帅府,0.96
2139,云南提督府旧址,官府,清,1662,17世纪,云南省,建筑功能,博物馆,0.95
2139,云南提督府旧址,官府,清,1662,17世纪,云南省,营造技艺,抬梁式,0.72
2139,云南提督府旧址,官府,清,1662,17世纪,云南省,营造技艺,硬山顶工艺,0.74
2139,云南提督府旧址,官府,清,1662,17世纪,云南省,营造技艺,台基砌筑,0.7
2139,云南提督府旧址,官府,清,1662,17世纪,云南省,建筑空间布局,坐西向东,0.96
2139,云南提督府旧址,官府,清,1662,17世纪,云南省,建筑空间布局,四合院格局,0.95
2139,云南提督府旧址,官府,清,1662,17世纪,云南省,建筑空间布局,轴线序列,0.93
2139,云南提督府旧址,官府,清,1662,17世纪,云南省,建筑空间布局,西南角附属房,0.92
2139,云南提督府旧址,官府,清,1662,17世纪,云南省,建筑空间布局,后花园布局,0.9
2140,叶枝土司衙署,官府,清,1662,17世纪,云南省,建筑结构体系,四合院,0.95
2140,叶枝土司衙署,官府,清,1662,17世纪,云南省,建筑结构体系,三坊一照壁,0.95
2140,叶枝土司衙署,官府,清,1662,17世纪,云南省,建筑结构体系,四合五天井,0.95
2140,叶枝土司衙署,官府,清,1662,17世纪,云南省,建筑材料,青石,0.55
2140,叶枝土司衙署,官府,清,1662,17世纪,云南省,建筑材料,木材,0.55
2140,叶枝土司衙署,官府,清,1662,17世纪,云南省,建筑材料,彩绘壁画,0.55
2140,叶枝土司衙署,官府,清,1662,17世纪,云南省,建筑功能,官邸,0.9
2140,叶枝土司衙署,官府,清,1662,17世纪,云南省,建筑功能,政教中心,0.9
2140,叶枝土司衙署,官府,清,1662,17世纪,云南省,建筑功能,卫队室,0.9
2140,叶枝土司衙署,官府,清,1662,17世纪,云南省,建筑功能,黑神殿,0.9
2140,叶枝土司衙署,官府,清,1662,17世纪,云南省,营造技艺,飞檐斗拱,0.85
2140,叶枝土司衙署,官府,清,1662,17世纪,云南省,营造技艺,雕梁画柱,0.85
2140,叶枝土司衙署,官府,清,1662,17世纪,云南省,营造技艺,精雕格扇,0.85
2140,叶枝土司衙署,官府,清,1662,17世纪,云南省,营造技艺,彩绘壁画,0.85
2140,叶枝土司衙署,官府,清,1662,17世纪,云南省,建筑空间布局,二进大院,0.95
2140,叶枝土司衙署,官府,清,1662,17世纪,云南省,建筑空间布局,四合院,0.95
2140,叶枝土司衙署,官府,清,1662,17世纪,云南省,建筑空间布局,三坊一照壁,0.95
2140,叶枝土司衙署,官府,清,1662,17世纪,云南省,建筑空间布局,四合五天井,0.95
2141,洄澜桥阁,桥梁,清,1736,18世纪,云南省,建筑结构体系,重檐攒尖顶,0.95
2141,洄澜桥阁,桥梁,清,1736,18世纪,云南省,建筑结构体系,重檐歇山顶,0.95
2141,洄澜桥阁,桥梁,清,1736,18世纪,云南省,建筑结构体系,抬梁式,0.95
2141,洄澜桥阁,桥梁,清,1736,18世纪,云南省,建筑结构体系,三斗三拱,0.95
2141,洄澜桥阁,桥梁,清,1736,18世纪,云南省,建筑结构体系,单孔石拱桥,0.95
2141,洄澜桥阁,桥梁,清,1736,18世纪,云南省,建筑材料,青砖,0.9
2141,洄澜桥阁,桥梁,清,1736,18世纪,云南省,建筑材料,木材,0.85
2141,洄澜桥阁,桥梁,清,1736,18世纪,云南省,建筑材料,砖石,0.85
2141,洄澜桥阁,桥梁,清,1736,18世纪,云南省,建筑功能,水利工程,0.98
2141,洄澜桥阁,桥梁,清,1736,18世纪,云南省,建筑功能,水利设施,0.98
2141,洄澜桥阁,桥梁,清,1736,18世纪,云南省,营造技艺,斗拱雕刻,0.85
2141,洄澜桥阁,桥梁,清,1736,18世纪,云南省,营造技艺,花枋雕刻,0.85
2141,洄澜桥阁,桥梁,清,1736,18世纪,云南省,建筑空间布局,五开间,0.92
2141,洄澜桥阁,桥梁,清,1736,18世纪,云南省,建筑空间布局,八角亭,0.92
2141,洄澜桥阁,桥梁,清,1736,18世纪,云南省,建筑空间布局,左右两阁并立,0.92
2145,海口川字闸,桥梁,清,1836,19世纪,云南省,建筑结构体系,石砌拱券结构,0.98
2145,海口川字闸,桥梁,清,1836,19世纪,云南省,建筑结构体系,多孔闸桥,0.97
2145,海口川字闸,桥梁,清,1836,19世纪,云南省,建筑结构体系,三段式布局,0.96
2145,海口川字闸,桥梁,清,1836,19世纪,云南省,建筑材料,石材,0.95
2145,海口川字闸,桥梁,清,1836,19世纪,云南省,建筑材料,木板,0.92
2145,海口川字闸,桥梁,清,1836,19世纪,云南省,建筑材料,填土,0.9
2145,海口川字闸,桥梁,清,1836,19世纪,云南省,建筑功能,蓄水,0.97
2145,海口川字闸,桥梁,清,1836,19世纪,云南省,建筑功能,泄洪,0.97
2145,海口川字闸,桥梁,清,1836,19世纪,云南省,建筑功能,灌溉,0.97
2145,海口川字闸,桥梁,清,1836,19世纪,云南省,建筑功能,通行,0.96
2145,海口川字闸,桥梁,清,1836,19世纪,云南省,营造技艺,纵联砌置法,0.93
2145,海口川字闸,桥梁,清,1836,19世纪,云南省,营造技艺,竖向沟槽插板技术,0.91
2145,海口川字闸,桥梁,清,1836,19世纪,云南省,建筑空间布局,川字形布局,0.96
2145,海口川字闸,桥梁,清,1836,19世纪,云南省,建筑空间布局,三股河道分跨,0.95
2145,海口川字闸,桥梁,清,1836,19世纪,云南省,建筑空间布局,闸桥连岛,0.93
2146,建水学政考棚,官府,明,1389,14世纪,云南省,建筑结构体系,抬梁式,0.55
2146,建水学政考棚,官府,明,1389,14世纪,云南省,建筑结构体系,穿斗式,0.55
2146,建水学政考棚,官府,明,1389,14世纪,云南省,建筑材料,木材,0.55
2146,建水学政考棚,官府,明,1389,14世纪,云南省,建筑材料,砖石,0.55
2146,建水学政考棚,官府,明,1389,14世纪,云南省,建筑功能,考场,0.95
2146,建水学政考棚,官府,明,1389,14世纪,云南省,建筑功能,学政公署,0.95
2146,建水学政考棚,官府,明,1389,14世纪,云南省,建筑功能,文场,0.95
2146,建水学政考棚,官府,明,1389,14世纪,云南省,营造技艺,木构架营造,0.75
2146,建水学政考棚,官府,明,1389,14世纪,云南省,营造技艺,对称布局施工,0.7
2146,建水学政考棚,官府,明,1389,14世纪,云南省,建筑空间布局,六进院落,0.98
2146,建水学政考棚,官府,明,1389,14世纪,云南省,建筑空间布局,中轴对称,0.98
2146,建水学政考棚,官府,明,1389,14世纪,云南省,建筑空间布局,坐北朝南,0.98
2147,同乐傈僳族民居建筑群,民居,清,1825,19世纪,云南省,建筑结构体系,井干式,0.98
2147,同乐傈僳族民居建筑群,民居,清,1825,19世纪,云南省,建筑结构体系,木结构,0.97
2147,同乐傈僳族民居建筑群,民居,清,1825,19世纪,云南省,建筑结构体系,楼式,0.95
2147,同乐傈僳族民居建筑群,民居,清,1825,19世纪,云南省,建筑结构体系,落地式,0.95
2147,同乐傈僳族民居建筑群,民居,清,1825,19世纪,云南省,建筑材料,圆木,0.95
2147,同乐傈僳族民居建筑群,民居,清,1825,19世纪,云南省,建筑材料,木瓦,0.94
2147,同乐傈僳族民居建筑群,民居,清,1825,19世纪,云南省,建筑材料,石块,0.92
2147,同乐傈僳族民居建筑群,民居,清,1825,19世纪,云南省,建筑材料,木条,0.91
2147,同乐傈僳族民居建筑群,民居,清,1825,19世纪,云南省,建筑功能,生活区,0.97
2147,同乐傈僳族民居建筑群,民居,清,1825,19世纪,云南省,建筑功能,牲畜圈养,0.96
2147,同乐傈僳族民居建筑群,民居,清,1825,19世纪,云南省,建筑功能,农具堆放,0.95
2147,同乐傈僳族民居建筑群,民居,清,1825,19世纪,云南省,建筑功能,附属用房,0.93
2147,同乐傈僳族民居建筑群,民居,清,1825,19世纪,云南省,营造技艺,井字形摞叠,0.93
2147,同乐傈僳族民居建筑群,民居,清,1825,19世纪,云南省,营造技艺,木瓦铺设,0.92
2147,同乐傈僳族民居建筑群,民居,清,1825,19世纪,云南省,营造技艺,压石防风,0.91
2147,同乐傈僳族民居建筑群,民居,清,1825,19世纪,云南省,建筑空间布局,依山层叠,0.96
2147,同乐傈僳族民居建筑群,民居,清,1825,19世纪,云南省,建筑空间布局,南向坡地,0.95
2147,同乐傈僳族民居建筑群,民居,清,1825,19世纪,云南省,建筑空间布局,面东布局,0.94
2147,同乐傈僳族民居建筑群,民居,清,1825,19世纪,云南省,建筑空间布局,居山不居坝,0.96
2152,达律王府,宫殿,元,1271,13世纪,西藏自治区,建筑结构体系,石木混合结构,0.95
2152,达律王府,宫殿,元,1271,13世纪,西藏自治区,建筑结构体系,土木混合结构,0.95
2152,达律王府,宫殿,元,1271,13世纪,西藏自治区,建筑结构体系,平屋顶,0.9
2152,达律王府,宫殿,元,1271,13世纪,西藏自治区,建筑材料,石材,0.9
2152,达律王府,宫殿,元,1271,13世纪,西藏自治区,建筑材料,木材,0.9
2152,达律王府,宫殿,元,1271,13世纪,西藏自治区,建筑材料,生土,0.85
2152,达律王府,宫殿,元,1271,13世纪,西藏自治区,建筑功能,宫殿,0.95
2152,达律王府,宫殿,元,1271,13世纪,西藏自治区,建筑功能,王府,0.95
2152,达律王府,宫殿,元,1271,13世纪,西藏自治区,营造技艺,彩绘天花,0.85
2152,达律王府,宫殿,元,1271,13世纪,西藏自治区,营造技艺,壁画装饰,0.85
2152,达律王府,宫殿,元,1271,13世纪,西藏自治区,营造技艺,元代佛像画风,0.8
2152,达律王府,宫殿,元,1271,13世纪,西藏自治区,建筑空间布局,长方形平面,0.9
2152,达律王府,宫殿,元,1271,13世纪,西藏自治区,建筑空间布局,集中式布局,0.85
2160,蒲城考院,官府,明,1644,17世纪,陕西省,建筑结构体系,抬梁式,0.65
2160,蒲城考院,官府,明,1644,17世纪,陕西省,建筑结构体系,穿斗式,0.6
2160,蒲城考院,官府,明,1644,17世纪,陕西省,建筑材料,砖石,0.6
2160,蒲城考院,官府,明,1644,17世纪,陕西省,建筑材料,木材,0.58
2160,蒲城考院,官府,明,1644,17世纪,陕西省,建筑材料,生土,0.55
2160,蒲城考院,官府,明,1644,17世纪,陕西省,建筑功能,科举考场,0.95
2160,蒲城考院,官府,明,1644,17世纪,陕西省,建筑功能,考院,0.93
2160,蒲城考院,官府,明,1644,17世纪,陕西省,营造技艺,传统修缮,0.7
2160,蒲城考院,官府,明,1644,17世纪,陕西省,营造技艺,原貌复建,0.68
2160,蒲城考院,官府,明,1644,17世纪,陕西省,建筑空间布局,中轴对称,0.98
2160,蒲城考院,官府,明,1644,17世纪,陕西省,建筑空间布局,围院结构,0.95
2160,蒲城考院,官府,明,1644,17世纪,陕西省,建筑空间布局,号舍布局,0.92
2160,蒲城考院,官府,明,1644,17世纪,陕西省,建筑空间布局,影壁辕门,0.9
2161,米脂常氏庄园,民居,清,1908,20世纪,陕西省,建筑结构体系,合院式,0.85
2161,米脂常氏庄园,民居,清,1908,20世纪,陕西省,建筑结构体系,砖木结构,0.8
2161,米脂常氏庄园,民居,清,1908,20世纪,陕西省,建筑材料,石室,0.55
2161,米脂常氏庄园,民居,清,1908,20世纪,陕西省,建筑材料,石刻,0.55
2161,米脂常氏庄园,民居,清,1908,20世纪,陕西省,建筑功能,历史价值,0.6
2161,米脂常氏庄园,民居,清,1908,20世纪,陕西省,建筑功能,艺术价值,0.6
2161,米脂常氏庄园,民居,清,1908,20世纪,陕西省,建筑功能,科学价值,0.6
2161,米脂常氏庄园,民居,清,1908,20世纪,陕西省,营造技艺,传统合院营造,0.8
2161,米脂常氏庄园,民居,清,1908,20世纪,陕西省,营造技艺,砖雕工艺,0.75
2161,米脂常氏庄园,民居,清,1908,20世纪,陕西省,建筑空间布局,坐北朝南,0.9
2161,米脂常氏庄园,民居,清,1908,20世纪,陕西省,建筑空间布局,三座院落,0.9
2161,米脂常氏庄园,民居,清,1908,20世纪,陕西省,建筑空间布局,围院结构,0.85
2169,张掖高总兵宅院,官府,清,1662,17世纪,甘肃省,建筑结构体系,砖木结构,0.95
2169,张掖高总兵宅院,官府,清,1662,17世纪,甘肃省,建筑结构体系,硬山顶,0.95
2169,张掖高总兵宅院,官府,清,1662,17世纪,甘肃省,建筑结构体系,单檐,0.93
2169,张掖高总兵宅院,官府,清,1662,17世纪,甘肃省,建筑结构体系,面阔五间,0.92
2169,张掖高总兵宅院,官府,清,1662,17世纪,甘肃省,建筑结构体系,进深三间,0.92
2169,张掖高总兵宅院,官府,清,1662,17世纪,甘肃省,建筑材料,砖,0.9
2169,张掖高总兵宅院,官府,清,1662,17世纪,甘肃省,建筑材料,木材,0.9
2169,张掖高总兵宅院,官府,清,1662,17世纪,甘肃省,建筑功能,府第,0.95
2169,张掖高总兵宅院,官府,清,1662,17世纪,甘肃省,建筑功能,军事长官司衙,0.95
2169,张掖高总兵宅院,官府,清,1662,17世纪,甘肃省,建筑功能,清代官邸,0.93
2169,张掖高总兵宅院,官府,清,1662,17世纪,甘肃省,营造技艺,抬梁式,0.8
2169,张掖高总兵宅院,官府,清,1662,17世纪,甘肃省,营造技艺,榫卯结构,0.78
2169,张掖高总兵宅院,官府,清,1662,17世纪,甘肃省,营造技艺,四合院营造法,0.75
2169,张掖高总兵宅院,官府,清,1662,17世纪,甘肃省,建筑空间布局,两进四合院,0.95
2169,张掖高总兵宅院,官府,清,1662,17世纪,甘肃省,建筑空间布局,中轴对称,0.94
2169,张掖高总兵宅院,官府,清,1662,17世纪,甘肃省,建筑空间布局,坐北向南,0.95
2169,张掖高总兵宅院,官府,清,1662,17世纪,甘肃省,建筑空间布局,一进二院,0.93
2169,张掖高总兵宅院,官府,清,1662,17世纪,甘肃省,建筑空间布局,绕廊,0.9
