{"衡阳市": [112.5784472, 26.89957614], "瑞金市": [116.0334207, 25.89166627], "荆州市": [112.2455226, 30.34084211], "清远市": [113.0624683, 23.68823029], "连云港市": [119.2286213, 34.60224953], "鄂州市": [114.9016074, 30.39657217], "原平市": [112.7174871, 38.7364759], "银川市": [106.2384936, 38.49246006], "定西市": [104.6324201, 35.58683293], "重庆市": [116.4133837, 39.91092455], "三亚市": [116.4133837, 39.91092455], "廊坊市": [116.6905817, 39.54336666], "咸阳市": [108.7154225, 34.33547629], "衢州市": [118.8665967, 28.9755458], "常州市": [119.9814847, 31.81579565], "阿坝市": [101.7136097, 32.90822092], "铜川市": [108.9524042, 34.90263708], "高邮市": [119.4656156, 32.78714702], "济南": [116.4133837, 39.91092455], "广元市": [105.8504232, 32.44161631], "泰州市": [119.9295663, 32.46067505], "太原市": [112.5563915, 37.87698903], "莆田市": [119.014521, 25.45986546], "北京市": [116.4133837, 39.91092455], "海口市": [110.2067199, 20.05211309], "滨州市": [117.977404, 37.3881962], "泉州市": [118.6824463, 24.87995233], "南阳市": [112.5345013, 32.9965622], "湘潭市": [112.9504642, 27.83570223], "无锡市": [120.3185833, 31.49880973], "德州市": [116.3655567, 37.44130845], "上饶市": [117.9494596, 28.46062592], "杭州市": [120.2155118, 30.25308298], "朝阳市": [120.4574995, 41.57982086], "梧州市": [111.2855168, 23.48274528], "临海市": [121.1515853, 28.86404933], "黄山市": [118.3454373, 29.72188979], "嘉兴市": [120.7635518, 30.75097483], "丹阳市": [119.6125006, 32.01592027], "朔州市": [112.4393709, 39.33710837], "运城市": [111.0133895, 35.03270691], "巴中市": [106.7515853, 31.87288859], "赣州市": [116.4133837, 39.91092455], "六安市": [116.4133837, 39.91092455], "桐乡市": [120.5715432, 30.63631119], "扬州市": [119.4194189, 32.40067694], "苏州市": [120.5924122, 31.30356407], "南平市": [118.087351, 27.38910499], "宁波市": [121.6308428, 29.86606812], "沧州市": [116.8455808, 38.31021514], "菏泽市": [115.487545, 35.23940742], "德阳市": [104.4044194, 31.133115], "眉山市": [103.8565633, 30.08252612], "丽水市": [119.9295731, 28.47327818], "贵阳市": [106.6365768, 26.65332482], "洛阳市": [112.4594213, 34.62426278], "阜阳市": [115.8204361, 32.89606099], "蚌埠市": [117.3955133, 32.9215237], "孝感市": [113.9634627, 30.92452626], "濮阳市": [115.0355975, 35.76759303], "汝州市": [112.8505497, 34.17276779], "宁德市": [119.5545107, 26.67224171], "石家庄市": [114.5215319, 38.04831193], "云浮市": [112.0515127, 22.92091197], "吕梁市": [111.1504497, 37.52449775], "乐山市": [103.7725376, 29.55794072], "济源市": [112.6085807, 35.07290723], "烟台市": [121.4544154, 37.47003838], "武威市": [116.4133837, 39.91092455], "博尔塔拉蒙古自治州": [82.07291476, 44.91219641], "徐州市": [117.2905754, 34.21266655], "池州市": [117.502082, 30.68054196], "永州市": [111.6194551, 26.42586412], "焦作市": [113.2485478, 35.22096325], "秦皇岛市": [119.5259672, 39.8947272], "漯河市": [114.0234208, 33.58771071], "萍乡市": [113.8936966, 27.66475255], "平顶山市": [113.1995286, 33.77205075], "武汉市": [114.3115816, 30.59846674], "滁州市": [118.3394061, 32.26127087], "安庆市": [117.1212828, 30.53922248], "南充市": [106.1175026, 30.84378251], "襄阳市": [112.1285372, 32.0147968], "新余市": [114.9235347, 27.8235787], "保定市": [115.4714638, 38.87998777], "鹤壁市": [114.3035936, 35.75235741], "内江市": [105.064588, 29.58588654], "绍兴市": [120.5900226, 30.05765736], "安阳市": [114.3995004, 36.10594098], "高州市": [110.8594739, 21.9240489], "恩施市": [109.4865503, 30.30103714], "长沙市": [112.9454732, 28.2348894], "商洛市": [109.9244179, 33.87863385], "定州市": [114.9964962, 38.52219884], "温州市": [120.7064769, 28.0010854], "中山市": [113.3994224, 22.52231467], "鹰潭市": [117.0755754, 28.26578706], "黄冈市": [114.8784905, 30.45935886], "贺州市": [111.5735263, 24.4094509], "恩平市": [112.3114376, 22.1890352], "郑州市": [113.6314192, 34.75343885], "吉首市": [109.7044488, 28.26749313], "江门市": [113.0885562, 22.58460388], "龙岩市": [117.0234476, 25.08121984], "漳州市": [117.6535765, 24.51892979], "镇江市": [119.4304894, 32.19471592], "抚州市": [116.3645388, 27.95489225], "聊城市": [115.9915878, 36.46275819], "淮安市": [119.1197641, 33.55666778], "渭南市": [109.5165896, 34.50571552], "西安市": [108.9464656, 34.34726882], "宝鸡市": [107.2445754, 34.36891564], "邯郸市": [114.5456282, 36.63126273], "樟树市": [115.5524189, 28.06215312], "新乡市": [113.8115938, 35.19656441], "酒泉市": [116.4133837, 39.91092455], "绵阳市": [104.6855619, 31.47366305], "常德市": [111.7054522, 29.03775], "武夷山市": [118.0415772, 27.76255391], "许昌市": [113.8584755, 34.04143161], "西昌市": [102.2714838, 27.9005809], "张家口市": [114.8925722, 40.7732372], "吉林市": [116.4133837, 39.91092455], "崇州市": [103.6794334, 30.63659589], "资阳市": [104.6344353, 30.13495656], "郴州市": [113.0214605, 25.77668327], "开封市": [114.3207651, 34.80401391], "晋城市": [112.8585782, 35.49628459], "遂宁市": [105.5994215, 30.53909767], "佛山市": [113.1285122, 23.02775875], "三明市": [116.4133837, 39.91092455], "九江市": [116.4133837, 39.91092455], "天津市": [117.2080928, 39.0911026], "平凉市": [106.6714423, 35.54923205], "临汾市": [111.5255302, 36.0937419], "桂林市": [110.1861949, 25.24169878], "宣城市": [118.7655342, 30.94660155], "长治市": [113.1225589, 36.20126837], "宿州市": [116.9705439, 33.65209533], "呼和浩特市": [111.7555086, 40.848423], "马鞍山市": [118.5135796, 31.6762656], "定安市": [110.3655335, 19.68711995], "湖州市": [120.0945166, 30.89896394], "信阳市": [114.0974828, 32.15301455], "永康市": [120.2611149, 23.03275981], "天门市": [113.1724092, 30.6696217], "铜陵市": [117.8184768, 30.95123324], "淮南市": [117.0063889, 32.6318474], "韶关市": [113.6035273, 24.81588128], "成都市": [104.0727473, 30.57899372], "忻州市": [116.4133837, 39.91092455], "金华市": [119.6534362, 29.08463939], "镇原市": [107.2075759, 35.68323059], "邛崃市": [103.4704811, 30.4163986], "淄博市": [118.0614525, 36.81908568], "涿州市": [115.9816197, 39.49106583], "延安市": [116.4133837, 39.91092455], "安顺市": [105.9544171, 26.25925238], "三门峡市": [111.2065332, 34.77832725], "汉中市": [107.0294302, 33.07379991], "宜昌市": [111.2925492, 30.69744648], "青岛市": [120.3894552, 36.0722275], "宜城市": [112.2646114, 31.72546973], "昆明市": [102.8394451, 24.88627211], "荆门市": [112.206393, 31.04173258], "泰安市": [117.0944948, 36.20585804], "日照市": [119.5334154, 35.422839], "肇庆市": [112.4714889, 23.05288877], "兰州市": [103.8405212, 36.06723469], "周口市": [114.7079827, 33.64308358], "高安市": [115.3670878, 28.44687077], "亳州市": [115.7844632, 33.8506427], "上海市": [121.4805389, 31.23592904], "潍坊市": [119.1683779, 36.71265155], "惠州市": [114.423558, 23.11635885], "邢台市": [114.5114623, 37.07668595], "株洲市": [113.1404708, 27.83356764], "泸州市": [105.4485241, 28.8776683], "衡水市": [115.6754061, 37.74519141], "芜湖市": [118.4394314, 31.35853666], "南京市": [118.8024217, 32.06465289], "台州市": [120.34, 28.50], "吉安市": [115.0005107, 27.11972683], "大连市": [121.6216315, 38.91895367], "福州市": [119.3034698, 26.08042942], "晋中市": [112.7595948, 37.69283941], "合肥市": [117.2334427, 31.82657783], "商丘市": [115.6624493, 34.42020167], "临沂市": [118.363533, 35.11067124], "广州市": [113.2714313, 23.13533631], "驻马店市": [114.0284708, 33.01784242], "舟山市": [122.2135563, 29.99091168], "南昌市": [115.8645894, 28.6894553], "北海市": [109.1265332, 21.4868365], "天水市": [105.7314167, 34.58741188], "唐山市": [118.1864595, 39.63658372], "宜春市": [114.4235637, 27.82085642], "济南市": [117.1263994, 36.6565542], "十堰市": [110.8045296, 32.63506186], "景德镇市": [117.1845764, 29.27424771], "滑州市": [116.4133837, 39.91092455],"济宁市":[116.59361234853988,35.420177394529645]}